Protein.Group	Protein.Ids	Protein.Names	Genes	First.Protein.Description	HeLa_50ng_2ACN01TFA_0015DDM_2uL_VNeo_Aurora15_16_23p65m150nlv18Zebra_DIA75msW83_TT0000230_B-A1_1_14631
A0A0B4J2D5;P0DPI2	A0A0B4J2D5;A0A0B4J2D5-2;P0DPI2;P0DPI2-2	GAL3A_HUMAN;GAL3B_HUMAN	GATD3A;GATD3B	Glutamine amidotransferase-like class 1 domain-containing protein 3B, mitochondrial	1.55665e+06
A0A0B4J2F0	A0A0B4J2F0	PIOS1_HUMAN	PIGBOS1	Protein PIGBOS1	190622
A0A0B4J2F2	A0A0B4J2F2	SIK1B_HUMAN	SIK1B	Probable serine/threonine-protein kinase SIK1B	138758
A0A1B0GTU1	A0A1B0GTU1	ZC11B_HUMAN	ZC3H11B	Zinc finger CCCH domain-containing protein 11B	30927
A0A1B0GTU1;O75152	A0A1B0GTU1;O75152	ZC11A_HUMAN;ZC11B_HUMAN	ZC3H11A;ZC3H11B	Zinc finger CCCH domain-containing protein 11B	335609
A0A1B0GUS4	A0A1B0GUS4	UB2L5_HUMAN	UBE2L5	Ubiquitin-conjugating enzyme E2 L5	67028
A0A1B0GUS4;P68036	A0A1B0GUS4;P68036;P68036-2;P68036-3	UB2L3_HUMAN;UB2L5_HUMAN	UBE2L3;UBE2L5	Ubiquitin-conjugating enzyme E2 L5	1.92104e+06
A0AV96	A0AV96;A0AV96-2	RBM47_HUMAN	RBM47	RNA-binding protein 47	712678
A0AVT1	A0AVT1;A0AVT1-2	UBA6_HUMAN	UBA6	Ubiquitin-like modifier-activating enzyme 6	2.69666e+06
A0FGR8;A0FGR8-2;A0FGR8-6	A0FGR8;A0FGR8-2;A0FGR8-4;A0FGR8-5;A0FGR8-6	ESYT2_HUMAN	ESYT2	Extended synaptotagmin-2	2.53039e+06
A0JLT2;A0JLT2-2	A0JLT2;A0JLT2-2	MED19_HUMAN	MED19	Mediator of RNA polymerase II transcription subunit 19	47359
A0JNW5	A0JNW5;A0JNW5-2	UH1BL_HUMAN	UHRF1BP1L	UHRF1-binding protein 1-like	289738
A0MZ66;A0MZ66-3	A0MZ66;A0MZ66-3;A0MZ66-5;A0MZ66-6;A0MZ66-7	SHOT1_HUMAN	SHTN1	Shootin-1	1.38812e+06
A0PJW6	A0PJW6	TM223_HUMAN	TMEM223	Transmembrane protein 223	254258
A0PK00	A0PK00	T120B_HUMAN	TMEM120B	Transmembrane protein 120B	180917
A1A4S6	A1A4S6	RHG10_HUMAN	ARHGAP10	Rho GTPase-activating protein 10	143511
A1L0T0	A1L0T0	ILVBL_HUMAN	ILVBL	Acetolactate synthase-like protein	1.72717e+06
A1L170;A1L170-2	A1L170;A1L170-2	CA226_HUMAN	C1orf226	Uncharacterized protein C1orf226	87806
A1L188	A1L188	NDUF8_HUMAN	NDUFAF8	NADH dehydrogenase [ubiquinone] 1 alpha subcomplex assembly factor 8	15411
A1L390;A1L390-3	A1L390;A1L390-2;A1L390-3	PKHG3_HUMAN	PLEKHG3	Pleckstrin homology domain-containing family G member 3	104372
A1X283	A1X283	SPD2B_HUMAN	SH3PXD2B	SH3 and PX domain-containing protein 2B	205579
A2RRD8;P0CJ79	A2RRD8;P0CJ79	ZN320_HUMAN;ZN888_HUMAN	ZNF320;ZNF888	Zinc finger protein 320	143127
A2RRP1	A2RRP1;A2RRP1-2	NBAS_HUMAN	NBAS	Neuroblastoma-amplified sequence	671131
A2RU67	A2RU67	F234B_HUMAN	FAM234B	Protein FAM234B	119672
A2RUB1;A2RUB1-1;A2RUB1-2;A2RUB1-5	A2RUB1;A2RUB1-2;A2RUB1-1;A2RUB1-5	MEIOC_HUMAN	MEIOC	Meiosis-specific coiled-coil domain-containing protein MEIOC	282413
A2RUR9;A2RUR9-2;Q8IYA2	A2RUR9;A2RUR9-2;Q8IYA2	C144A_HUMAN;C144C_HUMAN	CCDC144A;CCDC144CP	Coiled-coil domain-containing protein 144A	134810
A2RUS2;A2RUS2-2	A2RUS2;A2RUS2-2	DEND3_HUMAN	DENND3	DENN domain-containing protein 3	11962
A2RUT3	A2RUT3	TMM89_HUMAN	TMEM89	Transmembrane protein 89	115516
A2RUU4	A2RUU4	COLL1_HUMAN	CLPSL1	Colipase-like protein 1	48367
A3KMH1;A3KMH1-3	A3KMH1;A3KMH1-2;A3KMH1-3	VWA8_HUMAN	VWA8	von Willebrand factor A domain-containing protein 8	2.22867e+06
A3KN83;A3KN83-2	A3KN83;A3KN83-2;A3KN83-3	SBNO1_HUMAN	SBNO1	Protein strawberry notch homolog 1	277006
A3KN83;A3KN83-2;Q9Y2G9;Q9Y2G9-3	A3KN83;A3KN83-2;A3KN83-3;A3KN83-4;Q9Y2G9;Q9Y2G9-3	SBNO1_HUMAN;SBNO2_HUMAN	SBNO1;SBNO2	Protein strawberry notch homolog 1	56625
A4D1E9	A4D1E9;A4D1E9-2	GTPBA_HUMAN	GTPBP10	GTP-binding protein 10	689720
A4D1P6;A4D1P6-2	A4D1P6;A4D1P6-2;A4D1P6-3	WDR91_HUMAN	WDR91	WD repeat-containing protein 91	171133
A4D2H0;A4FU28;P0CG41;Q86UF2;Q8IX94	A4D2H0;Q8IX94;A4FU28;Q86UF2;P0CG41	CTGE4_HUMAN;CTGE6_HUMAN;CTGE8_HUMAN;CTGE9_HUMAN;CTGEF_HUMAN	CTAGE15;CTAGE4;CTAGE6;CTAGE8;CTAGE9	cTAGE family member 15	11676
A4QPH2;P42356	A4QPH2;A4QPH2-2;A4QPH2-4;P42356;P42356-2	PI4KA_HUMAN;PI4P2_HUMAN	PI4KA;PI4KAP2	Putative phosphatidylinositol 4-kinase alpha-like protein P2	45325
A5A3E0	A5A3E0	POTEF_HUMAN	POTEF	POTE ankyrin domain family member F	978820
A5A3E0;P0CG39	P60709;Q9BYX7;P63261;P0CG39;A5A3E0;Q6S8J3;P0CG38	POTEF_HUMAN;POTEJ_HUMAN	POTEF;POTEJ	POTE ankyrin domain family member F	1.07037e+07
A5A3E0;P0CG39;P68133	P60709;P62736;P68133;P63261;P68032;P63267;P63267-2;P0CG39;A5A3E0;Q6S8J3;P0CG38	ACTS_HUMAN;POTEF_HUMAN;POTEJ_HUMAN	ACTA1;POTEF;POTEJ	POTE ankyrin domain family member F	3.57464e+06
A5A3E0;P68133	P60709;P62736;P68133;P63261;P68032;P63267;P63267-2;A5A3E0;Q6S8J3;P0CG38	ACTS_HUMAN;POTEF_HUMAN	ACTA1;POTEF	POTE ankyrin domain family member F	1.94686e+07
A5A3E0;P68133;Q562R1	Q562R1;P60709;P62736;P68133;Q9BYX7;P63261;P68032;P63267;P63267-2;A5A3E0;Q6S8J3	ACTBL_HUMAN;ACTS_HUMAN;POTEF_HUMAN	ACTA1;ACTBL2;POTEF	POTE ankyrin domain family member F	5.05502e+06
A5D8V6	A5D8V6	VP37C_HUMAN	VPS37C	Vacuolar protein sorting-associated protein 37C	66676
A5PLN9;A5PLN9-2;A5PLN9-4;A5PLN9-5	A5PLN9;A5PLN9-2;A5PLN9-4;A5PLN9-5;A5PLN9-7	TPC13_HUMAN	TRAPPC13	Trafficking protein particle complex subunit 13	178531
A5YKK6	A5YKK6;A5YKK6-2;A5YKK6-3	CNOT1_HUMAN	CNOT1	CCR4-NOT transcription complex subunit 1	4.10742e+06
A6H8Y1;A6H8Y1-6;A6H8Y1-7	A6H8Y1;A6H8Y1-2;A6H8Y1-3;A6H8Y1-4;A6H8Y1-6;A6H8Y1-7	BDP1_HUMAN	BDP1	Transcription factor TFIIIB component B'' homolog	1.3746e+06
A6NCE7;Q9GZQ8	Q9GZQ8;A6NCE7	MLP3B_HUMAN;MP3B2_HUMAN	MAP1LC3B;MAP1LC3B2	Microtubule-associated proteins 1A/1B light chain 3 beta 2	40968
A6NDB9	A6NDB9	PALM3_HUMAN	PALM3	Paralemmin-3	1.99369e+06
A6NDG6	A6NDG6	PGP_HUMAN	PGP	Glycerol-3-phosphate phosphatase	1.08124e+06
A6NDU8	A6NDU8	CE051_HUMAN	C5orf51	UPF0600 protein C5orf51	506982
A6NED2	A6NED2	RCCD1_HUMAN	RCCD1	RCC1 domain-containing protein 1	251892
A6NES4	A6NES4	MRO2A_HUMAN	MROH2A	Maestro heat-like repeat-containing protein family member 2A	386756
A6NFE2	A6NFE2	SMCO2_HUMAN	SMCO2	Single-pass membrane and coiled-coil domain-containing protein 2	708817
A6NFI3	A6NFI3	ZN316_HUMAN	ZNF316	Zinc finger protein 316	715335
A6NFY7	A6NFY7	SDHF1_HUMAN	SDHAF1	Succinate dehydrogenase assembly factor 1, mitochondrial	15553
A6NHL2;A6NHL2-2	A6NHL2;A6NHL2-2	TBAL3_HUMAN	TUBAL3	Tubulin alpha chain-like 3	321781
A6NHL2;A6NHL2-2;P68366;P68366-2;Q9BQE3;Q9NY65;Q9NY65-2	Q71U36;Q71U36-2;P68363;P68363-2;Q6PEY2;Q9BQE3;Q9NY65;Q9NY65-2;P0DPH7;P0DPH8;P68366;P68366-2;A6NHL2;A6NHL2-2	TBA1C_HUMAN;TBA4A_HUMAN;TBA8_HUMAN;TBAL3_HUMAN	TUBA1C;TUBA4A;TUBA8;TUBAL3	Tubulin alpha chain-like 3	3.82257e+06
A6NHN0	A6NHN0	OTOL1_HUMAN	OTOL1	Otolin-1	1.3143e+06
A6NHQ2	A6NHQ2	FBLL1_HUMAN	FBLL1	rRNA/tRNA 2'-O-methyltransferase fibrillarin-like protein 1	2.25554e+06
A6NHQ2;P22087	P22087;A6NHQ2	FBLL1_HUMAN;FBRL_HUMAN	FBL;FBLL1	rRNA/tRNA 2'-O-methyltransferase fibrillarin-like protein 1	1.16249e+06
A6NHR9	A6NHR9;A6NHR9-2	SMHD1_HUMAN	SMCHD1	Structural maintenance of chromosomes flexible hinge domain-containing protein 1	3.14741e+06
A6NHT5	A6NHT5	HMX3_HUMAN	HMX3	Homeobox protein HMX3	65290
A6NHX0	A6NHX0	CAST2_HUMAN	CASTOR2	Cytosolic arginine sensor for mTORC1 subunit 2	51049
A6NIH7	A6NIH7	U119B_HUMAN	UNC119B	Protein unc-119 homolog B	406937
A6NJ78	A6NJ78	MET15_HUMAN	METTL15	Probable methyltransferase-like protein 15	139080
A6NKD9	A6NKD9	CC85C_HUMAN	CCDC85C	Coiled-coil domain-containing protein 85C	2628
A6NKF1	A6NKF1;A6NKF1-2	SAC31_HUMAN	SAC3D1	SAC3 domain-containing protein 1	59482
A6NKT7;Q7Z3J3	A6NKT7;Q7Z3J3	RGPD3_HUMAN;RGPD4_HUMAN	RGPD3;RGPD4	RanBP2-like and GRIP domain-containing protein 3	227326
A6NMB9	A6NMB9	FIGL2_HUMAN	FIGNL2	Putative fidgetin-like protein 2	38630
A6NNF4;A6NNF4-3	A6NNF4;A6NNF4-3	ZN726_HUMAN	ZNF726	Zinc finger protein 726	862918
A6NP11	A6NP11	ZN716_HUMAN	ZNF716	Zinc finger protein 716	432939
A6NP11;O14628;O14628-4;O14628-5;O14628-6;O14628-7;Q03936;Q03936-3;Q03938;Q6ZN08;Q8NB42;Q8NB42-2	Q5HY98;Q8NB42;Q8NB42-2;Q3MIS6;Q9NV72;Q9NV72-2;A2RRD8;Q8IYB9;Q86YE8;P0DPD5;Q96SE7;Q96SE7-2;Q8WV37;Q5JVG8;Q5JVG8-2;Q8TB69;A6NP11;P0CJ79;Q15929;P0CB33;A6NN14;Q5VIY5;Q9P2J8;B4DXR9;Q96IR2;Q03938;Q15928;Q96H40;P17035;O75346;Q8N859;Q5FWF6;Q5FWF6-3;P59923;Q76KX8;Q76KX8-2;Q3SXZ3;Q96JC4;Q9H7R5;O60765;Q6ZN06;Q6ZN08;Q03936;Q03936-3;Q9Y2Q1;Q9Y2Q1-2;Q9Y2Q1-4;Q86XN6;P17039;P17039-2;P17039-3;Q9HBT8;Q9HBT8-2;Q8N9Z0;Q8N9Z0-2;Q8IW36;Q8IW36-1;Q8IW36-2;Q8IW36-3;A8MT65;Q96LW1;Q09FC8-5;Q09FC8-6;Q96JL9;Q96JL9-3;O14628;O14628-4;O14628-5;O14628-6;O14628-7;O14628-8;Q08AN1;Q86XU0;Q8IYX0;Q7L2R6;Q7L2R6-2;Q7L2R6-3;Q6ZN19-3	ZN195_HUMAN;ZN527_HUMAN;ZN716_HUMAN;ZNF66_HUMAN;ZNF90_HUMAN;ZNF92_HUMAN	ZNF195;ZNF527;ZNF66;ZNF716;ZNF90;ZNF92	Zinc finger protein 716	36786
A6ZKI3;Q17RB0;Q9BWD3	Q17RB0;Q9BWD3;A6ZKI3	RTL8A_HUMAN;RTL8B_HUMAN;RTL8C_HUMAN	RTL8A;RTL8B;RTL8C	Retrotransposon Gag-like protein 8C	39447
A7E2V4;A7E2V4-3;A7E2V4-4;A7E2V4-5	A7E2V4;A7E2V4-2;A7E2V4-3;A7E2V4-4;A7E2V4-5	ZSWM8_HUMAN	ZSWIM8	Zinc finger SWIM domain-containing protein 8	226867
A8CG34	A8CG34;A8CG34-2	P121C_HUMAN	POM121C	Nuclear envelope pore membrane protein POM 121C	258878
A8CG34;Q96HA1	Q6PJE2;Q6PJE2-5;A8CG34;A8CG34-2;Q96HA1;Q96HA1-2;Q96HA1-3	P121A_HUMAN;P121C_HUMAN	POM121;POM121C	Nuclear envelope pore membrane protein POM 121C	491521
A8K855;A8K855-2	A8K855;A8K855-2	EFCB7_HUMAN	EFCAB7	EF-hand calcium-binding domain-containing protein 7	358472
A8K8P3;A8K8P3-10;A8K8P3-2;A8K8P3-3;A8K8P3-4;A8K8P3-5;A8K8P3-9	A8K8P3;A8K8P3-2;A8K8P3-3;A8K8P3-4;A8K8P3-5;A8K8P3-9;A8K8P3-10	SFI1_HUMAN	SFI1	Protein SFI1 homolog	44323
A8MQ03	A8MQ03	CRTP1_HUMAN	CYSRT1	Cysteine-rich tail protein 1	22957
A8MWD9;P62308	P62308;A8MWD9	RUXGL_HUMAN;RUXG_HUMAN	SNRPG;SNRPGP15	Putative small nuclear ribonucleoprotein G-like protein 15	1.0434e+06
A8MXV4	A8MXV4	NUD19_HUMAN	NUDT19	Nucleoside diphosphate-linked moiety X motif 19	789085
A9QM74	A9QM74	IMA8_HUMAN	KPNA7	Importin subunit alpha-8	397468
A9UHW6;A9UHW6-2;A9UHW6-3	A9UHW6;A9UHW6-2;A9UHW6-3	MI4GD_HUMAN	MIF4GD	MIF4G domain-containing protein	197257
B0I1T2	O94832;B0I1T2;B0I1T2-2;B0I1T2-3;B0I1T2-4	MYO1G_HUMAN	MYO1G	Unconventional myosin-Ig	4.40012e+06
B0YJ81	B0YJ81	HACD1_HUMAN	HACD1	Very-long-chain (3R)-3-hydroxyacyl-CoA dehydratase 1	15895
B1AJZ9;B1AJZ9-3;B1AJZ9-4	B1AJZ9;B1AJZ9-3;B1AJZ9-4	FHAD1_HUMAN	FHAD1	Forkhead-associated domain-containing protein 1	225870
B2RTY4;B2RTY4-2	B2RTY4;B2RTY4-2;B2RTY4-4;B2RTY4-5	MYO9A_HUMAN	MYO9A	Unconventional myosin-IXa	828943
B3EWF7	B3EWF7	EP2A2_HUMAN	EPM2A	Laforin, isoform 9	76325
B3KU38;B3KU38-2;P0DPB3;P0DPB3-2;P0DPB3-3;P0DPB3-4	B3KU38;B3KU38-2;P0DPB3;P0DPB3-2;P0DPB3-3;P0DPB3-4	IQIP1_HUMAN;SCHI1_HUMAN	IQCJ-SCHIP1;SCHIP1	IQCJ-SCHIP1 readthrough transcript protein	422203
B7ZAQ6;B7ZAQ6-2;B7ZAQ6-3;P0CG08	B7ZAQ6;B7ZAQ6-2;B7ZAQ6-3;P0CG08	GPHRA_HUMAN;GPHRB_HUMAN	GPR89A;GPR89B	Golgi pH regulator A	171687
C4AMC7;Q6VEQ5	Q6VEQ5;C4AMC7;A8K0Z3	WASH2_HUMAN;WASH3_HUMAN	WASH2P;WASH3P	Putative WAS protein family homolog 3	39816
C9J7I0	C9J7I0	UMAD1_HUMAN	UMAD1	UBAP1-MVB12-associated (UMA)-domain containing protein 1	11614
C9JN71;Q08AG5;Q6ZQV5;Q6ZQV5-2	C9JN71;Q08AG5;Q6ZQV5;Q6ZQV5-2	ZN788_HUMAN;ZN844_HUMAN;ZN878_HUMAN	ZNF788P;ZNF844;ZNF878	Zinc finger protein 878	99999
E9PAV3;E9PAV3-2;Q13765	Q13765;E9PAV3;E9PAV3-2	NACAM_HUMAN;NACA_HUMAN	NACA	Nascent polypeptide-associated complex subunit alpha, muscle-specific form	3.20745e+06
E9PAV3;E9PAV3-2;Q13765;Q9BZK3	Q13765;Q9BZK3;E9PAV3;E9PAV3-2	NACAM_HUMAN;NACA_HUMAN;NACP4_HUMAN	NACA;NACA4P	Nascent polypeptide-associated complex subunit alpha, muscle-specific form	1.06008e+06
E9PAV3;E9PAV3-2;Q13765;Q9BZK3;Q9H009	Q13765;Q9BZK3;E9PAV3;E9PAV3-2;Q9H009	NACA2_HUMAN;NACAM_HUMAN;NACA_HUMAN;NACP4_HUMAN	NACA;NACA2;NACA4P	Nascent polypeptide-associated complex subunit alpha, muscle-specific form	24931
E9PRG8	E9PRG8	CK098_HUMAN	C11orf98	Uncharacterized protein C11orf98	347401
G2XKQ0;P63165	G2XKQ0;P63165	SUMO1_HUMAN;SUMO5_HUMAN	SUMO1;SUMO1P1	Small ubiquitin-related modifier 5	59343
H7BZ55	H7BZ55	CRCC2_HUMAN	CROCC2	Putative ciliary rootlet coiled-coil protein 2	142966
I3L3R5	I3L3R5	CCER2_HUMAN	CCER2	Coiled-coil domain-containing glutamate-rich protein 2	283170
L0R6Q1	L0R6Q1	S35U4_HUMAN	SLC35A4	SLC35A4 upstream open reading frame protein	659470
L0R8F8	L0R8F8	MIDUO_HUMAN	MIEF1	MIEF1 upstream open reading frame protein	189923
O00115;O00115-2	O00115;O00115-2	DNS2A_HUMAN	DNASE2	Deoxyribonuclease-2-alpha	531235
O00116	O00116	ADAS_HUMAN	AGPS	Alkyldihydroxyacetonephosphate synthase, peroxisomal	3.97966e+06
O00124;O00124-3	O00124;O00124-3	UBXN8_HUMAN	UBXN8	UBX domain-containing protein 8	7041
O00139;O00139-4	O00139;O00139-1;O00139-2;O00139-4;O00139-5	KIF2A_HUMAN	KIF2A	Kinesin-like protein KIF2A	4.87025e+06
O00142;O00142-2;O00142-4;O00142-6	O00142;O00142-2;O00142-4;O00142-6	KITM_HUMAN	TK2	Thymidine kinase 2, mitochondrial	64939
O00148	O00148;O00148-2;O00148-3	DX39A_HUMAN	DDX39A	ATP-dependent RNA helicase DDX39A	2.45254e+06
O00148;Q13838;Q13838-2	Q13838;Q13838-2;O00148;O00148-2;O00148-3	DX39A_HUMAN;DX39B_HUMAN	DDX39A;DDX39B	ATP-dependent RNA helicase DDX39A	1.03265e+07
O00151	O00151	PDLI1_HUMAN	PDLIM1	PDZ and LIM domain protein 1	1.3274e+06
O00154;O00154-4;O00154-6;O00154-7	O00154;O00154-2;O00154-3;O00154-4;O00154-5;O00154-6;O00154-7	BACH_HUMAN	ACOT7	Cytosolic acyl coenzyme A thioester hydrolase	2.10685e+06
O00159;O00159-3	O00159;O00159-2;O00159-3	MYO1C_HUMAN	MYO1C	Unconventional myosin-Ic	3.6407e+06
O00160	O00160	MYO1F_HUMAN	MYO1F	Unconventional myosin-If	393596
O00160;Q12965	Q12965;O00160	MYO1E_HUMAN;MYO1F_HUMAN	MYO1E;MYO1F	Unconventional myosin-If	507051
O00161	O00161	SNP23_HUMAN	SNAP23	Synaptosomal-associated protein 23	445827
O00165;O00165-2	O00165;O00165-2;O00165-3;O00165-5	HAX1_HUMAN	HAX1	HCLS1-associated protein X-1	1.14062e+06
O00170	O00170	AIP_HUMAN	AIP	AH receptor-interacting protein	2.85739e+06
O00178	O00178	GTPB1_HUMAN	GTPBP1	GTP-binding protein 1	1.20048e+06
O00180	O00180	KCNK1_HUMAN	KCNK1	Potassium channel subfamily K member 1	11866
O00186	O00186	STXB3_HUMAN	STXBP3	Syntaxin-binding protein 3	2.19928e+06
O00189	O00189	AP4M1_HUMAN	AP4M1	AP-4 complex subunit mu-1	109645
O00193	O00193	SMAP_HUMAN	SMAP	Small acidic protein	2.43796e+06
O00194	O00194	RB27B_HUMAN	RAB27B	Ras-related protein Rab-27B	232264
O00194;P51159;P51159-2	O00194;P51159;P51159-2	RB27A_HUMAN;RB27B_HUMAN	RAB27A;RAB27B	Ras-related protein Rab-27B	107170
O00203	Q13367;Q13367-4;O00203;O00203-3	AP3B1_HUMAN	AP3B1	AP-3 complex subunit beta-1	2.30148e+06
O00217	O00217	NDUS8_HUMAN	NDUFS8	NADH dehydrogenase [ubiquinone] iron-sulfur protein 8, mitochondrial	2.04643e+06
O00220	O00220	TR10A_HUMAN	TNFRSF10A	Tumor necrosis factor receptor superfamily member 10A	19120
O00221	O00221	IKBE_HUMAN	NFKBIE	NF-kappa-B inhibitor epsilon	329358
O00231;O00231-2	O00231;O00231-2	PSD11_HUMAN	PSMD11	26S proteasome non-ATPase regulatory subunit 11	4.82711e+06
O00232	O00232;O00232-2	PSD12_HUMAN	PSMD12	26S proteasome non-ATPase regulatory subunit 12	4.50565e+06
O00233	O00233;O00233-2	PSMD9_HUMAN	PSMD9	26S proteasome non-ATPase regulatory subunit 9	1.99724e+06
O00244	O00244	ATOX1_HUMAN	ATOX1	Copper transport protein ATOX1	425698
O00255;O00255-2	O00255;O00255-2;O00255-3	MEN1_HUMAN	MEN1	Menin	234474
O00257	O00257;O00257-3	CBX4_HUMAN	CBX4	E3 SUMO-protein ligase CBX4	279751
O00264	O00264;O00264-2	PGRC1_HUMAN	PGRMC1	Membrane-associated progesterone receptor component 1	2.25597e+06
O00264;O15173;O15173-2	O00264;O15173;O15173-2	PGRC1_HUMAN;PGRC2_HUMAN	PGRMC1;PGRMC2	Membrane-associated progesterone receptor component 1	182794
O00267	O00267;O00267-2	SPT5H_HUMAN	SUPT5H	Transcription elongation factor SPT5	3.49941e+06
O00268	O00268	TAF4_HUMAN	TAF4	Transcription initiation factor TFIID subunit 4	215774
O00273	O00273	DFFA_HUMAN	DFFA	DNA fragmentation factor subunit alpha	894058
O00287	O00287	RFXAP_HUMAN	RFXAP	Regulatory factor X-associated protein	86492
O00291;O00291-4	O00291;O00291-3;O00291-4	HIP1_HUMAN	HIP1	Huntingtin-interacting protein 1	418581
O00291;O00291-4;O75146	O75146;O00291;O00291-3;O00291-4	HIP1R_HUMAN;HIP1_HUMAN	HIP1;HIP1R	Huntingtin-interacting protein 1	82330
O00299	O00299	CLIC1_HUMAN	CLIC1	Chloride intracellular channel protein 1	8.49576e+06
O00303	O00303	EIF3F_HUMAN	EIF3F	Eukaryotic translation initiation factor 3 subunit F	4.46918e+06
O00308	O00308;O00308-2;O00308-4	WWP2_HUMAN	WWP2	NEDD4-like E3 ubiquitin-protein ligase WWP2	91879
O00308;Q96J02;Q96J02-2;Q9H0M0;Q9H0M0-3;Q9H0M0-6	O00308;O00308-2;O00308-3;Q96J02;Q96J02-2;Q96J02-3;Q9H0M0;Q9H0M0-3;Q9H0M0-6	ITCH_HUMAN;WWP1_HUMAN;WWP2_HUMAN	ITCH;WWP1;WWP2	NEDD4-like E3 ubiquitin-protein ligase WWP2	36887
O00311	O00311	CDC7_HUMAN	CDC7	Cell division cycle 7-related protein kinase	197858
O00330;O00330-3	O00330;O00330-3	ODPX_HUMAN	PDHX	Pyruvate dehydrogenase protein X component, mitochondrial	647328
O00391;O00391-2	O00391;O00391-2	QSOX1_HUMAN	QSOX1	Sulfhydryl oxidase 1	439148
O00399	O00399	DCTN6_HUMAN	DCTN6	Dynactin subunit 6	154817
O00400	O00400	ACATN_HUMAN	SLC33A1	Acetyl-coenzyme A transporter 1	198590
O00401	O00401	WASL_HUMAN	WASL	Neural Wiskott-Aldrich syndrome protein	296785
O00410;O00410-3	O00410;O00410-2;O00410-3	IPO5_HUMAN	IPO5	Importin-5	1.15869e+07
O00410;O00410-3;O60518	O00410;O00410-2;O00410-3;O60518	IPO5_HUMAN;RNBP6_HUMAN	IPO5;RANBP6	Importin-5	670890
O00411	O00411	RPOM_HUMAN	POLRMT	DNA-directed RNA polymerase, mitochondrial	421216
O00418	O00418	EF2K_HUMAN	EEF2K	Eukaryotic elongation factor 2 kinase	118934
O00422;O00422-2	O00422;O00422-2	SAP18_HUMAN	SAP18	Histone deacetylase complex subunit SAP18	1.68829e+06
O00423;O00423-3	O00423;O00423-3	EMAL1_HUMAN	EML1	Echinoderm microtubule-associated protein-like 1	114583
O00425	O00425;O00425-2	IF2B3_HUMAN	IGF2BP3	Insulin-like growth factor 2 mRNA-binding protein 3	4.76669e+06
O00425;Q9NZI8;Q9Y6M1;Q9Y6M1-1;Q9Y6M1-3;Q9Y6M1-4;Q9Y6M1-5;Q9Y6M1-6	Q9Y6M1;Q9Y6M1-1;Q9Y6M1-3;Q9Y6M1-4;Q9Y6M1-5;Q9Y6M1-6;Q9NZI8;Q9NZI8-2;O00425;O00425-2	IF2B1_HUMAN;IF2B2_HUMAN;IF2B3_HUMAN	IGF2BP1;IGF2BP2;IGF2BP3	Insulin-like growth factor 2 mRNA-binding protein 3	292840
O00429	O00429;O00429-2;O00429-3;O00429-4;O00429-5;O00429-6;O00429-7;O00429-8;O00429-9	DNM1L_HUMAN	DNM1L	Dynamin-1-like protein	4.03388e+06
O00442	O00442;O00442-2	RTCA_HUMAN	RTCA	RNA 3'-terminal phosphate cyclase	515326
O00443	O00443	P3C2A_HUMAN	PIK3C2A	Phosphatidylinositol 4-phosphate 3-kinase C2 domain-containing subunit alpha	553448
O00445;O00445-2	O00445;O00445-2	SYT5_HUMAN	SYT5	Synaptotagmin-5	13559
O00458	O00458;O00458-2	IFRD1_HUMAN	IFRD1	Interferon-related developmental regulator 1	508981
O00459	O00459	P85B_HUMAN	PIK3R2	Phosphatidylinositol 3-kinase regulatory subunit beta	123055
O00459;P27986;P27986-2;P27986-3;P27986-4;P27986-5	O00459;Q92569;Q92569-2;Q92569-3;P27986;P27986-2;P27986-3;P27986-4;P27986-5	P85A_HUMAN;P85B_HUMAN	PIK3R1;PIK3R2	Phosphatidylinositol 3-kinase regulatory subunit beta	32582
O00461	O00461	GOLI4_HUMAN	GOLIM4	Golgi integral membrane protein 4	497297
O00462	O00462	MANBA_HUMAN	MANBA	Beta-mannosidase	60541
O00468;O00468-3;O00468-4;O00468-5;O00468-6;O00468-7	O00468;O00468-3;O00468-4;O00468-5;O00468-6;O00468-7	AGRIN_HUMAN	AGRN	Agrin	913487
O00469;O00469-2	O00469;O00469-2;O00469-3	PLOD2_HUMAN	PLOD2	Procollagen-lysine,2-oxoglutarate 5-dioxygenase 2	292053
O00471	O00471	EXOC5_HUMAN	EXOC5	Exocyst complex component 5	485329
O00478;O00478-2;O00481;O00481-2;O00481-3;O00481-4;P78410;P78410-2;P78410-3	O00478;O00478-2;P78410;P78410-2;P78410-3;O00481;O00481-2;O00481-3;O00481-4	BT3A1_HUMAN;BT3A2_HUMAN;BT3A3_HUMAN	BTN3A1;BTN3A2;BTN3A3	Butyrophilin subfamily 3 member A3	15201
O00479	O00479	HMGN4_HUMAN	HMGN4	High mobility group nucleosome-binding domain-containing protein 4	251706
O00483	O00483	NDUA4_HUMAN	NDUFA4	Cytochrome c oxidase subunit NDUFA4	2.12057e+06
O00487	O00487	PSDE_HUMAN	PSMD14	26S proteasome non-ATPase regulatory subunit 14	1.01399e+06
O00488	O00488	ZN593_HUMAN	ZNF593	Zinc finger protein 593	138404
O00499;O00499-10;O00499-11;O00499-2;O00499-3;O00499-4;O00499-5;O00499-6;O00499-7;O00499-8;O00499-9	O00499;O00499-2;O00499-3;O00499-4;O00499-5;O00499-6;O00499-7;O00499-8;O00499-9;O00499-10;O00499-11	BIN1_HUMAN	BIN1	Myc box-dependent-interacting protein 1	892987
O00505	O00505	IMA4_HUMAN	KPNA3	Importin subunit alpha-4	769010
O00505;O00629	O00505;O00629	IMA3_HUMAN;IMA4_HUMAN	KPNA3;KPNA4	Importin subunit alpha-4	575260
O00506;O00506-2;O00506-3	O00506;O00506-2;O00506-3	STK25_HUMAN	STK25	Serine/threonine-protein kinase 25	30434
O00506;O00506-2;O00506-3;Q9P289	O00506;O00506-2;O00506-3;Q9P289;Q9P289-2	STK25_HUMAN;STK26_HUMAN	STK25;STK26	Serine/threonine-protein kinase 25	234806
O00506;O00506-2;O00506-3;Q9P289;Q9Y6E0	Q9Y6E0;Q9Y6E0-2;O00506;O00506-2;O00506-3;Q9P289;Q9P289-2	STK24_HUMAN;STK25_HUMAN;STK26_HUMAN	STK24;STK25;STK26	Serine/threonine-protein kinase 25	539116
O00507-2	O00507;O00507-2	USP9Y_HUMAN	USP9Y	Isoform Short of Probable ubiquitin carboxyl-terminal hydrolase FAF-Y	158006
O00507-2;Q93008;Q93008-1	O00507;O00507-2;Q93008;Q93008-1	USP9X_HUMAN;USP9Y_HUMAN	USP9X;USP9Y	Isoform Short of Probable ubiquitin carboxyl-terminal hydrolase FAF-Y	1.60957e+06
O00534	O00534;O00534-2;O00534-3;O00534-4	VMA5A_HUMAN	VWA5A	von Willebrand factor A domain-containing protein 5A	734507
O00541	O00541;O00541-2	PESC_HUMAN	PES1	Pescadillo homolog	2.25308e+06
O00560	O00560;O00560-2	SDCB1_HUMAN	SDCBP	Syntenin-1	627496
O00562;O00562-2	O00562;O00562-2	PITM1_HUMAN	PITPNM1	Membrane-associated phosphatidylinositol transfer protein 1	327333
O00566	O00566	MPP10_HUMAN	MPHOSPH10	U3 small nucleolar ribonucleoprotein protein MPP10	943882
O00567	O00567	NOP56_HUMAN	NOP56	Nucleolar protein 56	6.02714e+06
O00571;O00571-2	O00571;O00571-2;O15523;O15523-2;O15523-3	DDX3X_HUMAN	DDX3X	ATP-dependent RNA helicase DDX3X	1.10806e+07
O00571;O00571-2;P17844;Q92841	O00571;O00571-2;P17844;P17844-2;Q92841;Q92841-1;Q92841-2;Q92841-3;O15523;O15523-2	DDX17_HUMAN;DDX3X_HUMAN;DDX5_HUMAN	DDX17;DDX3X;DDX5	ATP-dependent RNA helicase DDX3X	1.56718e+06
O00584	O00584;O00584-2	RNT2_HUMAN	RNASET2	Ribonuclease T2	26067
O00592;O00592-2	O00592;O00592-2	PODXL_HUMAN	PODXL	Podocalyxin	2.6205e+06
O00625	O00625	PIR_HUMAN	PIR	Pirin	1.12602e+06
O00629	O00629	IMA3_HUMAN	KPNA4	Importin subunit alpha-3	1.95934e+06
O00635	O00635	TRI38_HUMAN	TRIM38	E3 ubiquitin-protein ligase TRIM38	105342
O00712;O00712-4;O00712-5	O00712;O00712-4;O00712-5;O00712-6	NFIB_HUMAN	NFIB	Nuclear factor 1 B-type	231000
O00712;O00712-4;O00712-5;P08651;P08651-2;P08651-3;P08651-4;P08651-5;P08651-6;Q12857;Q12857-2;Q12857-3;Q12857-4	O00712;O00712-2;O00712-4;O00712-5;Q14938;Q14938-2;Q14938-3;Q14938-4;Q14938-5;Q14938-6;Q12857;Q12857-2;Q12857-3;Q12857-4;P08651;P08651-2;P08651-3;P08651-4;P08651-5;P08651-6	NFIA_HUMAN;NFIB_HUMAN;NFIC_HUMAN	NFIA;NFIB;NFIC	Nuclear factor 1 B-type	132752
O00743;O00743-3	O00743;O00743-2;O00743-3	PPP6_HUMAN	PPP6C	Serine/threonine-protein phosphatase 6 catalytic subunit	891467
O00750	O00750	P3C2B_HUMAN	PIK3C2B	Phosphatidylinositol 4-phosphate 3-kinase C2 domain-containing subunit beta	494077
O00754;O00754-2	O00754;O00754-2	MA2B1_HUMAN	MAN2B1	Lysosomal alpha-mannosidase	661465
O00762;O00762-3;O00762-4	O00762;O00762-2;O00762-3;O00762-4	UBE2C_HUMAN	UBE2C	Ubiquitin-conjugating enzyme E2 C	57422
O00763;O00763-2;O00763-3	O00763;O00763-2;O00763-3	ACACB_HUMAN	ACACB	Acetyl-CoA carboxylase 2	175459
O00763;O00763-2;O00763-3;Q13085;Q13085-4	O00763;O00763-2;O00763-3;Q13085;Q13085-2;Q13085-3;Q13085-4	ACACA_HUMAN;ACACB_HUMAN	ACACA;ACACB	Acetyl-CoA carboxylase 2	630654
O00764	O00764;O00764-3	PDXK_HUMAN	PDXK	Pyridoxal kinase	2.64242e+06
O00767	O00767	ACOD_HUMAN	SCD	Acyl-CoA desaturase	1.59317e+06
O14493;O15551;O95484;P56747	P56747;O14493;O15551;O95484	CLD3_HUMAN;CLD4_HUMAN;CLD6_HUMAN;CLD9_HUMAN	CLDN3;CLDN4;CLDN6;CLDN9	Claudin-4	158718
O14497	O14497;O14497-2;O14497-3	ARI1A_HUMAN	ARID1A	AT-rich interactive domain-containing protein 1A	707149
O14497;Q8NFD5;Q8NFD5-2;Q8NFD5-3	Q8NFD5;Q8NFD5-2;Q8NFD5-3;Q8NFD5-4;O14497;O14497-2;O14497-3	ARI1A_HUMAN;ARI1B_HUMAN	ARID1A;ARID1B	AT-rich interactive domain-containing protein 1A	74693
O14519;O14519-2;O75956	O75956;O14519;O14519-2	CDKA1_HUMAN;CDKA2_HUMAN	CDK2AP1;CDK2AP2	Cyclin-dependent kinase 2-associated protein 1	17911
O14521;O14521-2	O14521;O14521-2	DHSD_HUMAN	SDHD	Succinate dehydrogenase [ubiquinone] cytochrome b small subunit, mitochondrial	160286
O14523;O14523-2	O14523;O14523-2	C2C2L_HUMAN	C2CD2L	Phospholipid transfer protein C2CD2L	27371
O14529	O14529	CUX2_HUMAN	CUX2	Homeobox protein cut-like 2	528229
O14530;O14530-2	O14530;O14530-2	TXND9_HUMAN	TXNDC9	Thioredoxin domain-containing protein 9	137132
O14531	O14531	DPYL4_HUMAN	DPYSL4	Dihydropyrimidinase-related protein 4	323489
O14545	O14545	TRAD1_HUMAN	TRAFD1	TRAF-type zinc finger domain-containing protein 1	32321
O14548	O14548	COX7R_HUMAN	COX7A2L	Cytochrome c oxidase subunit 7A-related protein, mitochondrial	279675
O14561	O14561	ACPM_HUMAN	NDUFAB1	Acyl carrier protein, mitochondrial	1.60204e+06
O14562	O14562	UBFD1_HUMAN	UBFD1	Ubiquitin domain-containing protein UBFD1	798221
O14578;O14578-4	O14578;O14578-2;O14578-4	CTRO_HUMAN	CIT	Citron Rho-interacting kinase	290934
O14579	O14579;O14579-2	COPE_HUMAN	COPE	Coatomer subunit epsilon	2.29276e+06
O14593	O14593	RFXK_HUMAN	RFXANK	DNA-binding protein RFXANK	16077
O14617;O14617-5	O14617;O14617-4;O14617-5	AP3D1_HUMAN	AP3D1	AP-3 complex subunit delta-1	2.3033e+06
O14618	O14618	CCS_HUMAN	CCS	Copper chaperone for superoxide dismutase	439109
O14627	O14627	CDX4_HUMAN	CDX4	Homeobox protein CDX-4	68010
O14628;O14628-4;O14628-5;O14628-6;O14628-7	O14628;O14628-4;O14628-5;O14628-6;O14628-7	ZN195_HUMAN	ZNF195	Zinc finger protein 195	172595
O14639;O14639-2;O14639-3;O14639-5;O14639-6	O14639;O14639-2;O14639-3;O14639-4;O14639-5;O14639-6	ABLM1_HUMAN	ABLIM1	Actin-binding LIM protein 1	644190
O14641	O14641	DVL2_HUMAN	DVL2	Segment polarity protein dishevelled homolog DVL-2	92220
O14641;P54792;P54792-2;Q92997	O14640;O14640-2;P54792;P54792-2;O14641;Q92997;Q92997-2	DVL2_HUMAN;DVL3_HUMAN;DVLP1_HUMAN	DVL1P1;DVL2;DVL3	Segment polarity protein dishevelled homolog DVL-2	123271
O14641;Q92997	O14641;Q92997;Q92997-2	DVL2_HUMAN;DVL3_HUMAN	DVL2;DVL3	Segment polarity protein dishevelled homolog DVL-2	10397
O14646;O14646-2	O14646;O14646-2	CHD1_HUMAN	CHD1	Chromodomain-helicase-DNA-binding protein 1	565537
O14646;O14646-2;O14647;O14647-2	O14646;O14646-2;O14647;O14647-2	CHD1_HUMAN;CHD2_HUMAN	CHD1;CHD2	Chromodomain-helicase-DNA-binding protein 1	304911
O14647;O14647-2	O14647;O14647-2	CHD2_HUMAN	CHD2	Chromodomain-helicase-DNA-binding protein 2	980321
O14653;O14653-2	O14653;O14653-2;O14653-3	GOSR2_HUMAN	GOSR2	Golgi SNAP receptor complex member 2	142449
O14656	O14656	TOR1A_HUMAN	TOR1A	Torsin-1A	734855
O14657	O14657	TOR1B_HUMAN	TOR1B	Torsin-1B	653330
O14662;O14662-2;O14662-4;O14662-5	O14662;O14662-2;O14662-3;O14662-4;O14662-5;O14662-6	STX16_HUMAN	STX16	Syntaxin-16	151782
O14672	O14672	ADA10_HUMAN	ADAM10	Disintegrin and metalloproteinase domain-containing protein 10	955405
O14681	O14681;O14681-3	EI24_HUMAN	EI24	Etoposide-induced protein 2.4 homolog	113041
O14684	O14684	PTGES_HUMAN	PTGES	Prostaglandin E synthase	118586
O14686;O14686-3	O14686;O14686-3	KMT2D_HUMAN	KMT2D	Histone-lysine N-methyltransferase 2D	283390
O14713;O14713-2	O14713;O14713-2	ITBP1_HUMAN	ITGB1BP1	Integrin beta-1-binding protein 1	4710
O14715;Q99666;Q99666-2	O14715;Q99666;Q99666-2	RGPD5_HUMAN;RGPD8_HUMAN	RGPD5;RGPD8	RANBP2-like and GRIP domain-containing protein 8	95066
O14727;O14727-4;O14727-5	O14727;O14727-2;O14727-3;O14727-4;O14727-5;O14727-6	APAF_HUMAN	APAF1	Apoptotic protease-activating factor 1	158942
O14730;O14730-2	O14730;O14730-2	RIOK3_HUMAN	RIOK3	Serine/threonine-protein kinase RIO3	255661
O14732;O14732-2	O14732;O14732-2	IMPA2_HUMAN	IMPA2	Inositol monophosphatase 2	237303
O14733;O14733-4	O14733;O14733-2;O14733-3;O14733-4	MP2K7_HUMAN	MAP2K7	Dual specificity mitogen-activated protein kinase kinase 7	268166
O14734	O14734	ACOT8_HUMAN	ACOT8	Acyl-coenzyme A thioesterase 8	2.66014e+06
O14735;O14735-3	O14735;O14735-3	CDIPT_HUMAN	CDIPT	CDP-diacylglycerol--inositol 3-phosphatidyltransferase	461853
O14737	O14737;O14737-2	PDCD5_HUMAN	PDCD5	Programmed cell death protein 5	1.31787e+06
O14744	O14744;O14744-2;O14744-4;O14744-5;O14744-3	ANM5_HUMAN	PRMT5	Protein arginine N-methyltransferase 5	2.60802e+06
O14745	O14745;O14745-2	NHRF1_HUMAN	SLC9A3R1	Na(+)/H(+) exchange regulatory cofactor NHE-RF1	1.89357e+06
O14757;O14757-2	O14757;O14757-2;O14757-3	CHK1_HUMAN	CHEK1	Serine/threonine-protein kinase Chk1	209434
O14763;O14763-2	O14763;O14763-2	TR10B_HUMAN	TNFRSF10B	Tumor necrosis factor receptor superfamily member 10B	184005
O14772	O14772;O14772-2	FPGT_HUMAN	FPGT	Fucose-1-phosphate guanylyltransferase	155796
O14773	O14773;O14773-2	TPP1_HUMAN	TPP1	Tripeptidyl-peptidase 1	2.38022e+06
O14776;O14776-2	O14776;O14776-2	TCRG1_HUMAN	TCERG1	Transcription elongation regulator 1	3.41218e+06
O14777	O14777	NDC80_HUMAN	NDC80	Kinetochore protein NDC80 homolog	384392
O14786;O14786-2;O14786-3	O14786;O14786-2;O14786-3	NRP1_HUMAN	NRP1	Neuropilin-1	47993
O14787-2	O14787;O14787-2	TNPO2_HUMAN	TNPO2	Isoform 2 of Transportin-2	516101
O14787-2;Q92973;Q92973-2	O14787-2;Q92973;Q92973-2;Q92973-3	TNPO1_HUMAN;TNPO2_HUMAN	TNPO1;TNPO2	Isoform 2 of Transportin-2	1.25624e+06
O14795;O14795-2	O14795;O14795-2	UN13B_HUMAN	UNC13B	Protein unc-13 homolog B	38846
O14802	O14802	RPC1_HUMAN	POLR3A	DNA-directed RNA polymerase III subunit RPC1	1.64723e+06
O14818	O14818;O14818-2	PSA7_HUMAN	PSMA7	Proteasome subunit alpha type-7	3.83199e+06
O14828	O14828;O14828-2	SCAM3_HUMAN	SCAMP3	Secretory carrier-associated membrane protein 3	2.37036e+06
O14832;O14832-2	O14832;O14832-2	PAHX_HUMAN	PHYH	Phytanoyl-CoA dioxygenase, peroxisomal	47769
O14841	O14841	OPLA_HUMAN	OPLAH	5-oxoprolinase	106884
O14867	O14867	BACH1_HUMAN	BACH1	Transcription regulator protein BACH1	120241
O14874;O14874-2;O14874-3	O14874;O14874-2;O14874-3	BCKD_HUMAN	BCKDK	[3-methyl-2-oxobutanoate dehydrogenase [lipoamide]] kinase, mitochondrial	123688
O14879	O14879	IFIT3_HUMAN	IFIT3	Interferon-induced protein with tetratricopeptide repeats 3	78026
O14880	O14880	MGST3_HUMAN	MGST3	Microsomal glutathione S-transferase 3	309599
O14893;O14893-2;O14893-3	O14893;O14893-2;O14893-3	GEMI2_HUMAN	GEMIN2	Gem-associated protein 2	424499
O14896;O14896-2	O14896;O14896-2	IRF6_HUMAN	IRF6	Interferon regulatory factor 6	353713
O14907	O14907	TX1B3_HUMAN	TAX1BP3	Tax1-binding protein 3	108754
O14908	Q8TF64;O14908;O14908-2	GIPC1_HUMAN	GIPC1	PDZ domain-containing protein GIPC1	787291
O14920	O14920;O14920-2;O14920-4	IKKB_HUMAN	IKBKB	Inhibitor of nuclear factor kappa-B kinase subunit beta	1.70952e+06
O14925;Q5SRD1	Q5SRD1;O14925	TI23B_HUMAN;TIM23_HUMAN	TIMM23;TIMM23B	Mitochondrial import inner membrane translocase subunit Tim23	243028
O14929	O14929;O14929-2	HAT1_HUMAN	HAT1	Histone acetyltransferase type B catalytic subunit	1.37568e+06
O14936;O14936-3	O14936;O14936-2;O14936-3;O14936-4;O14936-6	CSKP_HUMAN	CASK	Peripheral plasma membrane protein CASK	802348
O14939;O14939-3;O14939-4	O14939;O14939-3;O14939-4	PLD2_HUMAN	PLD2	Phospholipase D2	8178
O14949	O14949	QCR8_HUMAN	UQCRQ	Cytochrome b-c1 complex subunit 8	197184
O14950;P19105	P19105;O14950	ML12A_HUMAN;ML12B_HUMAN	MYL12A;MYL12B	Myosin regulatory light chain 12B	4.89891e+06
O14957	O14957	QCR10_HUMAN	UQCR11	Cytochrome b-c1 complex subunit 10	105829
O14964	O14964;O14964-2	HGS_HUMAN	HGS	Hepatocyte growth factor-regulated tyrosine kinase substrate	781652
O14965	O14965	AURKA_HUMAN	AURKA	Aurora kinase A	151997
O14967	O14967	CLGN_HUMAN	CLGN	Calmegin	507020
O14972;O14972-2	O14972;O14972-2	VP26C_HUMAN	VPS26C	Vacuolar protein sorting-associated protein 26C	35322
O14974	O14974;O14974-2;O14974-3;O14974-4	MYPT1_HUMAN	PPP1R12A	Protein phosphatase 1 regulatory subunit 12A	1.66167e+06
O14975	O14975;O14975-2	S27A2_HUMAN	SLC27A2	Very long-chain acyl-CoA synthetase	4.98777e+06
O14976	O14976;O14976-2	GAK_HUMAN	GAK	Cyclin-G-associated kinase	672744
O14977	O14977	AZIN1_HUMAN	AZIN1	Antizyme inhibitor 1	19463
O14979	O14979;O14979-2;O14979-3	HNRDL_HUMAN	HNRNPDL	Heterogeneous nuclear ribonucleoprotein D-like	6.30286e+06
O14979;Q14103;Q14103-2;Q14103-3;Q14103-4	Q14103;Q14103-2;Q14103-3;Q14103-4;O14979;O14979-2;O14979-3	HNRDL_HUMAN;HNRPD_HUMAN	HNRNPD;HNRNPDL	Heterogeneous nuclear ribonucleoprotein D-like	282747
O14979;Q99729;Q99729-2;Q99729-3;Q99729-4	Q99729;Q99729-2;Q99729-3;Q99729-4;O14979;O14979-2;O14979-3	HNRDL_HUMAN;ROAA_HUMAN	HNRNPAB;HNRNPDL	Heterogeneous nuclear ribonucleoprotein D-like	2.45e+06
O14980	O14980	XPO1_HUMAN	XPO1	Exportin-1	1.18607e+07
O14981	O14981	BTAF1_HUMAN	BTAF1	TATA-binding protein-associated factor 172	949081
O15013;O15013-4;O15013-5;O15013-6;O15013-7	O15013;O15013-6;O15013-7;O15013-4;O15013-5	ARHGA_HUMAN	ARHGEF10	Rho guanine nucleotide exchange factor 10	342824
O15014	O15014	ZN609_HUMAN	ZNF609	Zinc finger protein 609	246143
O15015;O15015-1	O15015;O15015-1	ZN646_HUMAN	ZNF646	Zinc finger protein 646	42195
O15020	O15020;O15020-2	SPTN2_HUMAN	SPTBN2	Spectrin beta chain, non-erythrocytic 2	2.46029e+06
O15020;P11277;P11277-2;P11277-3;Q01082	O15020;O15020-2;Q01082;Q01082-2;Q01082-3;P11277;P11277-2;P11277-3;Q9H254;Q9H254-2;Q9H254-4	SPTB1_HUMAN;SPTB2_HUMAN;SPTN2_HUMAN	SPTB;SPTBN1;SPTBN2	Spectrin beta chain, non-erythrocytic 2	817114
O15020;Q01082	O15020;O15020-2;Q01082;Q01082-2;Q01082-3	SPTB2_HUMAN;SPTN2_HUMAN	SPTBN1;SPTBN2	Spectrin beta chain, non-erythrocytic 2	419853
O15021;O15021-2;O15021-3;O15021-6	O15021;O15021-2;O15021-3;O15021-6	MAST4_HUMAN	MAST4	Microtubule-associated serine/threonine-protein kinase 4	68253
O15021;O15021-2;O15021-3;O15021-6;O60307;P51812;Q15418;Q15418-2;Q15418-4;Q96GX5;Q96GX5-2;Q96GX5-3;Q9UK32;Q9UK32-2	Q9Y2H9;Q6P0Q8;Q6P0Q8-2;O60307;P51812;Q15418;Q15418-2;Q15418-3;Q15418-4;O15021;O15021-2;O15021-3;O15021-6;Q9UK32;Q9UK32-2;Q96GX5;Q96GX5-2;Q96GX5-3	GWL_HUMAN;KS6A1_HUMAN;KS6A3_HUMAN;KS6A6_HUMAN;MAST3_HUMAN;MAST4_HUMAN	MAST3;MAST4;MASTL;RPS6KA1;RPS6KA3;RPS6KA6	Microtubule-associated serine/threonine-protein kinase 4	204850
O15027;O15027-2;O15027-3;O15027-4;O15027-5	O15027;O15027-2;O15027-3;O15027-4;O15027-5	SC16A_HUMAN	SEC16A	Protein transport protein Sec16A	3.01013e+06
O15031	O15031	PLXB2_HUMAN	PLXNB2	Plexin-B2	1.34221e+06
O15040;O15040-2	O15040;O15040-2	TCPR2_HUMAN	TECPR2	Tectonin beta-propeller repeat-containing protein 2	1.32597e+06
O15042;O15042-2	O15042;O15042-2;O15042-3	SR140_HUMAN	U2SURP	U2 snRNP-associated SURP motif-containing protein	2.92242e+06
O15047	O15047	SET1A_HUMAN	SETD1A	Histone-lysine N-methyltransferase SETD1A	346723
O15050	O15050	TRNK1_HUMAN	TRANK1	TPR and ankyrin repeat-containing protein 1	2.24766e+06
O15056;O15056-2;O15056-3	O15056;O15056-2;O15056-3	SYNJ2_HUMAN	SYNJ2	Synaptojanin-2	242461
O15061	O15061	SYNEM_HUMAN	SYNM	Synemin	154943
O15066	O15066;O15066-2	KIF3B_HUMAN	KIF3B	Kinesin-like protein KIF3B	487659
O15066;Q9BVG8;Q9BVG8-2;Q9BVG8-6	O14782;Q9P2E2;Q9P2E2-3;Q9BVG8;Q9BVG8-2;Q9BVG8-5;Q9BVG8-6;O15066	KIF3B_HUMAN;KIFC3_HUMAN	KIF3B;KIFC3	Kinesin-like protein KIF3B	69730
O15067	O15067	PUR4_HUMAN	PFAS	Phosphoribosylformylglycinamidine synthase	5.24955e+06
O15068;O15068-10;O15068-2;O15068-3;O15068-4;O15068-5;O15068-6;O15068-8;O15068-9	O15068;O15068-2;O15068-3;O15068-4;O15068-5;O15068-6;O15068-9;O15068-8;O15068-10	MCF2L_HUMAN	MCF2L	Guanine nucleotide exchange factor DBS	153531
O15078	O15078	CE290_HUMAN	CEP290	Centrosomal protein of 290 kDa	1.41449e+06
O15083	O15083	ERC2_HUMAN	ERC2	ERC protein 2	61135
O15083;Q8IUD2	O15083;Q8IUD2;Q8IUD2-2;Q8IUD2-3;Q8IUD2-4;Q8IUD2-5	ERC2_HUMAN;RB6I2_HUMAN	ERC1;ERC2	ERC protein 2	243250
O15084	O15084;O15084-2;O15084-1;O15084-4	ANR28_HUMAN	ANKRD28	Serine/threonine-protein phosphatase 6 regulatory ankyrin repeat subunit A	431748
O15084;Q8N8A2;Q8N8A2-2;Q8N8A2-4	Q8N8A2;Q8N8A2-2;Q8N8A2-3;Q8N8A2-4;Q8N8A2-5;O15084;O15084-2;O15084-1;O15084-4	ANR28_HUMAN;ANR44_HUMAN	ANKRD28;ANKRD44	Serine/threonine-protein phosphatase 6 regulatory ankyrin repeat subunit A	34546
O15085;O15085-2	O15085;O15085-2	ARHGB_HUMAN	ARHGEF11	Rho guanine nucleotide exchange factor 11	209722
O15091;O15091-2	O15091;O15091-2;O15091-3;O15091-4	MRPP3_HUMAN	PRORP	Mitochondrial ribonuclease P catalytic subunit	155146
O15111	O15111	IKKA_HUMAN	CHUK	Inhibitor of nuclear factor kappa-B kinase subunit alpha	636186
O15116	O15116	LSM1_HUMAN	LSM1	U6 snRNA-associated Sm-like protein LSm1	243641
O15118	O15118	NPC1_HUMAN	NPC1	NPC intracellular cholesterol transporter 1	498643
O15119;O15119-2	O15119;O15119-2	TBX3_HUMAN	TBX3	T-box transcription factor TBX3	222963
O15120	O15120	PLCB_HUMAN	AGPAT2	1-acyl-sn-glycerol-3-phosphate acyltransferase beta	568601
O15121	O15121	DEGS1_HUMAN	DEGS1	Sphingolipid delta(4)-desaturase DES1	185065
O15126	O15126	SCAM1_HUMAN	SCAMP1	Secretory carrier-associated membrane protein 1	777043
O15126;Q9H2D6;Q9H2D6-3	Q9UL16;Q9UL16-2;Q9H2D6;Q9H2D6-2;Q9H2D6-3;Q9H2D6-5;Q9H2D6-6;Q9H2D6-7;O15126;O15126-2;Reverse_sp|Q8IVF4|DYH10_HUMAN	SCAM1_HUMAN;TARA_HUMAN	SCAMP1;TRIOBP	Secretory carrier-associated membrane protein 1	490218
O15127	O15127	SCAM2_HUMAN	SCAMP2	Secretory carrier-associated membrane protein 2	454816
O15131	O15131	IMA6_HUMAN	KPNA5	Importin subunit alpha-6	320978
O15131;O60684	O15131;O60684	IMA6_HUMAN;IMA7_HUMAN	KPNA5;KPNA6	Importin subunit alpha-6	775026
O15131;O60684;P52294	P52294;O15131;O60684	IMA5_HUMAN;IMA6_HUMAN;IMA7_HUMAN	KPNA1;KPNA5;KPNA6	Importin subunit alpha-6	410905
O15131;P52294	P52294;O15131	IMA5_HUMAN;IMA6_HUMAN	KPNA1;KPNA5	Importin subunit alpha-6	129675
O15143	O15143	ARC1B_HUMAN	ARPC1B	Actin-related protein 2/3 complex subunit 1B	1.5999e+06
O15143;Q92747	O15143;Q92747;Q92747-2	ARC1A_HUMAN;ARC1B_HUMAN	ARPC1A;ARPC1B	Actin-related protein 2/3 complex subunit 1B	4591
O15144	O15144	ARPC2_HUMAN	ARPC2	Actin-related protein 2/3 complex subunit 2	2.80265e+06
O15145	O15145	ARPC3_HUMAN	ARPC3	Actin-related protein 2/3 complex subunit 3	2.1072e+06
O15155	O15155;O15155-2	BET1_HUMAN	BET1	BET1 homolog	113830
O15160	O15160;O15160-2	RPAC1_HUMAN	POLR1C	DNA-directed RNA polymerases I and III subunit RPAC1	1.59218e+06
O15162;O15162-2	O15162;O15162-2	PLS1_HUMAN	PLSCR1	Phospholipid scramblase 1	211478
O15164;O15164-2	O15164;O15164-2	TIF1A_HUMAN	TRIM24	Transcription intermediary factor 1-alpha	239407
O15164;O15164-2;Q9UPN9	Q9UPN9;Q9UPN9-2;O15164;O15164-2	TIF1A_HUMAN;TRI33_HUMAN	TRIM24;TRIM33	Transcription intermediary factor 1-alpha	80096
O15173;O15173-2	O15173;O15173-2	PGRC2_HUMAN	PGRMC2	Membrane-associated progesterone receptor component 2	472079
O15182	O15182	CETN3_HUMAN	CETN3	Centrin-3	53524
O15211	O15211	RGL2_HUMAN	RGL2	Ral guanine nucleotide dissociation stimulator-like 2	184692
O15212	O15212	PFD6_HUMAN	PFDN6	Prefoldin subunit 6	1.22651e+06
O15213	O15213	WDR46_HUMAN	WDR46	WD repeat-containing protein 46	752438
O15226;O15226-2	O15226;O15226-2	NKRF_HUMAN	NKRF	NF-kappa-B-repressing factor	1.14035e+06
O15228	O15228;O15228-2	GNPAT_HUMAN	GNPAT	Dihydroxyacetone phosphate acyltransferase	555016
O15230	O15230	LAMA5_HUMAN	LAMA5	Laminin subunit alpha-5	1.47167e+06
O15231;O15231-3;O15231-4;O15231-7	O15231;O15231-2;O15231-3;O15231-4;O15231-5;O15231-6;O15231-7;O15231-8;O15231-9	ZN185_HUMAN	ZNF185	Zinc finger protein 185	307330
O15234	O15234	CASC3_HUMAN	CASC3	Protein CASC3	229018
O15235	O15235	RT12_HUMAN	MRPS12	28S ribosomal protein S12, mitochondrial	76225
O15243	O15243	OBRG_HUMAN	LEPROT	Leptin receptor gene-related protein	11776
O15254;O15254-2	O15254;O15254-2	ACOX3_HUMAN	ACOX3	Peroxisomal acyl-coenzyme A oxidase 3	170748
O15258	O15258	RER1_HUMAN	RER1	Protein RER1	1.02832e+06
O15260;O15260-2	O15260;O15260-2	SURF4_HUMAN	SURF4	Surfeit locus protein 4	3.85247e+06
O15264;O15264-2	O15264;O15264-2	MK13_HUMAN	MAPK13	Mitogen-activated protein kinase 13	109581
O15264;O15264-2;P45983;P45983-2;P45983-3;P45983-4;P45984;P45984-2;P45984-3;P45984-4;P53778;P53778-2;P53779;P53779-2;P53779-3;Q16539	P53778;P53778-2;P53779;P53779-2;P53779-3;P45983;P45983-2;P45983-3;P45983-4;P45983-5;O15264;O15264-2;P45984;P45984-2;P45984-3;P45984-4;P45984-5;Q16539;Q16539-2;Q16539-3;Q16539-4;Q16539-5;Q15759;Q15759-3	MK08_HUMAN;MK09_HUMAN;MK10_HUMAN;MK12_HUMAN;MK13_HUMAN;MK14_HUMAN	MAPK10;MAPK12;MAPK13;MAPK14;MAPK8;MAPK9	Mitogen-activated protein kinase 13	459116
O15265;O15265-2;O15265-3	O15265;O15265-2;O15265-3	ATX7_HUMAN	ATXN7	Ataxin-7	10316
O15269	O15269;O15269-2	SPTC1_HUMAN	SPTLC1	Serine palmitoyltransferase 1	433306
O15270	O15270	SPTC2_HUMAN	SPTLC2	Serine palmitoyltransferase 2	632508
O15287	O15287	FANCG_HUMAN	FANCG	Fanconi anemia group G protein	49618
O15294	O15294;O15294-2;O15294-3;O15294-4	OGT1_HUMAN	OGT	UDP-N-acetylglucosamine--peptide N-acetylglucosaminyltransferase 110 kDa subunit	4.14937e+06
O15304;O15304-2	O15304;O15304-2	SIVA_HUMAN	SIVA1	Apoptosis regulatory protein Siva	22821
O15305	O15305;O15305-2	PMM2_HUMAN	PMM2	Phosphomannomutase 2	2.10544e+06
O15315;O15315-1;O15315-2;O15315-4	O15315;O15315-1;O15315-2;O15315-4	RA51B_HUMAN	RAD51B	DNA repair protein RAD51 homolog 2	140072
O15321;O15321-2	O15321;O15321-2	TM9S1_HUMAN	TM9SF1	Transmembrane 9 superfamily member 1	577350
O15344;O15344-2	O15344;O15344-2	TRI18_HUMAN	MID1	E3 ubiquitin-protein ligase Midline-1	393850
O15347	O15347	HMGB3_HUMAN	HMGB3	High mobility group protein B3	3.87782e+06
O15355	O15355	PPM1G_HUMAN	PPM1G	Protein phosphatase 1G	3.34795e+06
O15357	O15357	SHIP2_HUMAN	INPPL1	Phosphatidylinositol 3,4,5-trisphosphate 5-phosphatase 2	1.8556e+06
O15360	O15360;O15360-2;O15360-3	FANCA_HUMAN	FANCA	Fanconi anemia group A protein	197276
O15371;O15371-2;O15371-3	O15371;O15371-2;O15371-3	EIF3D_HUMAN	EIF3D	Eukaryotic translation initiation factor 3 subunit D	3.38734e+06
O15372	O15372	EIF3H_HUMAN	EIF3H	Eukaryotic translation initiation factor 3 subunit H	2.50216e+06
O15379;O15379-2	O15379;O15379-2	HDAC3_HUMAN	HDAC3	Histone deacetylase 3	431906
O15379;O15379-2;Q13547;Q92769	Q92769;Q92769-3;Q13547;O15379;O15379-2	HDAC1_HUMAN;HDAC2_HUMAN;HDAC3_HUMAN	HDAC1;HDAC2;HDAC3	Histone deacetylase 3	296630
O15381	O15381;O15381-2;O15381-3;O15381-4;O15381-5	NVL_HUMAN	NVL	Nuclear valosin-containing protein-like	1.13579e+06
O15382	O15382	BCAT2_HUMAN	BCAT2	Branched-chain-amino-acid aminotransferase, mitochondrial	1.56955e+06
O15391	O15391	TYY2_HUMAN	YY2	Transcription factor YY2	23571
O15391;P25490	O15391;P25490	TYY1_HUMAN;TYY2_HUMAN	YY1;YY2	Transcription factor YY2	94668
O15394;O15394-2	O15394;O15394-2	NCAM2_HUMAN	NCAM2	Neural cell adhesion molecule 2	920834
O15397	O15397;O15397-2	IPO8_HUMAN	IPO8	Importin-8	818623
O15400;O15400-2	O15400;O15400-2	STX7_HUMAN	STX7	Syntaxin-7	456055
O15417	O15417;O15417-2	TNC18_HUMAN	TNRC18	Trinucleotide repeat-containing gene 18 protein	1.57731e+06
O15427	O15427	MOT4_HUMAN	SLC16A3	Monocarboxylate transporter 4	832365
O15431	O15431	COPT1_HUMAN	SLC31A1	High affinity copper uptake protein 1	174463
O15438;O15438-4	O15438;O15438-4	MRP3_HUMAN	ABCC3	Canalicular multispecific organic anion transporter 2	627348
O15438;O15438-4;P33527	O15438;O15438-4;P33527;P33527-2;P33527-3;P33527-5;P33527-9	MRP1_HUMAN;MRP3_HUMAN	ABCC1;ABCC3	Canalicular multispecific organic anion transporter 2	111797
O15439;O15439-2	O15439;O15439-2;O15439-3;O15439-4	MRP4_HUMAN	ABCC4	Multidrug resistance-associated protein 4	991022
O15440;O15440-5	O15440;O15440-5	MRP5_HUMAN	ABCC5	Multidrug resistance-associated protein 5	14576
O15440;O15440-5;Q92887	Q92887;O15440;O15440-5	MRP2_HUMAN;MRP5_HUMAN	ABCC2;ABCC5	Multidrug resistance-associated protein 5	46563
O15446;O15446-2	O15446;O15446-2	RPA34_HUMAN	CD3EAP	DNA-directed RNA polymerase I subunit RPA34	539352
O15460;O15460-2	O15460;O15460-2	P4HA2_HUMAN	P4HA2	Prolyl 4-hydroxylase subunit alpha-2	373470
O15498	O15498;O15498-2	YKT6_HUMAN	YKT6	Synaptobrevin homolog YKT6	809662
O15504	O15504;O15504-2	NUP42_HUMAN	NUP42	Nucleoporin NUP42	350341
O15511	O15511;O15511-2	ARPC5_HUMAN	ARPC5	Actin-related protein 2/3 complex subunit 5	853495
O15511;Q9BPX5	O15511;O15511-2;Q9BPX5	ARP5L_HUMAN;ARPC5_HUMAN	ARPC5;ARPC5L	Actin-related protein 2/3 complex subunit 5	319547
O15514	O15514	RPB4_HUMAN	POLR2D	DNA-directed RNA polymerase II subunit RPB4	275140
O15516	O15516;Q99743	CLOCK_HUMAN	CLOCK	Circadian locomoter output cycles protein kaput	122092
O15530	Q6A1A2;O15530;O15530-3;O15530-4;O15530-5	PDPK1_HUMAN	PDPK1	3-phosphoinositide-dependent protein kinase 1	210437
O15533;O15533-2;O15533-3	O15533;O15533-2;O15533-3	TPSN_HUMAN	TAPBP	Tapasin	585419
O15541	O15541;Q8IZP6	R113A_HUMAN	RNF113A	E3 ubiquitin-protein ligase RNF113A	470691
O15550	O15550	KDM6A_HUMAN	KDM6A	Lysine-specific demethylase 6A	26634
O43143	O43143	DHX15_HUMAN	DHX15	Pre-mRNA-splicing factor ATP-dependent RNA helicase DHX15	9.31494e+06
O43143;O60231;Q14562	Q14562;O43143;O60231	DHX15_HUMAN;DHX16_HUMAN;DHX8_HUMAN	DHX15;DHX16;DHX8	Pre-mRNA-splicing factor ATP-dependent RNA helicase DHX15	211853
O43148;O43148-2	O43148;O43148-2	MCES_HUMAN	RNMT	mRNA cap guanine-N7 methyltransferase	1.25828e+06
O43149	O43149;O43149-3	ZZEF1_HUMAN	ZZEF1	Zinc finger ZZ-type and EF-hand domain-containing protein 1	723391
O43150;O43150-2	O43150;O43150-2	ASAP2_HUMAN	ASAP2	Arf-GAP with SH3 domain, ANK repeat and PH domain-containing protein 2	16012
O43150;O43150-2;Q9ULH1;Q9ULH1-2	O43150;O43150-2;Q9ULH1;Q9ULH1-2	ASAP1_HUMAN;ASAP2_HUMAN	ASAP1;ASAP2	Arf-GAP with SH3 domain, ANK repeat and PH domain-containing protein 2	66424
O43156	O43156	TTI1_HUMAN	TTI1	TELO2-interacting protein 1 homolog	438734
O43157;O43157-2	O43157;O43157-2	PLXB1_HUMAN	PLXNB1	Plexin-B1	54888
O43159	O43159	RRP8_HUMAN	RRP8	Ribosomal RNA-processing protein 8	2.19487e+06
O43164;O43164-2	O43164;O43164-2	PJA2_HUMAN	PJA2	E3 ubiquitin-protein ligase Praja-2	26012
O43166;O43166-2;O43166-3	O43166;O43166-2;O43166-3	SI1L1_HUMAN	SIPA1L1	Signal-induced proliferation-associated 1-like protein 1	284636
O43166;O43166-2;O43166-3;Q9P2F8	O43166;O43166-2;O43166-3;Q9P2F8	SI1L1_HUMAN;SI1L2_HUMAN	SIPA1L1;SIPA1L2	Signal-induced proliferation-associated 1-like protein 1	9619
O43169	O43169	CYB5B_HUMAN	CYB5B	Cytochrome b5 type B	2.45315e+06
O43172;O43172-2	O43172;O43172-2	PRP4_HUMAN	PRPF4	U4/U6 small nuclear ribonucleoprotein Prp4	1.71944e+06
O43175	O43175	SERA_HUMAN	PHGDH	D-3-phosphoglycerate dehydrogenase	2.21043e+07
O43181	O43181	NDUS4_HUMAN	NDUFS4	NADH dehydrogenase [ubiquinone] iron-sulfur protein 4, mitochondrial	863423
O43187	O43187	IRAK2_HUMAN	IRAK2	Interleukin-1 receptor-associated kinase-like 2	2.88516e+06
O43237	O43237;O43237-2	DC1L2_HUMAN	DYNC1LI2	Cytoplasmic dynein 1 light intermediate chain 2	2.17872e+06
O43237;Q9Y6G9	Q9Y6G9;O43237	DC1L1_HUMAN;DC1L2_HUMAN	DYNC1LI1;DYNC1LI2	Cytoplasmic dynein 1 light intermediate chain 2	152079
O43242	O43242;O43242-2	PSMD3_HUMAN	PSMD3	26S proteasome non-ATPase regulatory subunit 3	4.83532e+06
O43251;O43251-10;O43251-2;O43251-5;O43251-6;O43251-8	O43251;O43251-2;O43251-3;O43251-5;O43251-6;O43251-8;O43251-10	RFOX2_HUMAN	RBFOX2	RNA binding protein fox-1 homolog 2	75988
O43251;O43251-10;O43251-2;O43251-5;O43251-6;O43251-8;Q9NWB1;Q9NWB1-2;Q9NWB1-3;Q9NWB1-4;Q9NWB1-5	O43251;O43251-2;O43251-3;O43251-4;O43251-5;O43251-6;O43251-7;O43251-8;O43251-9;O43251-10;Q9NWB1;Q9NWB1-2;Q9NWB1-3;Q9NWB1-4;Q9NWB1-5	RFOX1_HUMAN;RFOX2_HUMAN	RBFOX1;RBFOX2	RNA binding protein fox-1 homolog 2	612383
O43252	O43252	PAPS1_HUMAN	PAPSS1	Bifunctional 3'-phosphoadenosine 5'-phosphosulfate synthase 1	942340
O43252;O95340;O95340-2	O43252;O95340;O95340-2	PAPS1_HUMAN;PAPS2_HUMAN	PAPSS1;PAPSS2	Bifunctional 3'-phosphoadenosine 5'-phosphosulfate synthase 1	175772
O43264	O43264;O43264-2	ZW10_HUMAN	ZW10	Centromere/kinetochore protein zw10 homolog	749030
O43278	O43278;O43278-2	SPIT1_HUMAN	SPINT1	Kunitz-type protease inhibitor 1	268627
O43286	O43286	B4GT5_HUMAN	B4GALT5	Beta-1,4-galactosyltransferase 5	348589
O43290	O43290	SNUT1_HUMAN	SART1	U4/U6.U5 tri-snRNP-associated protein 1	3.09714e+06
O43292	O43292	GPAA1_HUMAN	GPAA1	Glycosylphosphatidylinositol anchor attachment 1 protein	412086
O43293	O43293	DAPK3_HUMAN	DAPK3	Death-associated protein kinase 3	208304
O43294;O43294-2	O43294;O43294-2	TGFI1_HUMAN	TGFB1I1	Transforming growth factor beta-1-induced transcript 1 protein	103243
O43298	O43298	ZBT43_HUMAN	ZBTB43	Zinc finger and BTB domain-containing protein 43	304488
O43299	O43299;O43299-2;O43299-3	AP5Z1_HUMAN	AP5Z1	AP-5 complex subunit zeta-1	115834
O43303;O43303-2	O43303;O43303-2	CP110_HUMAN	CCP110	Centriolar coiled-coil protein of 110 kDa	250235
O43306;O43306-2	O43306;O43306-2	ADCY6_HUMAN	ADCY6	Adenylate cyclase type 6	49890
O43307;O43307-2;O43307-3;Q96N96;Q96N96-2;Q96N96-3;Q96N96-4;Q96N96-5;Q96N96-6;Q9NR80;Q9NR80-3;Q9NR80-4	Q9NR80;Q9NR80-3;Q9NR80-4;O43307;O43307-2;O43307-3;Q96N96;Q96N96-2;Q96N96-3;Q96N96-4;Q96N96-5;Q96N96-6	ARHG4_HUMAN;ARHG9_HUMAN;SPT13_HUMAN	ARHGEF4;ARHGEF9;SPATA13	Rho guanine nucleotide exchange factor 9	44623
O43310;O43310-2	O43310;O43310-2	CTIF_HUMAN	CTIF	CBP80/20-dependent translation initiation factor	26802
O43314;O43314-2	O43314;O43314-2	VIP2_HUMAN	PPIP5K2	Inositol hexakisphosphate and diphosphoinositol-pentakisphosphate kinase 2	512469
O43314;O43314-2;Q6PFW1	O43314;O43314-2;Q6PFW1;Q6PFW1-2;Q6PFW1-3;Q6PFW1-4;Q6PFW1-5;Q6PFW1-6;Q6PFW1-7	VIP1_HUMAN;VIP2_HUMAN	PPIP5K1;PPIP5K2	Inositol hexakisphosphate and diphosphoinositol-pentakisphosphate kinase 2	40207
O43318;O43318-2	O43318;O43318-2	M3K7_HUMAN	MAP3K7	Mitogen-activated protein kinase kinase kinase 7	192353
O43324;O43324-2	O43324;O43324-2	MCA3_HUMAN	EEF1E1	Eukaryotic translation elongation factor 1 epsilon-1	1.52892e+06
O43347	O43347	MSI1H_HUMAN	MSI1	RNA-binding protein Musashi homolog 1	123082
O43347;Q96DH6;Q96DH6-2	Q96DH6;Q96DH6-2;Q96DH6-3;O43347	MSI1H_HUMAN;MSI2H_HUMAN	MSI1;MSI2	RNA-binding protein Musashi homolog 1	188980
O43353;O43353-2	O43353;O43353-2	RIPK2_HUMAN	RIPK2	Receptor-interacting serine/threonine-protein kinase 2	98585
O43379;O43379-4	O43379;O43379-4	WDR62_HUMAN	WDR62	WD repeat-containing protein 62	184520
O43390	O43390;O43390-2;O43390-4	HNRPR_HUMAN	HNRNPR	Heterogeneous nuclear ribonucleoprotein R	1.03458e+07
O43390;O60506	O60506;O60506-2;O60506-3;O60506-4;O43390;O43390-2;O43390-4	HNRPQ_HUMAN;HNRPR_HUMAN	HNRNPR;SYNCRIP	Heterogeneous nuclear ribonucleoprotein R	8.65499e+06
O43395	O43395	PRPF3_HUMAN	PRPF3	U4/U6 small nuclear ribonucleoprotein Prp3	1.46948e+06
O43396	O43396	TXNL1_HUMAN	TXNL1	Thioredoxin-like protein 1	3.3914e+06
O43399;O43399-5;O43399-7	O43399;O43399-5;O43399-7	TPD54_HUMAN	TPD52L2	Tumor protein D54	4.15233e+06
O43402	O43402;O43402-2	EMC8_HUMAN	EMC8	ER membrane protein complex subunit 8	581175
O43414	O43414;O43414-2;O43414-3	ERI3_HUMAN	ERI3	ERI1 exoribonuclease 3	260045
O43422	O43422	P52K_HUMAN	THAP12	52 kDa repressor of the inhibitor of the protein kinase	117672
O43426	O43426;O43426-2;O43426-4	SYNJ1_HUMAN	SYNJ1	Synaptojanin-1	197597
O43427;O43427-2	O43427;O43427-2	FIBP_HUMAN	FIBP	Acidic fibroblast growth factor intracellular-binding protein	219754
O43432;O43432-3	O43432;O43432-3;O43432-4	IF4G3_HUMAN	EIF4G3	Eukaryotic translation initiation factor 4 gamma 3	828342
O43432;O43432-3;Q04637;Q04637-3;Q04637-4;Q04637-5;Q04637-9	O43432;O43432-3;O43432-4;Q04637;Q04637-3;Q04637-4;Q04637-5;Q04637-6;Q04637-7;Q04637-8;Q04637-9	IF4G1_HUMAN;IF4G3_HUMAN	EIF4G1;EIF4G3	Eukaryotic translation initiation factor 4 gamma 3	1.29233e+06
O43447	O43447	PPIH_HUMAN	PPIH	Peptidyl-prolyl cis-trans isomerase H	1.1269e+06
O43447;P23284;P45877;P62937	O43447;O43447-2;P23284;P62937;P62937-2;P45877	PPIA_HUMAN;PPIB_HUMAN;PPIC_HUMAN;PPIH_HUMAN	PPIA;PPIB;PPIC;PPIH	Peptidyl-prolyl cis-trans isomerase H	1.36347e+06
O43447;P30405;P49792;P62937;Q08752	P30405;P30405-2;P0DN26;A0A0B4J2A2;A0A075B759;P0DN37;O43447;P62937;F5H284;Q08752;P49792;Q9Y536;A0A075B767	PPIA_HUMAN;PPID_HUMAN;PPIF_HUMAN;PPIH_HUMAN;RBP2_HUMAN	PPIA;PPID;PPIF;PPIH;RANBP2	Peptidyl-prolyl cis-trans isomerase H	898656
O43462	O43462	MBTP2_HUMAN	MBTPS2	Membrane-bound transcription factor site-2 protease	61237
O43463;O43463-2	O43463;O43463-2	SUV91_HUMAN	SUV39H1	Histone-lysine N-methyltransferase SUV39H1	45287
O43464	O43464;O43464-2;O43464-3;P83110;P83110-2	HTRA2_HUMAN	HTRA2	Serine protease HTRA2, mitochondrial	617593
O43474;O43474-1;O43474-4	O43474;O43474-1;O43474-4	KLF4_HUMAN	KLF4	Krueppel-like factor 4	68746
O43488	O43488	ARK72_HUMAN	AKR7A2	Aflatoxin B1 aldehyde reductase member 2	2.14341e+06
O43491	O43491;O43491-2;O43491-3;O43491-4	E41L2_HUMAN	EPB41L2	Band 4.1-like protein 2	1.73889e+06
O43491;Q9H4G0	O43491;O43491-2;O43491-3;O43491-4;Q9Y2J2;Q9Y2J2-2;Q9Y2J2-3;Q9Y2J2-4;Q9H4G0;Q9H4G0-2;Q9H4G0-3;Q9H4G0-4	E41L1_HUMAN;E41L2_HUMAN	EPB41L1;EPB41L2	Band 4.1-like protein 2	50104
O43493;O43493-3;O43493-5;O43493-7	O43493;O43493-3;O43493-5;O43493-7	TGON2_HUMAN	TGOLN2	Trans-Golgi network integral membrane protein 2	308254
O43504	O43504	LTOR5_HUMAN	LAMTOR5	Ragulator complex protein LAMTOR5	121135
O43505	O43505	B4GA1_HUMAN	B4GAT1	Beta-1,4-glucuronyltransferase 1	209027
O43513	O43513	MED7_HUMAN	MED7	Mediator of RNA polymerase II transcription subunit 7	84671
O43521;O43521-12	O43521;O43521-2;O43521-3;O43521-12	B2L11_HUMAN	BCL2L11	Bcl-2-like protein 11	35382
O43524;O43524-2	O43524;O43524-2	FOXO3_HUMAN	FOXO3	Forkhead box protein O3	71990
O43567	O43567	RNF13_HUMAN	RNF13	E3 ubiquitin-protein ligase RNF13	157091
O43570;O43570-2	O43570;O43570-2	CAH12_HUMAN	CA12	Carbonic anhydrase 12	25104
O43572	O43572	AKA10_HUMAN	AKAP10	A-kinase anchor protein 10, mitochondrial	357286
O43581;O43581-2;O43581-3;O43581-4;O43581-5;O43581-6	O43581;O43581-2;O43581-3;O43581-4;O43581-5;O43581-6	SYT7_HUMAN	SYT7	Synaptotagmin-7	28583
O43583	O43583	DENR_HUMAN	DENR	Density-regulated protein	510435
O43592	O43592	XPOT_HUMAN	XPOT	Exportin-T	2.58059e+06
O43598	O43598;O43598-2	DNPH1_HUMAN	DNPH1	2'-deoxynucleoside 5'-phosphate N-hydrolase 1	656111
O43615	O43615	TIM44_HUMAN	TIMM44	Mitochondrial import inner membrane translocase subunit TIM44	3.02377e+06
O43617	O43617;O43617-2	TPPC3_HUMAN	TRAPPC3	Trafficking protein particle complex subunit 3	428455
O43633	O43633	CHM2A_HUMAN	CHMP2A	Charged multivesicular body protein 2a	913864
O43657	O43657	TSN6_HUMAN	TSPAN6	Tetraspanin-6	164120
O43660	O43660;O43660-2	PLRG1_HUMAN	PLRG1	Pleiotropic regulator 1	2.67161e+06
O43663;O43663-4	O43663;O43663-2;O43663-3;O43663-4	PRC1_HUMAN	PRC1	Protein regulator of cytokinesis 1	679474
O43665;O43665-1;O43665-2	O43665;O43665-1;O43665-2	RGS10_HUMAN	RGS10	Regulator of G-protein signaling 10	229073
O43670;O43670-4	O43670;O43670-2;O43670-4	ZN207_HUMAN	ZNF207	BUB3-interacting and GLEBS motif-containing protein ZNF207	1.62306e+06
O43674;O43674-2	O43674;O43674-2	NDUB5_HUMAN	NDUFB5	NADH dehydrogenase [ubiquinone] 1 beta subcomplex subunit 5, mitochondrial	452286
O43676	O43676	NDUB3_HUMAN	NDUFB3	NADH dehydrogenase [ubiquinone] 1 beta subcomplex subunit 3	413341
O43677	O43677	NDUC1_HUMAN	NDUFC1	NADH dehydrogenase [ubiquinone] 1 subunit C1, mitochondrial	15295
O43678	O43678	NDUA2_HUMAN	NDUFA2	NADH dehydrogenase [ubiquinone] 1 alpha subcomplex subunit 2	1.13552e+06
O43681	O43681	ASNA_HUMAN	ASNA1	ATPase ASNA1	2.25562e+06
O43684;O43684-2	O43684;O43684-2	BUB3_HUMAN	BUB3	Mitotic checkpoint protein BUB3	8.2426e+06
O43688;O43688-2;O43688-3	O43688;O43688-2;O43688-3	PLPP2_HUMAN	PLPP2	Phospholipid phosphatase 2	138637
O43707	O43707;O43707-2;O43707-3	ACTN4_HUMAN	ACTN4	Alpha-actinin-4	2.73642e+07
O43707;P12814	P12814;P12814-2;P12814-3;P12814-4;O43707;O43707-2;O43707-3	ACTN1_HUMAN;ACTN4_HUMAN	ACTN1;ACTN4	Alpha-actinin-4	5.60858e+06
O43707;P12814;P35609;P35609-2	P35609;P35609-2;P12814;P12814-2;P12814-3;P12814-4;O43707;O43707-2	ACTN1_HUMAN;ACTN2_HUMAN;ACTN4_HUMAN	ACTN1;ACTN2;ACTN4	Alpha-actinin-4	1.6436e+06
O43707;P12814;P35609;P35609-2;Q08043	P35609;P35609-2;P12814;P12814-2;P12814-3;P12814-4;Q08043;O43707;O43707-3	ACTN1_HUMAN;ACTN2_HUMAN;ACTN3_HUMAN;ACTN4_HUMAN	ACTN1;ACTN2;ACTN3;ACTN4	Alpha-actinin-4	4.91687e+06
O43707;P12814;Q08043	P12814;P12814-2;P12814-3;P12814-4;Q08043;O43707	ACTN1_HUMAN;ACTN3_HUMAN;ACTN4_HUMAN	ACTN1;ACTN3;ACTN4	Alpha-actinin-4	780258
O43708	O43708;O43708-2;O43708-3	MAAI_HUMAN	GSTZ1	Maleylacetoacetate isomerase	573832
O43709	O43709;O43709-2;O43709-3	BUD23_HUMAN	BUD23	Probable 18S rRNA (guanine-N(7))-methyltransferase	363755
O43715	O43715	TRIA1_HUMAN	TRIAP1	TP53-regulated inhibitor of apoptosis 1	224264
O43716	O43716	GATC_HUMAN	GATC	Glutamyl-tRNA(Gln) amidotransferase subunit C, mitochondrial	199649
O43719	O43719	HTSF1_HUMAN	HTATSF1	HIV Tat-specific factor 1	2.6764e+06
O43741	O43741;O43741-2	AAKB2_HUMAN	PRKAB2	5'-AMP-activated protein kinase subunit beta-2	70364
O43741;Q9Y478	O43741;O43741-2;Q9Y478	AAKB1_HUMAN;AAKB2_HUMAN	PRKAB1;PRKAB2	5'-AMP-activated protein kinase subunit beta-2	33515
O43747;O43747-2	O43747;O43747-2	AP1G1_HUMAN	AP1G1	AP-1 complex subunit gamma-1	2.02829e+06
O43752	O43752	STX6_HUMAN	STX6	Syntaxin-6	207718
O43760;O43760-2	O43760;O43760-2	SNG2_HUMAN	SYNGR2	Synaptogyrin-2	239165
O43765	O43765	SGTA_HUMAN	SGTA	Small glutamine-rich tetratricopeptide repeat-containing protein alpha	1.08227e+06
O43768;O43768-2;O43768-3;O43768-4;O43768-9	O43768;O43768-2;O43768-3;O43768-4;O43768-5;O43768-6;O43768-7;O43768-8;O43768-9	ENSA_HUMAN	ENSA	Alpha-endosulfine	1.12237e+06
O43768;O43768-2;O43768-3;O43768-4;O43768-9;P56211;P56211-2	O43768;O43768-2;O43768-3;O43768-4;O43768-5;O43768-6;O43768-7;O43768-9;P56211;P56211-2	ARP19_HUMAN;ENSA_HUMAN	ARPP19;ENSA	Alpha-endosulfine	1.19485e+06
O43772	O43772	MCAT_HUMAN	SLC25A20	Mitochondrial carnitine/acylcarnitine carrier protein	259947
O43776	O43776	SYNC_HUMAN	NARS1	Asparagine--tRNA ligase, cytoplasmic	7.68691e+06
O43790;P78385;Q14533	O43790;P78385;Q14533	KRT81_HUMAN;KRT83_HUMAN;KRT86_HUMAN	KRT81;KRT83;KRT86	Keratin, type II cuticular Hb6	940781
O43795	O43795;O43795-2	MYO1B_HUMAN	MYO1B	Unconventional myosin-Ib	1.2134e+06
O43808	O43808	PM34_HUMAN	SLC25A17	Peroxisomal membrane protein PMP34	372946
O43809	O43809	CPSF5_HUMAN	NUDT21	Cleavage and polyadenylation specificity factor subunit 5	2.58737e+06
O43813	O43813	LANC1_HUMAN	LANCL1	Glutathione S-transferase LANCL1	2.46072e+06
O43815	O43815;O43815-2	STRN_HUMAN	STRN	Striatin	1.07651e+06
O43818	O43818	U3IP2_HUMAN	RRP9	U3 small nucleolar RNA-interacting protein 2	1.23656e+06
O43819	O43819	SCO2_HUMAN	SCO2	Protein SCO2 homolog, mitochondrial	236851
O43823	O43823	AKAP8_HUMAN	AKAP8	A-kinase anchor protein 8	1.22955e+06
O43824	O43824	GTPB6_HUMAN	GTPBP6	Putative GTP-binding protein 6	403596
O43826;O43826-2	O43826;O43826-2	G6PT1_HUMAN	SLC37A4	Glucose-6-phosphate exchanger SLC37A4	87462
O43829	O43829	ZBT14_HUMAN	ZBTB14	Zinc finger and BTB domain-containing protein 14	10284
O43837	O43837;O43837-2	IDH3B_HUMAN	IDH3B	Isocitrate dehydrogenase [NAD] subunit beta, mitochondrial	1.37865e+06
O43847;O43847-2	O43847;O43847-2	NRDC_HUMAN	NRDC	Nardilysin	2.0863e+06
O43852;O43852-3	O43852;O43852-2;O43852-3;O43852-4;O43852-5;O43852-6;O43852-8;O43852-9;O43852-15	CALU_HUMAN	CALU	Calumenin	8.48409e+06
O43861;O43861-2	O43861;O43861-2	ATP9B_HUMAN	ATP9B	Probable phospholipid-transporting ATPase IIB	148874
O43865	O43865	SAHH2_HUMAN	AHCYL1	S-adenosylhomocysteine hydrolase-like protein 1	604585
O43865;Q5VW36;Q96HN2;Q96HN2-2;Q96HN2-3;Q96HN2-4	Q5VW36;O43865;O43865-2;Q96HN2;Q96HN2-2;Q96HN2-3;Q96HN2-4	FOCAD_HUMAN;SAHH2_HUMAN;SAHH3_HUMAN	AHCYL1;AHCYL2;FOCAD	S-adenosylhomocysteine hydrolase-like protein 1	414194
O43865;Q96HN2;Q96HN2-2;Q96HN2-3;Q96HN2-4	O43865;O43865-2;Q96HN2;Q96HN2-2;Q96HN2-3;Q96HN2-4	SAHH2_HUMAN;SAHH3_HUMAN	AHCYL1;AHCYL2	S-adenosylhomocysteine hydrolase-like protein 1	2.6919e+06
O43896	O43896	KIF1C_HUMAN	KIF1C	Kinesin-like protein KIF1C	61101
O43896;O60333;O60333-2;O60333-4	O60333;O60333-2;O60333-3;O60333-4;O43896	KIF1B_HUMAN;KIF1C_HUMAN	KIF1B;KIF1C	Kinesin-like protein KIF1C	50780
O43896;O60333;O60333-2;O60333-4;Q12756;Q12756-2;Q12756-3	O60333;O60333-2;O60333-3;O60333-4;O43896;Q12756;Q12756-2;Q12756-3	KIF1A_HUMAN;KIF1B_HUMAN;KIF1C_HUMAN	KIF1A;KIF1B;KIF1C	Kinesin-like protein KIF1C	158965
O43913	O43913	ORC5_HUMAN	ORC5	Origin recognition complex subunit 5	192413
O43920	O43920	NDUS5_HUMAN	NDUFS5	NADH dehydrogenase [ubiquinone] iron-sulfur protein 5	1.13447e+06
O43924	O43924	PDE6D_HUMAN	PDE6D	Retinal rod rhodopsin-sensitive cGMP 3',5'-cyclic phosphodiesterase subunit delta	33271
O43929	O43929;O43929-2;O43929-3	ORC4_HUMAN	ORC4	Origin recognition complex subunit 4	234536
O43933	O43933;O43933-2	PEX1_HUMAN	PEX1	Peroxisome biogenesis factor 1	207833
O60216	O60216	RAD21_HUMAN	RAD21	Double-strand-break repair protein rad21 homolog	2.96224e+06
O60218	C9JRZ8;C9JRZ8-2;O60218	AK1BA_HUMAN	AKR1B10	Aldo-keto reductase family 1 member B10	301767
O60220	O60220	TIM8A_HUMAN	TIMM8A	Mitochondrial import inner membrane translocase subunit Tim8 A	314048
O60231	O60231	DHX16_HUMAN	DHX16	Pre-mRNA-splicing factor ATP-dependent RNA helicase DHX16	1.22502e+06
O60232	O60232	ZNRD2_HUMAN	ZNRD2	Protein ZNRD2	964022
O60237;O60237-6	O60237;O60237-6	MYPT2_HUMAN	PPP1R12B	Protein phosphatase 1 regulatory subunit 12B	26826
O60238;O60238-2	O60238;O60238-2	BNI3L_HUMAN	BNIP3L	BCL2/adenovirus E1B 19 kDa protein-interacting protein 3-like	27866
O60244	O60244	MED14_HUMAN	MED14	Mediator of RNA polymerase II transcription subunit 14	304141
O60256	O60256;O60256-3	KPRB_HUMAN	PRPSAP2	Phosphoribosyl pyrophosphate synthase-associated protein 2	1.02135e+06
O60256;Q14558;Q14558-2	Q14558;Q14558-2;O60256;O60256-2;O60256-3;O60256-4	KPRA_HUMAN;KPRB_HUMAN	PRPSAP1;PRPSAP2	Phosphoribosyl pyrophosphate synthase-associated protein 2	177485
O60262	O60262	GBG7_HUMAN	GNG7	Guanine nucleotide-binding protein G(I)/G(S)/G(O) subunit gamma-7	37097
O60264	O60264	SMCA5_HUMAN	SMARCA5	SWI/SNF-related matrix-associated actin-dependent regulator of chromatin subfamily A member 5	5.48197e+06
O60264;P28370;P28370-2	O60264;P28370;P28370-2	SMCA1_HUMAN;SMCA5_HUMAN	SMARCA1;SMARCA5	SWI/SNF-related matrix-associated actin-dependent regulator of chromatin subfamily A member 5	1.57418e+06
O60271	O60271;O60271-2;O60271-3;O60271-4;O60271-5;O60271-9	JIP4_HUMAN	SPAG9	C-Jun-amino-terminal kinase-interacting protein 4	3.165e+06
O60271;Q9UPT6	O60271;O60271-2;O60271-3;O60271-4;O60271-5;Q9UPT6;Q9UPT6-2	JIP3_HUMAN;JIP4_HUMAN	MAPK8IP3;SPAG9	C-Jun-amino-terminal kinase-interacting protein 4	303374
O60282	O60282;O60282-2	KIF5C_HUMAN	KIF5C	Kinesin heavy chain isoform 5C	256649
O60282;P33176	O60282;O60282-2;P33176;Q12840	KIF5C_HUMAN;KINH_HUMAN	KIF5B;KIF5C	Kinesin heavy chain isoform 5C	1.74902e+06
O60287	O60287	NPA1P_HUMAN	URB1	Nucleolar pre-ribosomal-associated protein 1	1.36566e+06
O60293;O60293-2	O60293;O60293-2	ZC3H1_HUMAN	ZFC3H1	Zinc finger C3H1 domain-containing protein	486010
O60294	O60294	TYW4_HUMAN	LCMT2	tRNA wybutosine-synthesizing protein 4	144774
O60303	O60303	K0556_HUMAN	KIAA0556	Protein KIAA0556	43306
O60306	O60306	AQR_HUMAN	AQR	RNA helicase aquarius	2.36669e+06
O60307	O60307	MAST3_HUMAN	MAST3	Microtubule-associated serine/threonine-protein kinase 3	51280
O60308	O60308	CE104_HUMAN	CEP104	Centrosomal protein of 104 kDa	43307
O60313;O60313-2	O60313;O60313-2;O60313-9;O60313-10;O60313-11;O60313-13	OPA1_HUMAN	OPA1	Dynamin-like 120 kDa protein, mitochondrial	2.37686e+06
O60318	O60318;O60318-2	GANP_HUMAN	MCM3AP	Germinal-center associated nuclear protein	1.28453e+06
O60331;O60331-2;O60331-3;O60331-4	O60331;O60331-2;O60331-3;O60331-4	PI51C_HUMAN	PIP5K1C	Phosphatidylinositol 4-phosphate 5-kinase type-1 gamma	51336
O60331;O60331-2;O60331-3;O60331-4;Q99755;Q99755-3;Q99755-4	Q99755;Q99755-2;Q99755-3;Q99755-4;O60331;O60331-2;O60331-3;O60331-4;O14986;O14986-2;O14986-3	PI51A_HUMAN;PI51C_HUMAN	PIP5K1A;PIP5K1C	Phosphatidylinositol 4-phosphate 5-kinase type-1 gamma	85690
O60333;O60333-2;O60333-4	O60333;O60333-2;O60333-4	KIF1B_HUMAN	KIF1B	Kinesin-like protein KIF1B	1.6243e+06
O60341;O60341-2	O60341;O60341-2	KDM1A_HUMAN	KDM1A	Lysine-specific histone demethylase 1A	1.62764e+06
O60343	O60343;O60343-2;O60343-3;O60343-4;O60343-5	TBCD4_HUMAN	TBC1D4	TBC1 domain family member 4	635170
O60361	O60361	NDK8_HUMAN	NME2P1	Putative nucleoside diphosphate kinase	792799
O60361;P15531;P15531-2;P22392-2	O60361;P22392;P22392-2;P15531;P15531-2	NDK8_HUMAN;NDKA_HUMAN;NDKB_HUMAN	NME1;NME2;NME2P1	Putative nucleoside diphosphate kinase	1.20184e+07
O60361;P22392-2	O60361;P22392;P22392-2	NDK8_HUMAN;NDKB_HUMAN	NME2;NME2P1	Putative nucleoside diphosphate kinase	5.85224e+06
O60381;O60381-2;O60381-3	O60381;O60381-2;O60381-3	HBP1_HUMAN	HBP1	HMG box-containing protein 1	10938
O60427	O60427	FADS1_HUMAN	FADS1	Acyl-CoA (8-3)-desaturase	595386
O60437	O60437	PEPL_HUMAN	PPL	Periplakin	2.57192e+06
O60443	O60443	GSDME_HUMAN	GSDME	Gasdermin-E	540306
O60447;O60447-2	O60447;O60447-2	EVI5_HUMAN	EVI5	Ecotropic viral integration site 5 protein homolog	86198
O60449;O60449-2;O60449-3	O60449;O60449-2;O60449-3;Reverse_sp|O60449|LY75_HUMAN;Reverse_sp|O60449-2|LY75_HUMAN;Reverse_sp|O60449-3|LY75_HUMAN	LY75_HUMAN	LY75	Lymphocyte antigen 75	780097
O60462;O60462-2;O60462-3;O60462-4;O60462-5	O60462;O60462-2;O60462-3;O60462-4;O60462-5	NRP2_HUMAN	NRP2	Neuropilin-2	145422
O60476	O60476	MA1A2_HUMAN	MAN1A2	Mannosyl-oligosaccharide 1,2-alpha-mannosidase IB	89078
O60488;O60488-2	O60488;O60488-2	ACSL4_HUMAN	ACSL4	Long-chain-fatty-acid--CoA ligase 4	1.15968e+07
O60488;O60488-2;O95573	O95573;O60488;O60488-2	ACSL3_HUMAN;ACSL4_HUMAN	ACSL3;ACSL4	Long-chain-fatty-acid--CoA ligase 4	788652
O60493	O60493;O60493-3;O60493-4	SNX3_HUMAN	SNX3	Sorting nexin-3	1.27617e+06
O60493;Q9UMY4;Q9UMY4-1	O60493;O60493-3;Q9UMY4;Q9UMY4-1	SNX12_HUMAN;SNX3_HUMAN	SNX12;SNX3	Sorting nexin-3	540292
O60499	O60499;O60499-2	STX10_HUMAN	STX10	Syntaxin-10	346327
O60502	O60502;O60502-2;O60502-4	OGA_HUMAN	OGA	Protein O-GlcNAcase	719325
O60503	O60503	ADCY9_HUMAN	ADCY9	Adenylate cyclase type 9	9863
O60504;O60504-2	O60504;O60504-2	VINEX_HUMAN	SORBS3	Vinexin	450668
O60506	O60506;O60506-2;O60506-3;O60506-4	HNRPQ_HUMAN	SYNCRIP	Heterogeneous nuclear ribonucleoprotein Q	8.85332e+06
O60507	O60507	TPST1_HUMAN	TPST1	Protein-tyrosine sulfotransferase 1	11465
O60508	O60508	PRP17_HUMAN	CDC40	Pre-mRNA-processing factor 17	1.0369e+06
O60513	O60513	B4GT4_HUMAN	B4GALT4	Beta-1,4-galactosyltransferase 4	65045
O60518	O60518	RNBP6_HUMAN	RANBP6	Ran-binding protein 6	947119
O60524;O60524-4;O60524-5	O60524;O60524-4;O60524-5	NEMF_HUMAN	NEMF	Nuclear export mediator factor NEMF	1.00052e+06
O60547;O60547-2	O60547;O60547-2	GMDS_HUMAN	GMDS	GDP-mannose 4,6 dehydratase	1.30459e+06
O60563	O60563;O60563-2	CCNT1_HUMAN	CCNT1	Cyclin-T1	879438
O60563;O60583;O60583-2	O60563;O60583;O60583-2	CCNT1_HUMAN;CCNT2_HUMAN	CCNT1;CCNT2	Cyclin-T1	71346
O60566;O60566-3	O60566;O60566-2;O60566-3	BUB1B_HUMAN	BUB1B	Mitotic checkpoint serine/threonine-protein kinase BUB1 beta	622768
O60568	O60568	PLOD3_HUMAN	PLOD3	Multifunctional procollagen lysine hydroxylase and glycosyltransferase LH3	4.44997e+06
O60573;O60573-2	O60573;O60573-2	IF4E2_HUMAN	EIF4E2	Eukaryotic translation initiation factor 4E type 2	59357
O60583;O60583-2	O60583;O60583-2	CCNT2_HUMAN	CCNT2	Cyclin-T2	141785
O60610;O60610-2;O60610-3	O60610;O60610-2;O60610-3	DIAP1_HUMAN	DIAPH1	Protein diaphanous homolog 1	3.64356e+06
O60613	O60613	SEP15_HUMAN	SELENOF	Selenoprotein F	117302
O60635	O60635	TSN1_HUMAN	TSPAN1	Tetraspanin-1	51753
O60637;O60637-2;O60637-3	O60637;O60637-2;O60637-3	TSN3_HUMAN	TSPAN3	Tetraspanin-3	39447
O60645	O60645	EXOC3_HUMAN	EXOC3	Exocyst complex component 3	921576
O60658;O60658-2	O60658;O60658-2;O60658-6	PDE8A_HUMAN	PDE8A	High affinity cAMP-specific and IBMX-insensitive 3',5'-cyclic phosphodiesterase 8A	192597
O60664;O60664-4	O60664;O60664-3;O60664-4	PLIN3_HUMAN	PLIN3	Perilipin-3	7.41397e+06
O60669	O60669	MOT2_HUMAN	SLC16A7	Monocarboxylate transporter 2	35678
O60671;O60671-2	O60671;O60671-2	RAD1_HUMAN	RAD1	Cell cycle checkpoint protein RAD1	153881
O60673;O60673-2	O60673;O60673-2	REV3L_HUMAN	REV3L	DNA polymerase zeta catalytic subunit	167827
O60674	O60674	JAK2_HUMAN	JAK2	Tyrosine-protein kinase JAK2	223667
O60675	O60675	MAFK_HUMAN	MAFK	Transcription factor MafK	4243
O60678	O60678;O60678-2	ANM3_HUMAN	PRMT3	Protein arginine N-methyltransferase 3	1.64125e+06
O60684	O60684	IMA7_HUMAN	KPNA6	Importin subunit alpha-7	790836
O60684;P52294	P52294;O60684	IMA5_HUMAN;IMA7_HUMAN	KPNA1;KPNA6	Importin subunit alpha-7	368796
O60701	O60701;O60701-2;O60701-3	UGDH_HUMAN	UGDH	UDP-glucose 6-dehydrogenase	3.29466e+06
O60716;O60716-2;O60716-3;O60716-5	O60716;O60716-2;O60716-3;O60716-4;O60716-5;O60716-6;O60716-7;O60716-8;O60716-9;O60716-10;O60716-11;O60716-12;O60716-13;O60716-14;O60716-15;O60716-16;O60716-17;O60716-18;O60716-19;O60716-20;O60716-21;O60716-22;O60716-23;O60716-24	CTND1_HUMAN	CTNND1	Catenin delta-1	2.46842e+06
O60725	O60725	ICMT_HUMAN	ICMT	Protein-S-isoprenylcysteine O-methyltransferase	150966
O60749	O60749;O60749-2	SNX2_HUMAN	SNX2	Sorting nexin-2	2.82924e+06
O60749;Q13596	O60749;O60749-2;Q13596;Q13596-2	SNX1_HUMAN;SNX2_HUMAN	SNX1;SNX2	Sorting nexin-2	941043
O60762	O60762	DPM1_HUMAN	DPM1	Dolichol-phosphate mannosyltransferase subunit 1	2.52847e+06
O60763;O60763-2	O60763;O60763-2	USO1_HUMAN	USO1	General vesicular transport factor p115	3.96201e+06
O60783	O60783	RT14_HUMAN	MRPS14	28S ribosomal protein S14, mitochondrial	913555
O60784	O60784;O60784-2;O60784-3;O60784-4	TOM1_HUMAN	TOM1	Target of Myb protein 1	649878
O60814;P58876;P62807;Q6DN03;Q6DRA6;Q93079;Q99877	P33778;P62807;Q16778;Q99877;Q93079;P58876;Q99880;Q5QNW6;Q5QNW6-2;P06899;Q6DN03;P23527;Q99879;Q6DRA6;O60814;Q8N257	H2B1C_HUMAN;H2B1D_HUMAN;H2B1H_HUMAN;H2B1K_HUMAN;H2B1N_HUMAN;H2B2C_HUMAN;H2B2D_HUMAN	H2BC12;H2BC15;H2BC4;HIST1H2BD;HIST1H2BH;HIST2H2BC;HIST2H2BD	Histone H2B type 1-K	1.0394e+06
O60814;P58876;P62807;Q93079;Q99877	P33778;P62807;Q16778;Q99877;Q93079;P57053;P58876;Q99880;Q5QNW6;Q5QNW6-2;P06899;P23527;Q99879;O60814	H2B1C_HUMAN;H2B1D_HUMAN;H2B1H_HUMAN;H2B1K_HUMAN;H2B1N_HUMAN	H2BC12;H2BC15;H2BC4;HIST1H2BD;HIST1H2BH	Histone H2B type 1-K	5.27325e+06
O60825;O60825-2	O60825;O60825-2	F262_HUMAN	PFKFB2	6-phosphofructo-2-kinase/fructose-2,6-bisphosphatase 2	1.15996e+06
O60826	O60826	CCD22_HUMAN	CCDC22	Coiled-coil domain-containing protein 22	1.12334e+06
O60828;O60828-2;O60828-4;O60828-5	O60828;O60828-2;O60828-4;O60828-5	PQBP1_HUMAN	PQBP1	Polyglutamine-binding protein 1	184783
O60830;O60830-2	O60830;O60830-2	TI17B_HUMAN	TIMM17B	Mitochondrial import inner membrane translocase subunit Tim17-B	246413
O60831	O60831	PRAF2_HUMAN	PRAF2	PRA1 family protein 2	224585
O60832	O60832;O60832-2	DKC1_HUMAN	DKC1	H/ACA ribonucleoprotein complex subunit DKC1	5.60032e+06
O60832;Q92560	O60832;O60832-2;Q92560	BAP1_HUMAN;DKC1_HUMAN	BAP1;DKC1	H/ACA ribonucleoprotein complex subunit DKC1	90983
O60841	O60841	IF2P_HUMAN	EIF5B	Eukaryotic translation initiation factor 5B	5.42828e+06
O60869	O60869;O60869-2;O60869-3	EDF1_HUMAN	EDF1	Endothelial differentiation-related factor 1	2.21628e+06
O60870;O60870-2	O60870;O60870-2	KIN17_HUMAN	KIN	DNA/RNA-binding protein KIN17	510030
O60879;O60879-2;O60879-3	O60879;O60879-2;O60879-3	DIAP2_HUMAN	DIAPH2	Protein diaphanous homolog 2	731528
O60884	O60884	DNJA2_HUMAN	DNAJA2	DnaJ homolog subfamily A member 2	2.31343e+06
O60885	O60885	BRD4_HUMAN	BRD4	Bromodomain-containing protein 4	779384
O60885;P25440;P25440-2;P25440-3;P25440-4;Q15059	P25440;P25440-2;P25440-3;P25440-4;Q15059;Q15059-2;O60885;O60885-2;O60885-3	BRD2_HUMAN;BRD3_HUMAN;BRD4_HUMAN	BRD2;BRD3;BRD4	Bromodomain-containing protein 4	41370
O60885;Q15059	Q15059;Q15059-2;O60885;O60885-2;O60885-3	BRD3_HUMAN;BRD4_HUMAN	BRD3;BRD4	Bromodomain-containing protein 4	767414
O60885;Q15059;Q58F21;Q58F21-2;Q58F21-3;Q58F21-5	Q15059;O60885;O60885-2;O60885-3;Q58F21;Q58F21-2;Q58F21-3;Q58F21-4;Q58F21-5	BRD3_HUMAN;BRD4_HUMAN;BRDT_HUMAN	BRD3;BRD4;BRDT	Bromodomain-containing protein 4	51350
O60888;O60888-2;O60888-3	O60888;O60888-2;O60888-3	CUTA_HUMAN	CUTA	Protein CutA	592528
O60890	O60890	OPHN1_HUMAN	OPHN1	Oligophrenin-1	193724
O60906	O60906	NSMA_HUMAN	SMPD2	Sphingomyelin phosphodiesterase 2	55735
O60907;O60907-2	O60907;O60907-2	TBL1X_HUMAN	TBL1X	F-box-like/WD repeat-containing protein TBL1X	542817
O60907;O60907-2;Q9BQ87	Q9BQ87;O60907;O60907-2	TBL1X_HUMAN;TBL1Y_HUMAN	TBL1X;TBL1Y	F-box-like/WD repeat-containing protein TBL1X	80760
O60907;O60907-2;Q9BQ87;Q9BZK7	Q9BQ87;O60907;O60907-2;Q9BZK7	TBL1R_HUMAN;TBL1X_HUMAN;TBL1Y_HUMAN	TBL1X;TBL1XR1;TBL1Y	F-box-like/WD repeat-containing protein TBL1X	252743
O60907;O60907-2;Q9BZK7	O60907;O60907-2;Q9BZK7	TBL1R_HUMAN;TBL1X_HUMAN	TBL1X;TBL1XR1	F-box-like/WD repeat-containing protein TBL1X	65544
O60909;O60909-2;O60909-3	O60909;O60909-2;O60909-3	B4GT2_HUMAN	B4GALT2	Beta-1,4-galactosyltransferase 2	28823
O60921	O60921;O60921-2	HUS1_HUMAN	HUS1	Checkpoint protein HUS1	247084
O60925	O60925	PFD1_HUMAN	PFDN1	Prefoldin subunit 1	640498
O60927	O60927	PP1RB_HUMAN	PPP1R11	E3 ubiquitin-protein ligase PPP1R11	95979
O60930	O60930	RNH1_HUMAN	RNASEH1	Ribonuclease H1	82300
O60934	O60934	NBN_HUMAN	NBN	Nibrin	2.50031e+06
O60936;O60936-1;O60936-3	O60936;O60936-1;O60936-3	NOL3_HUMAN	NOL3	Nucleolar protein 3	118813
O60941;O60941-2;O60941-3;O60941-4;O60941-5;O60941-6;O60941-7;Q9Y4J8;Q9Y4J8-10;Q9Y4J8-11;Q9Y4J8-12;Q9Y4J8-13;Q9Y4J8-14;Q9Y4J8-15;Q9Y4J8-16;Q9Y4J8-2;Q9Y4J8-3;Q9Y4J8-4;Q9Y4J8-5;Q9Y4J8-6;Q9Y4J8-8	Q9Y4J8;Q9Y4J8-2;Q9Y4J8-3;Q9Y4J8-4;Q9Y4J8-5;Q9Y4J8-6;Q9Y4J8-8;Q9Y4J8-10;Q9Y4J8-11;Q9Y4J8-12;Q9Y4J8-13;Q9Y4J8-14;Q9Y4J8-15;Q9Y4J8-16;O60941;O60941-2;O60941-3;O60941-4;O60941-5;O60941-6;O60941-7	DTNA_HUMAN;DTNB_HUMAN	DTNA;DTNB	Dystrobrevin beta	10193
O60942	O60942;O60942-2;O60942-3;O60942-4	MCE1_HUMAN	RNGTT	mRNA-capping enzyme	558884
O75027;O75027-2	O75027;O75027-2;O75027-3	ABCB7_HUMAN	ABCB7	ATP-binding cassette sub-family B member 7, mitochondrial	1.19114e+06
O75038;O75038-3	O75038;O75038-3	PLCH2_HUMAN	PLCH2	1-phosphatidylinositol 4,5-bisphosphate phosphodiesterase eta-2	77829
O75044	O75044	SRGP2_HUMAN	SRGAP2	SLIT-ROBO Rho GTPase-activating protein 2	291181
O75044;Q7Z6B7	O75044;Q7Z6B7;Q7Z6B7-2	SRGP1_HUMAN;SRGP2_HUMAN	SRGAP1;SRGAP2	SLIT-ROBO Rho GTPase-activating protein 2	80797
O75051	O75051	PLXA2_HUMAN	PLXNA2	Plexin-A2	338424
O75054	O75054;O75054-2	IGSF3_HUMAN	IGSF3	Immunoglobulin superfamily member 3	106952
O75063	O75063	XYLK_HUMAN	FAM20B	Glycosaminoglycan xylosylkinase	141833
O75064	O75064	DEN4B_HUMAN	DENND4B	DENN domain-containing protein 4B	267976
O75071	O75071	EFC14_HUMAN	EFCAB14	EF-hand calcium-binding domain-containing protein 14	102902
O75083	O75083	WDR1_HUMAN	WDR1	WD repeat-containing protein 1	5.6078e+06
O75093	O75093	SLIT1_HUMAN	SLIT1	Slit homolog 1 protein	130596
O75110	O75110	ATP9A_HUMAN	ATP9A	Probable phospholipid-transporting ATPase IIA	17653
O75113	O75113	N4BP1_HUMAN	N4BP1	NEDD4-binding protein 1	1.27265e+06
O75116	O75116	ROCK2_HUMAN	ROCK2	Rho-associated protein kinase 2	2.69806e+06
O75116;Q13464	O75116;Q13464	ROCK1_HUMAN;ROCK2_HUMAN	ROCK1;ROCK2	Rho-associated protein kinase 2	442613
O75122	O75122;O75122-2;O75122-3	CLAP2_HUMAN	CLASP2	CLIP-associating protein 2	699176
O75122;Q7Z460	O75122;O75122-3;Q7Z460;Q7Z460-2;Q7Z460-3;Q7Z460-4;Q7Z460-5	CLAP1_HUMAN;CLAP2_HUMAN	CLASP1;CLASP2	CLIP-associating protein 2	359807
O75127	O75127	PTCD1_HUMAN	PTCD1	Pentatricopeptide repeat-containing protein 1, mitochondrial	88709
O75128;O75128-2;O75128-3;O75128-7	O75128;O75128-2;O75128-3;O75128-4;O75128-5;O75128-7	COBL_HUMAN	COBL	Protein cordon-bleu	134164
O75131	O75131	CPNE3_HUMAN	CPNE3	Copine-3	2.87886e+06
O75131;Q86YQ8;Q96FN4	Q8IYJ1;Q96FN4;Q96FN4-2;Q9HCH3;Q9HCH3-2;O95741;O95741-2;Q96A23;Q96A23-2;Q9UBL6;Q9UBL6-2;O75131;Q86YQ8;Q86YQ8-2	CPNE2_HUMAN;CPNE3_HUMAN;CPNE8_HUMAN	CPNE2;CPNE3;CPNE8	Copine-3	718767
O75140;O75140-1;O75140-4;O75140-5;O75140-6;O75140-8;O75140-9	O75140;O75140-2;O75140-4;O75140-5;O75140-6;O75140-8;O75140-9;O75140-1	DEPD5_HUMAN	DEPDC5	GATOR complex protein DEPDC5	815394
O75145;O75145-2	O75145;O75145-2	LIPA3_HUMAN	PPFIA3	Liprin-alpha-3	635555
O75146	O75146;O75146-2	HIP1R_HUMAN	HIP1R	Huntingtin-interacting protein 1-related protein	786178
O75147;O75147-4	O75147;O75147-2;O75147-1;O75147-4	OBSL1_HUMAN	OBSL1	Obscurin-like protein 1	2.99944e+06
O75150	O75150;O75150-4	BRE1B_HUMAN	RNF40	E3 ubiquitin-protein ligase BRE1B	1.06902e+06
O75150;Q5VTR2	O75150;O75150-3;O75150-4;Q5VTR2	BRE1A_HUMAN;BRE1B_HUMAN	RNF20;RNF40	E3 ubiquitin-protein ligase BRE1B	102417
O75151	O75151	PHF2_HUMAN	PHF2	Lysine-specific demethylase PHF2	138239
O75151;Q9UPP1;Q9UPP1-2	Q9UPP1;Q9UPP1-2;Q9UPP1-3;Q9UPP1-4;Q9UPP1-5;O75151	PHF2_HUMAN;PHF8_HUMAN	PHF2;PHF8	Lysine-specific demethylase PHF2	165311
O75152	O75152	ZC11A_HUMAN	ZC3H11A	Zinc finger CCCH domain-containing protein 11A	1.81077e+06
O75153	O75153	CLU_HUMAN	CLUH	Clustered mitochondria protein homolog	2.41669e+06
O75154;O75154-3	O75154;O75154-3	RFIP3_HUMAN	RAB11FIP3	Rab11 family-interacting protein 3	73506
O75157;O75157-2	O75157;O75157-2	T22D2_HUMAN	TSC22D2	TSC22 domain family protein 2	67144
O75157;O75157-2;Q15714;Q15714-2;Q15714-3;Q99576;Q9Y3Q8	Q9Y3Q8;Q9Y3Q8-2;Q15714;Q15714-2;Q15714-3;Q99576;Q99576-3;Q99576-4;O75157;O75157-2	T22D1_HUMAN;T22D2_HUMAN;T22D3_HUMAN;T22D4_HUMAN	TSC22D1;TSC22D2;TSC22D3;TSC22D4	TSC22 domain family protein 2	72970
O75165	O75165	DJC13_HUMAN	DNAJC13	DnaJ homolog subfamily C member 13	2.88006e+06
O75167;O75167-2;O75167-4;O75167-5	O75167;O75167-2;O75167-4;O75167-5	PHAR2_HUMAN	PHACTR2	Phosphatase and actin regulator 2	114344
O75170;O75170-2;O75170-3;O75170-4;O75170-5;O75170-6	O75170;O75170-2;O75170-3;O75170-4;O75170-5;O75170-6	PP6R2_HUMAN	PPP6R2	Serine/threonine-protein phosphatase 6 regulatory subunit 2	27993
O75175	O75175	CNOT3_HUMAN	CNOT3	CCR4-NOT transcription complex subunit 3	944216
O75179;O75179-2;O75179-7	O75179;O75179-2;O75179-4;O75179-6;O75179-7	ANR17_HUMAN	ANKRD17	Ankyrin repeat domain-containing protein 17	661800
O75179;O75179-2;O75179-7;Q8IWZ3;Q8IWZ3-4;Q8IWZ3-6	O75179;O75179-2;O75179-3;O75179-4;O75179-5;O75179-6;O75179-7;Q8IWZ3;Q8IWZ3-2;Q8IWZ3-3;Q8IWZ3-4;Q8IWZ3-5;Q8IWZ3-6	ANKH1_HUMAN;ANR17_HUMAN	ANKHD1;ANKRD17	Ankyrin repeat domain-containing protein 17	795965
O75182;O75182-2	O75182;O75182-2	SIN3B_HUMAN	SIN3B	Paired amphipathic helix protein Sin3b	507493
O75190;O75190-4	O75190;O75190-3;O75190-4	DNJB6_HUMAN	DNAJB6	DnaJ homolog subfamily B member 6	215646
O75190;O75190-4;P25686	Q8NHS0;O75190;O75190-2;O75190-3;O75190-4;P25686;P25686-2	DNJB2_HUMAN;DNJB6_HUMAN	DNAJB2;DNAJB6	DnaJ homolog subfamily B member 6	34507
O75191	O75191;O75191-2	XYLB_HUMAN	XYLB	Xylulose kinase	256363
O75208	O75208;O75208-2	COQ9_HUMAN	COQ9	Ubiquinone biosynthesis protein COQ9, mitochondrial	230966
O75223	O75223;O75223-3	GGCT_HUMAN	GGCT	Gamma-glutamylcyclotransferase	3.94129e+06
O75251;O75251-2	O75251;O75251-2	NDUS7_HUMAN	NDUFS7	NADH dehydrogenase [ubiquinone] iron-sulfur protein 7, mitochondrial	236756
O75306;O75306-2	O75306;O75306-2	NDUS2_HUMAN	NDUFS2	NADH dehydrogenase [ubiquinone] iron-sulfur protein 2, mitochondrial	3.30418e+06
O75312	O75312	ZPR1_HUMAN	ZPR1	Zinc finger protein ZPR1	507752
O75317;P62068;P62068-2;P62068-3;P62068-4	O75317;P62068;P62068-2;P62068-3;P62068-4	UBP12_HUMAN;UBP46_HUMAN	USP12;USP46	Ubiquitin carboxyl-terminal hydrolase 12	29784
O75319;O75319-2	O75319;O75319-2	DUS11_HUMAN	DUSP11	RNA/RNP complex-1-interacting phosphatase	93923
O75323	O75323	NIPS2_HUMAN	NIPSNAP2	Protein NipSnap homolog 2	677085
O75323;Q9BPW8	O75323;O75323-2;Q9BPW8	NIPS1_HUMAN;NIPS2_HUMAN	NIPSNAP1;NIPSNAP2	Protein NipSnap homolog 2	73881
O75325;Q6UXK5;Q9H3W5	O75325;Q6UXK5;Q9H3W5	LRRN1_HUMAN;LRRN2_HUMAN;LRRN3_HUMAN	LRRN1;LRRN2;LRRN3	Leucine-rich repeat neuronal protein 2	55585
O75330;O75330-2;O75330-3;O75330-4	O75330;O75330-2;O75330-3;O75330-4	HMMR_HUMAN	HMMR	Hyaluronan mediated motility receptor	505306
O75340	O75340;O75340-2	PDCD6_HUMAN	PDCD6	Programmed cell death protein 6	4.73966e+06
O75347	O75347;O75347-2	TBCA_HUMAN	TBCA	Tubulin-specific chaperone A	1.73573e+06
O75348	O75348	VATG1_HUMAN	ATP6V1G1	V-type proton ATPase subunit G 1	636725
O75351	O75351	VPS4B_HUMAN	VPS4B	Vacuolar protein sorting-associated protein 4B	1.05953e+06
O75351;Q6PIW4;Q6PIW4-2;Q9UN37	Q6PIW4;Q6PIW4-2;Q9UN37;O75351	FIGL1_HUMAN;VPS4A_HUMAN;VPS4B_HUMAN	FIGNL1;VPS4A;VPS4B	Vacuolar protein sorting-associated protein 4B	765012
O75351;Q9UN37	Q9UN37;O75351	VPS4A_HUMAN;VPS4B_HUMAN	VPS4A;VPS4B	Vacuolar protein sorting-associated protein 4B	196969
O75352;O75352-2	O75352;O75352-2	MPU1_HUMAN	MPDU1	Mannose-P-dolichol utilization defect 1 protein	331788
O75354;O75354-2;O75354-3	O75354;O75354-2;O75354-3	ENTP6_HUMAN	ENTPD6	Ectonucleoside triphosphate diphosphohydrolase 6	65040
O75362	O75362	ZN217_HUMAN	ZNF217	Zinc finger protein 217	34338
O75362;Q96CB8	Q96CB8;O75362	INT12_HUMAN;ZN217_HUMAN	INTS12;ZNF217	Zinc finger protein 217	20252
O75367;O75367-3	O75367;O75367-2;O75367-3	H2AY_HUMAN	MACROH2A1	Core histone macro-H2A.1	8.95106e+06
O75368	O75368	SH3L1_HUMAN	SH3BGRL	SH3 domain-binding glutamic acid-rich-like protein	549108
O75369;O75369-2;O75369-8;O75369-9	O75369;O75369-2;O75369-3;O75369-7;O75369-4;O75369-5;O75369-6;O75369-8;O75369-9	FLNB_HUMAN	FLNB	Filamin-B	7.19675e+07
O75369;O75369-2;O75369-8;O75369-9;P21333;P21333-2	O75369;O75369-2;O75369-3;O75369-4;O75369-5;O75369-6;O75369-8;O75369-9;P21333;P21333-2	FLNA_HUMAN;FLNB_HUMAN	FLNA;FLNB	Filamin-B	200689
O75369;O75369-2;O75369-8;O75369-9;P21333;P21333-2;Q14315;Q14315-2	O75369;O75369-2;O75369-3;O75369-4;O75369-5;O75369-6;O75369-8;O75369-9;Q14315;Q14315-2;P21333;P21333-2	FLNA_HUMAN;FLNB_HUMAN;FLNC_HUMAN	FLNA;FLNB;FLNC	Filamin-B	2.1727e+06
O75369;O75369-2;O75369-8;O75369-9;Q14315;Q14315-2	O75369;O75369-2;O75369-3;O75369-7;O75369-4;O75369-5;O75369-6;O75369-8;O75369-9;Q14315;Q14315-2	FLNB_HUMAN;FLNC_HUMAN	FLNB;FLNC	Filamin-B	1.76387e+06
O75376	O75376;O75376-2	NCOR1_HUMAN	NCOR1	Nuclear receptor corepressor 1	1.58145e+06
O75379;O75379-2	O75379;O75379-2	VAMP4_HUMAN	VAMP4	Vesicle-associated membrane protein 4	29309
O75380	O75380	NDUS6_HUMAN	NDUFS6	NADH dehydrogenase [ubiquinone] iron-sulfur protein 6, mitochondrial	268340
O75381;O75381-2	O75381;O75381-2	PEX14_HUMAN	PEX14	Peroxisomal membrane protein PEX14	339049
O75382;O75382-4	O75382;O75382-2;O75382-4	TRIM3_HUMAN	TRIM3	Tripartite motif-containing protein 3	127264
O75390	O75390	CISY_HUMAN	CS	Citrate synthase, mitochondrial	5.69097e+06
O75391	O75391	SPAG7_HUMAN	SPAG7	Sperm-associated antigen 7	888274
O75394	O75394	RM33_HUMAN	MRPL33	39S ribosomal protein L33, mitochondrial	156993
O75396	O75396	SC22B_HUMAN	SEC22B	Vesicle-trafficking protein SEC22b	3.829e+06
O75400;O75400-2	O75400;O75400-2;O75400-3	PR40A_HUMAN	PRPF40A	Pre-mRNA-processing factor 40 homolog A	3.87178e+06
O75410;O75410-2;O75410-7;O75410-9	O75410;O75410-2;O75410-7;O75410-9	TACC1_HUMAN	TACC1	Transforming acidic coiled-coil-containing protein 1	124958
O75410;O75410-2;O75410-7;O75410-9;O95359;O95359-3	O75410;O75410-2;O75410-3;O75410-4;O75410-5;O75410-6;O75410-7;O75410-9;O75410-10;O95359;O95359-1;O95359-2;O95359-3;O95359-5;O95359-6	TACC1_HUMAN;TACC2_HUMAN	TACC1;TACC2	Transforming acidic coiled-coil-containing protein 1	89052
O75414	O75414;O75414-2	NDK6_HUMAN	NME6	Nucleoside diphosphate kinase 6	104447
O75419;O75419-2;O75419-3	O75419;O75419-2;O75419-3	CDC45_HUMAN	CDC45	Cell division control protein 45 homolog	241368
O75420	O75420	GGYF1_HUMAN	GIGYF1	GRB10-interacting GYF protein 1	343422
O75427	O75427	LRCH4_HUMAN	LRCH4	Leucine-rich repeat and calponin homology domain-containing protein 4	42041
O75431;O75431-2	O75431;O75431-2	MTX2_HUMAN	MTX2	Metaxin-2	532479
O75436	O75436	VP26A_HUMAN	VPS26A	Vacuolar protein sorting-associated protein 26A	2.56349e+06
O75438	O75438;O75438-2	NDUB1_HUMAN	NDUFB1	NADH dehydrogenase [ubiquinone] 1 beta subcomplex subunit 1	500719
O75439	O75439	MPPB_HUMAN	PMPCB	Mitochondrial-processing peptidase subunit beta	2.37343e+06
O75439;P31930	O75439;P31930	MPPB_HUMAN;QCR1_HUMAN	PMPCB;UQCRC1	Mitochondrial-processing peptidase subunit beta	409541
O75446	O75446	SAP30_HUMAN	SAP30	Histone deacetylase complex subunit SAP30	9121
O75448;O75448-2	O75448;O75448-2	MED24_HUMAN	MED24	Mediator of RNA polymerase II transcription subunit 24	233223
O75449	O75449	KTNA1_HUMAN	KATNA1	Katanin p60 ATPase-containing subunit A1	211094
O75449;Q9BW62	O75449;Q9BW62	KATL1_HUMAN;KTNA1_HUMAN	KATNA1;KATNAL1	Katanin p60 ATPase-containing subunit A1	74376
O75460	O75460	ERN1_HUMAN	ERN1	Serine/threonine-protein kinase/endoribonuclease IRE1	458556
O75475	O75475	PSIP1_HUMAN	PSIP1	PC4 and SFRS1-interacting protein	2.54012e+06
O75475;P51858;Q7Z4V5;Q9Y3E1	P51858;Q7Z4V5;Q7Z4V5-2;Q7Z4V5-3;Q7Z4V5-4;Q9Y3E1;O75475;O75475-2;O75475-3	HDGF_HUMAN;HDGR2_HUMAN;HDGR3_HUMAN;PSIP1_HUMAN	HDGF;HDGFL2;HDGFL3;PSIP1	PC4 and SFRS1-interacting protein	1.47665e+06
O75477	O75477	ERLN1_HUMAN	ERLIN1	Erlin-1	786371
O75477;O94905	O94905;O94905-2;O94905-3;O75477	ERLN1_HUMAN;ERLN2_HUMAN	ERLIN1;ERLIN2	Erlin-1	810359
O75489	O75489	NDUS3_HUMAN	NDUFS3	NADH dehydrogenase [ubiquinone] iron-sulfur protein 3, mitochondrial	2.66106e+06
O75494;O75494-2;O75494-3;O75494-4;O75494-5;O75494-6	O75494;O75494-2;O75494-3;O75494-4;O75494-5;O75494-6	SRS10_HUMAN	SRSF10	Serine/arginine-rich splicing factor 10	1.18909e+06
O75496	O75496	GEMI_HUMAN	GMNN	Geminin	128016
O75503	O75503	CLN5_HUMAN	CLN5	Ceroid-lipofuscinosis neuronal protein 5	291910
O75506	O75506	HSBP1_HUMAN	HSBP1	Heat shock factor-binding protein 1	136888
O75521;O75521-2	O75521;O75521-2	ECI2_HUMAN	ECI2	Enoyl-CoA delta isomerase 2, mitochondrial	1.28755e+06
O75525;O75525-2	O75525;O75525-2	KHDR3_HUMAN	KHDRBS3	KH domain-containing, RNA-binding, signal transduction-associated protein 3	62691
O75525;O75525-2;Q07666;Q07666-2	Q07666;Q07666-2;Q07666-3;O75525;O75525-2;Q5VWX1	KHDR1_HUMAN;KHDR3_HUMAN	KHDRBS1;KHDRBS3	KH domain-containing, RNA-binding, signal transduction-associated protein 3	39613
O75528	O75528;O75528-2	TADA3_HUMAN	TADA3	Transcriptional adapter 3	82685
O75529	O75529;O75529-2	TAF5L_HUMAN	TAF5L	TAF5-like RNA polymerase II p300/CBP-associated factor-associated factor 65 kDa subunit 5L	78418
O75530;O75530-2;O75530-3	O75530;O75530-2;O75530-3	EED_HUMAN	EED	Polycomb protein EED	475515
O75531	O75531	BAF_HUMAN	BANF1	Barrier-to-autointegration factor	5.59058e+06
O75533	O75533	SF3B1_HUMAN	SF3B1	Splicing factor 3B subunit 1	8.14759e+06
O75534;O75534-4	O75534;O75534-2;O75534-3;O75534-4	CSDE1_HUMAN	CSDE1	Cold shock domain-containing protein E1	4.85389e+06
O75554;O75554-2	O75554;O75554-2	WBP4_HUMAN	WBP4	WW domain-binding protein 4	266537
O75558	O75558	STX11_HUMAN	STX11	Syntaxin-11	20705
O75569	O75569;O75569-2;O75569-3	PRKRA_HUMAN	PRKRA	Interferon-inducible double-stranded RNA-dependent protein kinase activator A	434686
O75575;O75575-2;O75575-3;O75575-4	O75575;O75575-2;O75575-3;O75575-4	RPC9_HUMAN	CRCP	DNA-directed RNA polymerase III subunit RPC9	116422
O75581	O75581	LRP6_HUMAN	LRP6	Low-density lipoprotein receptor-related protein 6	320241
O75582	O75582;O75582-2	KS6A5_HUMAN	RPS6KA5	Ribosomal protein S6 kinase alpha-5	414805
O75586;O75586-2	O75586;O75586-2	MED6_HUMAN	MED6	Mediator of RNA polymerase II transcription subunit 6	33950
O75592;O75592-2	O75592;O75592-2	MYCB2_HUMAN	MYCBP2	E3 ubiquitin-protein ligase MYCBP2	1.86651e+06
O75600;O75600-2	O75600;O75600-2	KBL_HUMAN	GCAT	2-amino-3-ketobutyrate coenzyme A ligase, mitochondrial	278807
O75607	O75607	NPM3_HUMAN	NPM3	Nucleoplasmin-3	1.85407e+06
O75608;O75608-2	O75608;O75608-2	LYPA1_HUMAN	LYPLA1	Acyl-protein thioesterase 1	1.22621e+06
O75616	O75616;O75616-2	ERAL1_HUMAN	ERAL1	GTPase Era, mitochondrial	358744
O75629	O75629	CREG1_HUMAN	CREG1	Protein CREG1	265536
O75643	O75643	U520_HUMAN	SNRNP200	U5 small nuclear ribonucleoprotein 200 kDa helicase	1.72877e+07
O75648	O75648;O75648-2;O75648-3;O75648-4	MTU1_HUMAN	TRMU	Mitochondrial tRNA-specific 2-thiouridylase 1	838253
O75663	O75663;O75663-2	TIPRL_HUMAN	TIPRL	TIP41-like protein	950377
O75665	O75665	OFD1_HUMAN	OFD1	Oral-facial-digital syndrome 1 protein	162260
O75674;O75674-2;O75674-3	O75674;O75674-2;O75674-3	TM1L1_HUMAN	TOM1L1	TOM1-like protein 1	169689
O75676;O75676-2	O75676;O75676-2	KS6A4_HUMAN	RPS6KA4	Ribosomal protein S6 kinase alpha-4	266896
O75683	O75683	SURF6_HUMAN	SURF6	Surfeit locus protein 6	450943
O75688;O75688-2;O75688-4	O75688;O75688-2;O75688-4;O75688-5	PPM1B_HUMAN	PPM1B	Protein phosphatase 1B	179584
O75688;O75688-2;O75688-4;P35813;P35813-3	P35813;P35813-2;P35813-3;O75688;O75688-2;O75688-4;O75688-5	PPM1A_HUMAN;PPM1B_HUMAN	PPM1A;PPM1B	Protein phosphatase 1B	140390
O75691	O75691	UTP20_HUMAN	UTP20	Small subunit processome component 20 homolog	2.6894e+06
O75694;O75694-2	O75694;O75694-2	NU155_HUMAN	NUP155	Nuclear pore complex protein Nup155	5.35552e+06
O75695	O75695	XRP2_HUMAN	RP2	Protein XRP2	357530
O75717	O75717;O75717-2	WDHD1_HUMAN	WDHD1	WD repeat and HMG-box DNA-binding protein 1	1.78254e+06
O75718	O75718	CRTAP_HUMAN	CRTAP	Cartilage-associated protein	995390
O75746	O75746	CMC1_HUMAN	SLC25A12	Calcium-binding mitochondrial carrier protein Aralar1	1.15957e+06
O75746;Q9UJS0;Q9UJS0-2	Q9UJS0;Q9UJS0-2;O75746;O75746-2	CMC1_HUMAN;CMC2_HUMAN	SLC25A12;SLC25A13	Calcium-binding mitochondrial carrier protein Aralar1	1.41653e+06
O75771;O75771-3;O75771-4;O75771-5;O75771-8	O75771;O75771-3;O75771-4;O75771-5;O75771-8	RA51D_HUMAN	RAD51D	DNA repair protein RAD51 homolog 4	7545
O75781;O75781-2	O75781;O75781-2	PALM_HUMAN	PALM	Paralemmin-1	48614
O75787;O75787-2	O75787;O75787-2	RENR_HUMAN	ATP6AP2	Renin receptor	659146
O75792	O75792	RNH2A_HUMAN	RNASEH2A	Ribonuclease H2 subunit A	924630
O75794	O75794	CD123_HUMAN	CDC123	Cell division cycle protein 123 homolog	456278
O75807	O75807	PR15A_HUMAN	PPP1R15A	Protein phosphatase 1 regulatory subunit 15A	9758
O75808;O75808-2	O75808;O75808-2	CAN15_HUMAN	CAPN15	Calpain-15	222709
O75815	O75815;O75815-2;O75815-3	BCAR3_HUMAN	BCAR3	Breast cancer anti-estrogen resistance protein 3	417192
O75817	O75817	POP7_HUMAN	POP7	Ribonuclease P protein subunit p20	390500
O75818;O75818-2	O75818;O75818-2	RPP40_HUMAN	RPP40	Ribonuclease P protein subunit p40	246833
O75821	O75821	EIF3G_HUMAN	EIF3G	Eukaryotic translation initiation factor 3 subunit G	5.73779e+06
O75822	O75822;O75822-2;O75822-3	EIF3J_HUMAN	EIF3J	Eukaryotic translation initiation factor 3 subunit J	3.91945e+06
O75828	O75828	CBR3_HUMAN	CBR3	Carbonyl reductase [NADPH] 3	1.43628e+06
O75828;P16152	P16152;P16152-2;O75828	CBR1_HUMAN;CBR3_HUMAN	CBR1;CBR3	Carbonyl reductase [NADPH] 3	2.41646e+06
O75832	O75832	PSD10_HUMAN	PSMD10	26S proteasome non-ATPase regulatory subunit 10	1.50395e+06
O75843	O75843	AP1G2_HUMAN	AP1G2	AP-1 complex subunit gamma-like 2	313327
O75844	O75844	FACE1_HUMAN	ZMPSTE24	CAAX prenyl protease 1 homolog	969338
O75864	O75864	PPR37_HUMAN	PPP1R37	Protein phosphatase 1 regulatory subunit 37	184616
O75874	O75874	IDHC_HUMAN	IDH1	Isocitrate dehydrogenase [NADP] cytoplasmic	5.87018e+06
O75874;P48735	P48735;P48735-2;O75874	IDHC_HUMAN;IDHP_HUMAN	IDH1;IDH2	Isocitrate dehydrogenase [NADP] cytoplasmic	871516
O75879	O75879	GATB_HUMAN	GATB	Glutamyl-tRNA(Gln) amidotransferase subunit B, mitochondrial	214921
O75880	O75880	SCO1_HUMAN	SCO1	Protein SCO1 homolog, mitochondrial	240743
O75884	O75884;O75884-2	RBBP9_HUMAN	RBBP9	Serine hydrolase RBBP9	236405
O75886	O75886;O75886-2	STAM2_HUMAN	STAM2	Signal transducing adapter molecule 2	292470
O75886;Q92783;Q92783-2	Q92783;Q92783-2;O75886;O75886-2	STAM1_HUMAN;STAM2_HUMAN	STAM;STAM2	Signal transducing adapter molecule 2	258806
O75907	O75907	DGAT1_HUMAN	DGAT1	Diacylglycerol O-acyltransferase 1	156644
O75909;O75909-4	O75909;O75909-2;O75909-1;O75909-4	CCNK_HUMAN	CCNK	Cyclin-K	470050
O75915	O75915	PRAF3_HUMAN	ARL6IP5	PRA1 family protein 3	513256
O75923;O75923-10;O75923-11;O75923-12;O75923-13;O75923-14;O75923-15;O75923-2;O75923-3;O75923-4;O75923-5;O75923-6;O75923-7;O75923-8;O75923-9	O75923;O75923-2;O75923-3;O75923-4;O75923-5;O75923-6;O75923-7;O75923-8;O75923-9;O75923-10;O75923-11;O75923-12;O75923-13;O75923-14;O75923-15	DYSF_HUMAN	DYSF	Dysferlin	347271
O75923;O75923-10;O75923-11;O75923-12;O75923-13;O75923-14;O75923-15;O75923-2;O75923-3;O75923-4;O75923-5;O75923-6;O75923-7;O75923-8;O75923-9;Q9NZM1;Q9NZM1-6	O75923;O75923-2;O75923-3;O75923-4;O75923-5;O75923-6;O75923-7;O75923-8;O75923-9;O75923-10;O75923-11;O75923-12;O75923-13;O75923-14;O75923-15;Q9NZM1;Q9NZM1-2;Q9NZM1-3;Q9NZM1-5;Q9NZM1-6;Q9NZM1-7;Q9NZM1-8	DYSF_HUMAN;MYOF_HUMAN	DYSF;MYOF	Dysferlin	118236
O75925;O75925-2	O75925;O75925-2;O75925-3	PIAS1_HUMAN	PIAS1	E3 SUMO-protein ligase PIAS1	29405
O75925;O75925-2;O75928;O75928-2	O75925;O75925-2;O75928;O75928-2;O75928-3	PIAS1_HUMAN;PIAS2_HUMAN	PIAS1;PIAS2	E3 SUMO-protein ligase PIAS1	65156
O75928;O75928-2	O75928;O75928-2;O75928-3	PIAS2_HUMAN	PIAS2	E3 SUMO-protein ligase PIAS2	61828
O75934	O75934	SPF27_HUMAN	BCAS2	Pre-mRNA-splicing factor SPF27	918831
O75935;O75935-2;O75935-3	O75935;O75935-2;O75935-3	DCTN3_HUMAN	DCTN3	Dynactin subunit 3	398176
O75937	O75937	DNJC8_HUMAN	DNAJC8	DnaJ homolog subfamily C member 8	1.22697e+06
O75940	O75940	SPF30_HUMAN	SMNDC1	Survival of motor neuron-related-splicing factor 30	755587
O75947	O75947	ATP5H_HUMAN	ATP5PD	ATP synthase subunit d, mitochondrial	6.88215e+06
O75955	O75955;O75955-2	FLOT1_HUMAN	FLOT1	Flotillin-1	2.91281e+06
O75962;O75962-4;O75962-5	O60229;O60229-2;O75962;O75962-2;O75962-4;O75962-5	TRIO_HUMAN	TRIO	Triple functional domain protein	617854
O75964	O75964	ATP5L_HUMAN	ATP5MG	ATP synthase subunit g, mitochondrial	2.33696e+06
O75970;O75970-2;O75970-3;O75970-5	O75970;O75970-2;O75970-3;O75970-5	MPDZ_HUMAN	MPDZ	Multiple PDZ domain protein	159816
O75976	O75976	CBPD_HUMAN	CPD	Carboxypeptidase D	660681
O76003	O76003	GLRX3_HUMAN	GLRX3	Glutaredoxin-3	3.3964e+06
O76021	O76021	RL1D1_HUMAN	RSL1D1	Ribosomal L1 domain-containing protein 1	7.41472e+06
O76024	O76024	WFS1_HUMAN	WFS1	Wolframin	178192
O76031	O76031	CLPX_HUMAN	CLPX	ATP-dependent Clp protease ATP-binding subunit clpX-like, mitochondrial	1.52066e+06
O76039;O76039-2	O76039;O76039-2	CDKL5_HUMAN	CDKL5	Cyclin-dependent kinase-like 5	528459
O76054;O76054-4;O76054-5	O76054;O76054-4;O76054-5	S14L2_HUMAN	SEC14L2	SEC14-like protein 2	62969
O76061	O76061	STC2_HUMAN	STC2	Stanniocalcin-2	9125
O76071	O76071	CIAO1_HUMAN	CIAO1	Probable cytosolic iron-sulfur protein assembly protein CIAO1	668327
O76074;O76074-2	O76074;O76074-2	PDE5A_HUMAN	PDE5A	cGMP-specific 3',5'-cyclic phosphodiesterase	59908
O76075	O76075	DFFB_HUMAN	DFFB	DNA fragmentation factor subunit beta	34847
O76094	O76094;O76094-2	SRP72_HUMAN	SRP72	Signal recognition particle subunit SRP72	3.57369e+06
O76095;O76095-2	O76095;O76095-2	JTB_HUMAN	JTB	Protein JTB	85983
O77932	O77932	DXO_HUMAN	DXO	Decapping and exoribonuclease protein	52397
O94760;O94760-2	O94760;O94760-2	DDAH1_HUMAN	DDAH1	N(G),N(G)-dimethylarginine dimethylaminohydrolase 1	381278
O94760;O94760-2;O95865	O94760;O94760-2;O95865	DDAH1_HUMAN;DDAH2_HUMAN	DDAH1;DDAH2	N(G),N(G)-dimethylarginine dimethylaminohydrolase 1	96540
O94762	O94762;O94762-4	RECQ5_HUMAN	RECQL5	ATP-dependent DNA helicase Q5	1.81094e+06
O94763;O94763-3	O94763;O94763-2;O94763-3;O94763-4	RMP_HUMAN	URI1	Unconventional prefoldin RPB5 interactor 1	263878
O94766;O94766-2	O94766;O94766-2	B3GA3_HUMAN	B3GAT3	Galactosylgalactosylxylosylprotein 3-beta-glucuronosyltransferase 3	348969
O94776	O94776	MTA2_HUMAN	MTA2	Metastasis-associated protein MTA2	2.88548e+06
O94776;Q13330;Q13330-3;Q9BTC8;Q9BTC8-2	Q9BTC8;Q9BTC8-2;O94776;Q13330;Q13330-2;Q13330-3	MTA1_HUMAN;MTA2_HUMAN;MTA3_HUMAN	MTA1;MTA2;MTA3	Metastasis-associated protein MTA2	335940
O94776;Q9BTC8;Q9BTC8-2	Q9BTC8;Q9BTC8-2;O94776;O94776-2	MTA2_HUMAN;MTA3_HUMAN	MTA2;MTA3	Metastasis-associated protein MTA2	147655
O94782	O94782	UBP1_HUMAN	USP1	Ubiquitin carboxyl-terminal hydrolase 1	1.14944e+06
O94804	O94804	STK10_HUMAN	STK10	Serine/threonine-protein kinase 10	2.26223e+06
O94804;Q9H2G2	O94804;Q9H2G2;Q9H2G2-2	SLK_HUMAN;STK10_HUMAN	SLK;STK10	Serine/threonine-protein kinase 10	119854
O94806	O94806;Q9BZL6;Q9BZL6-2;Q9BZL6-3	KPCD3_HUMAN	PRKD3	Serine/threonine-protein kinase D3	243402
O94808	O94808	GFPT2_HUMAN	GFPT2	Glutamine--fructose-6-phosphate aminotransferase [isomerizing] 2	76949
O94808;Q06210;Q06210-2	O94808;Q06210;Q06210-2	GFPT1_HUMAN;GFPT2_HUMAN	GFPT1;GFPT2	Glutamine--fructose-6-phosphate aminotransferase [isomerizing] 2	493453
O94818;O94818-2;O94818-3;O94818-4	O94818;O94818-2;O94818-3;O94818-4	NOL4_HUMAN	NOL4	Nucleolar protein 4	24574
O94822;O94822-3	O94822;O94822-3	LTN1_HUMAN	LTN1	E3 ubiquitin-protein ligase listerin	1.49375e+06
O94826	O94826	TOM70_HUMAN	TOMM70	Mitochondrial import receptor subunit TOM70	2.99147e+06
O94829	O94829	IPO13_HUMAN	IPO13	Importin-13	209123
O94830;O94830-2	O94830;O94830-2	DDHD2_HUMAN	DDHD2	Phospholipase DDHD2	24448
O94830;O94830-2;Q9Y6Y8	O94830;O94830-2;Q9Y6Y8	DDHD2_HUMAN;S23IP_HUMAN	DDHD2;SEC23IP	Phospholipase DDHD2	60994
O94842;O94842-2;O94842-3	O94842;O94842-2;O94842-3	TOX4_HUMAN	TOX4	TOX high mobility group box family member 4	355849
O94855;O94855-2	O94855;O94855-2	SC24D_HUMAN	SEC24D	Protein transport protein Sec24D	769367
O94864;O94864-2	O94864;O94864-2	ST65G_HUMAN	SUPT7L	STAGA complex 65 subunit gamma	99992
O94868	O94868;O94868-2;O94868-3	FCSD2_HUMAN	FCHSD2	F-BAR and double SH3 domains protein 2	422540
O94874	O94874;O94874-2;O94874-3	UFL1_HUMAN	UFL1	E3 UFM1-protein ligase 1	2.47838e+06
O94875;O94875-11	O94875;O94875-2;O94875-3;O94875-4;O94875-5;O94875-7;O94875-8;O94875-9;O94875-10;O94875-11;O94875-12	SRBS2_HUMAN	SORBS2	Sorbin and SH3 domain-containing protein 2	219735
O94880	O94880;O94880-2	PHF14_HUMAN	PHF14	PHD finger protein 14	502953
O94886	O94886	CSCL1_HUMAN	TMEM63A	CSC1-like protein 1	48655
O94887;O94887-2;O94887-3	O94887;O94887-2;O94887-3	FARP2_HUMAN	FARP2	FERM, ARHGEF and pleckstrin domain-containing protein 2	67882
O94888	O94888	UBXN7_HUMAN	UBXN7	UBX domain-containing protein 7	509382
O94901;O94901-5;O94901-8;O94901-9	O94901;O94901-5;O94901-6;O94901-8;O94901-9	SUN1_HUMAN	SUN1	SUN domain-containing protein 1	1.40904e+06
O94903	O94903	PLPHP_HUMAN	PLPBP	Pyridoxal phosphate homeostasis protein	361153
O94905	O94905	ERLN2_HUMAN	ERLIN2	Erlin-2	2.02414e+06
O94906	O94906;O94906-2	PRP6_HUMAN	PRPF6	Pre-mRNA-processing factor 6	4.47169e+06
O94910;O94910-2	O94910;O94910-2	AGRL1_HUMAN	ADGRL1	Adhesion G protein-coupled receptor L1	90692
O94913	O94913	PCF11_HUMAN	PCF11	Pre-mRNA cleavage complex 2 protein Pcf11	688540
O94915	O94915	FRYL_HUMAN	FRYL	Protein furry homolog-like	583343
O94916;O94916-2;O94916-4;O94916-5	O94916;O94916-2;O94916-4;O94916-5	NFAT5_HUMAN	NFAT5	Nuclear factor of activated T-cells 5	140640
O94919	O94919	ENDD1_HUMAN	ENDOD1	Endonuclease domain-containing 1 protein	96789
O94923	O94923	GLCE_HUMAN	GLCE	D-glucuronyl C5-epimerase	97072
O94925	O94925;O94925-3	GLSK_HUMAN	GLS	Glutaminase kidney isoform, mitochondrial	1.33653e+06
O94927	O94927	HAUS5_HUMAN	HAUS5	HAUS augmin-like complex subunit 5	338501
O94929	O94929	ABLM3_HUMAN	ABLIM3	Actin-binding LIM protein 3	337066
O94952;O94952-1	O94952;O94952-1	FBX21_HUMAN	FBXO21	F-box only protein 21	184928
O94953	O94953	KDM4B_HUMAN	KDM4B	Lysine-specific demethylase 4B	55599
O94964;O94964-2	O94964;O94964-2;O94964-3	SOGA1_HUMAN	SOGA1	Protein SOGA1	92364
O94966;O94966-3;O94966-4;O94966-5;O94966-6;O94966-7	O94966;O94966-2;O94966-3;O94966-4;O94966-5;O94966-6;O94966-7	UBP19_HUMAN	USP19	Ubiquitin carboxyl-terminal hydrolase 19	445340
O94967;O94967-2;O94967-3;O94967-4	O94967;O94967-2;O94967-3;O94967-4	WDR47_HUMAN	WDR47	WD repeat-containing protein 47	109849
O94972;O94972-2;O94972-3	O94972;O94972-2;O94972-3	TRI37_HUMAN	TRIM37	E3 ubiquitin-protein ligase TRIM37	54773
O94973	O94973;O94973-2	AP2A2_HUMAN	AP2A2	AP-2 complex subunit alpha-2	988291
O94973;O95782;O95782-2	O94973;O94973-2;O94973-3;O95782;O95782-2	AP2A1_HUMAN;AP2A2_HUMAN	AP2A1;AP2A2	AP-2 complex subunit alpha-2	1.13379e+06
O94979	O94979;O94979-2;O94979-3;O94979-4;O94979-6;O94979-7;O94979-8;O94979-9;O94979-10	SC31A_HUMAN	SEC31A	Protein transport protein Sec31A	3.04817e+06
O94985;O94985-2	O94985;O94985-2	CSTN1_HUMAN	CLSTN1	Calsyntenin-1	45797
O94986;O94986-3	O94986;O94986-1;O94986-2;O94986-3	CE152_HUMAN	CEP152	Centrosomal protein of 152 kDa	1.46928e+06
O94992	O94992	HEXI1_HUMAN	HEXIM1	Protein HEXIM1	963117
O94992;Q96MH2	Q96MH2;O94992	HEXI1_HUMAN;HEXI2_HUMAN	HEXIM1;HEXIM2	Protein HEXIM1	95796
O95059	O95059	RPP14_HUMAN	RPP14	Ribonuclease P protein subunit p14	55566
O95067	O95067	CCNB2_HUMAN	CCNB2	G2/mitotic-specific cyclin-B2	106290
O95070	O95070	YIF1A_HUMAN	YIF1A	Protein YIF1A	94279
O95071;O95071-2	O95071;O95071-2	UBR5_HUMAN	UBR5	E3 ubiquitin-protein ligase UBR5	1.92899e+06
O95081	O95081;O95081-2	AGFG2_HUMAN	AGFG2	Arf-GAP domain and FG repeat-containing protein 2	126583
O95084;O95084-2	O95084;O95084-2	PRS23_HUMAN	PRSS23	Serine protease 23	403523
O95104;O95104-2;O95104-3	O95104;O95104-2;O95104-3	SCAF4_HUMAN	SCAF4	SR-related and CTD-associated factor 4	430104
O95104;O95104-2;O95104-3;Q9UPN6	O95104;O95104-2;O95104-3;Q9UPN6;Q9UPN6-2	SCAF4_HUMAN;SCAF8_HUMAN	SCAF4;SCAF8	SR-related and CTD-associated factor 4	100807
O95139	O95139	NDUB6_HUMAN	NDUFB6	NADH dehydrogenase [ubiquinone] 1 beta subcomplex subunit 6	509069
O95140	O95140	MFN2_HUMAN	MFN2	Mitofusin-2	558383
O95149	O95149	SPN1_HUMAN	SNUPN	Snurportin-1	300660
O95155;O95155-2;O95155-4	O95155;O95155-2;O95155-3;O95155-4	UBE4B_HUMAN	UBE4B	Ubiquitin conjugation factor E4 B	862837
O95159	O95159	ZFPL1_HUMAN	ZFPL1	Zinc finger protein-like 1	103118
O95163	O95163	ELP1_HUMAN	ELP1	Elongator complex protein 1	2.35977e+06
O95164	O95164	UBL3_HUMAN	UBL3	Ubiquitin-like protein 3	35402
O95167	O95167	NDUA3_HUMAN	NDUFA3	NADH dehydrogenase [ubiquinone] 1 alpha subcomplex subunit 3	212691
O95168	O95168;O95168-2	NDUB4_HUMAN	NDUFB4	NADH dehydrogenase [ubiquinone] 1 beta subcomplex subunit 4	1.28999e+06
O95169;O95169-2;O95169-3	O95169;O95169-2;O95169-3	NDUB8_HUMAN	NDUFB8	NADH dehydrogenase [ubiquinone] 1 beta subcomplex subunit 8, mitochondrial	400630
O95182	O95182	NDUA7_HUMAN	NDUFA7	NADH dehydrogenase [ubiquinone] 1 alpha subcomplex subunit 7	886026
O95197;O95197-2	O95197;O95197-2;O95197-3;O95197-4;O95197-7	RTN3_HUMAN	RTN3	Reticulon-3	981372
O95202	O95202	LETM1_HUMAN	LETM1	Mitochondrial proton/calcium exchanger protein	3.12453e+06
O95202;Q9NTJ3;Q9Y520;Q9Y520-5;Q9Y520-7	O95202;Q9Y520;Q9Y520-2;Q9Y520-3;Q9Y520-4;Q9Y520-5;Q9Y520-6;Q9Y520-7;Q9NTJ3;Q9NTJ3-2;Reverse_sp|Q86W54|SPA24_HUMAN;Reverse_sp|Q86W54-2|SPA24_HUMAN	LETM1_HUMAN;PRC2C_HUMAN;SMC4_HUMAN	LETM1;PRRC2C;SMC4	Mitochondrial proton/calcium exchanger protein	183758
O95208;O95208-2;O95208-3	O95208;O95208-2;O95208-3;O95208-5	EPN2_HUMAN	EPN2	Epsin-2	251152
O95210	O95210	STBD1_HUMAN	STBD1	Starch-binding domain-containing protein 1	271371
O95214;O95214-2	O95214;O95214-2	LERL1_HUMAN	LEPROTL1	Leptin receptor overlapping transcript-like 1	35766
O95218;O95218-2	O95218;O95218-2	ZRAB2_HUMAN	ZRANB2	Zinc finger Ran-binding domain-containing protein 2	1.0589e+06
O95219	O95219;O95219-2	SNX4_HUMAN	SNX4	Sorting nexin-4	92718
O95229	O95229	ZWINT_HUMAN	ZWINT	ZW10 interactor	134687
O95232	O95232;O95232-2	LC7L3_HUMAN	LUC7L3	Luc7-like protein 3	1.76126e+06
O95239	O95239;O95239-2	KIF4A_HUMAN	KIF4A	Chromosome-associated kinesin KIF4A	486766
O95239;Q2VIQ3	O95239;O95239-2;Q2VIQ3	KIF4A_HUMAN;KIF4B_HUMAN	KIF4A;KIF4B	Chromosome-associated kinesin KIF4A	360183
O95239;Q2VIQ3;Q9Y496	Q9Y496;O95239;O95239-2;Q2VIQ3;Q6ZMV9;Q6ZMV9-3	KIF3A_HUMAN;KIF4A_HUMAN;KIF4B_HUMAN	KIF3A;KIF4A;KIF4B	Chromosome-associated kinesin KIF4A	45510
O95243;O95243-2;O95243-5	O95243;O95243-2;O95243-5;O95243-6	MBD4_HUMAN	MBD4	Methyl-CpG-binding domain protein 4	99907
O95248;O95248-4;O95248-5	O95248;O95248-4;O95248-5	MTMR5_HUMAN	SBF1	Myotubularin-related protein 5	402460
O95248;O95248-4;O95248-5;Q86WG5	O95248;O95248-4;O95248-5;Q86WG5	MTMR5_HUMAN;MTMRD_HUMAN	SBF1;SBF2	Myotubularin-related protein 5	443573
O95249	O95249	GOSR1_HUMAN	GOSR1	Golgi SNAP receptor complex member 1	230286
O95251;O95251-4	O95251;O95251-2;O95251-3;O95251-4;O95251-5	KAT7_HUMAN	KAT7	Histone acetyltransferase KAT7	553827
O95260;O95260-2	O95260;O95260-2	ATE1_HUMAN	ATE1	Arginyl-tRNA--protein transferase 1	1.07985e+06
O95273;O95273-2	O95273;O95273-2	CCDB1_HUMAN	CCNDBP1	Cyclin-D1-binding protein 1	406825
O95292	O95292;O95292-2	VAPB_HUMAN	VAPB	Vesicle-associated membrane protein-associated protein B/C	3.32999e+06
O95292;Q9P0L0	Q9P0L0;Q9P0L0-2;O95292;O95292-2	VAPA_HUMAN;VAPB_HUMAN	VAPA;VAPB	Vesicle-associated membrane protein-associated protein B/C	2.21558e+06
O95294;O95294-2;O95294-3;O95294-4	O95294;O95294-2;O95294-3;O95294-4	RASL1_HUMAN	RASAL1	RasGAP-activating-like protein 1	191645
O95295	O95295	SNAPN_HUMAN	SNAPIN	SNARE-associated protein Snapin	484565
O95297;O95297-2	O95297;O95297-2;O95297-4	MPZL1_HUMAN	MPZL1	Myelin protein zero-like protein 1	497305
O95298	O95298;O95298-2	NDUC2_HUMAN	NDUFC2	NADH dehydrogenase [ubiquinone] 1 subunit C2	824587
O95299	O95299	NDUAA_HUMAN	NDUFA10	NADH dehydrogenase [ubiquinone] 1 alpha subcomplex subunit 10, mitochondrial	1.76008e+06
O95302	O95302;O95302-3	FKBP9_HUMAN	FKBP9	Peptidyl-prolyl cis-trans isomerase FKBP9	592301
O95302;Q96AY3	O95302;Q96AY3	FKB10_HUMAN;FKBP9_HUMAN	FKBP10;FKBP9	Peptidyl-prolyl cis-trans isomerase FKBP9	67142
O95319;O95319-2;O95319-3;O95319-4;O95319-5	O95319;O95319-2;O95319-3;O95319-4;O95319-5	CELF2_HUMAN	CELF2	CUGBP Elav-like family member 2	45313
O95336	O95336	6PGL_HUMAN	PGLS	6-phosphogluconolactonase	4.96732e+06
O95340;O95340-2	O95340;O95340-2	PAPS2_HUMAN	PAPSS2	Bifunctional 3'-phosphoadenosine 5'-phosphosulfate synthase 2	1.66306e+06
O95347	O95347;O95347-2	SMC2_HUMAN	SMC2	Structural maintenance of chromosomes protein 2	4.08799e+06
O95352	O95352	ATG7_HUMAN	ATG7	Ubiquitin-like modifier-activating enzyme ATG7	2.43647e+06
O95359;O95359-3	O95359;O95359-1;O95359-2;O95359-3;O95359-5;O95359-6	TACC2_HUMAN	TACC2	Transforming acidic coiled-coil-containing protein 2	822136
O95361	O95361;O95361-2;Q309B1	TRI16_HUMAN	TRIM16	Tripartite motif-containing protein 16	563650
O95363	O95363	SYFM_HUMAN	FARS2	Phenylalanine--tRNA ligase, mitochondrial	262789
O95365	O95365	ZBT7A_HUMAN	ZBTB7A	Zinc finger and BTB domain-containing protein 7A	22524
O95372	O95372	LYPA2_HUMAN	LYPLA2	Acyl-protein thioesterase 2	491897
O95373	O95373	IPO7_HUMAN	IPO7	Importin-7	9.0993e+06
O95376	O95376	ARI2_HUMAN	ARIH2	E3 ubiquitin-protein ligase ARIH2	416928
O95379;O95379-2;O95379-3;O95379-4	O95379;O95379-2;O95379-3;O95379-4	TFIP8_HUMAN	TNFAIP8	Tumor necrosis factor alpha-induced protein 8	334943
O95391	O95391	SLU7_HUMAN	SLU7	Pre-mRNA-splicing factor SLU7	669879
O95394;O95394-3;O95394-4	O95394;O95394-3;O95394-4	AGM1_HUMAN	PGM3	Phosphoacetylglucosamine mutase	1.69919e+06
O95396	O95396	MOCS3_HUMAN	MOCS3	Adenylyltransferase and sulfurtransferase MOCS3	483889
O95400	O95400	CD2B2_HUMAN	CD2BP2	CD2 antigen cytoplasmic tail-binding protein 2	891106
O95406	O95406	CNIH1_HUMAN	CNIH1	Protein cornichon homolog 1	91665
O95425;O95425-3;O95425-4	O95425;O95425-2;O95425-3;O95425-4	SVIL_HUMAN	SVIL	Supervillin	594478
O95429;O95429-2	O95429;O95429-2	BAG4_HUMAN	BAG4	BAG family molecular chaperone regulator 4	202209
O95433	O95433	AHSA1_HUMAN	AHSA1	Activator of 90 kDa heat shock protein ATPase homolog 1	5.11456e+06
O95453;O95453-2;O95453-3	O95453;O95453-2;O95453-3;O95453-4	PARN_HUMAN	PARN	Poly(A)-specific ribonuclease PARN	1.3607e+06
O95456	O95456	PSMG1_HUMAN	PSMG1	Proteasome assembly chaperone 1	978558
O95466;O95466-2;O95466-3	O95466;O95466-2;O95466-3	FMNL1_HUMAN	FMNL1	Formin-like protein 1	375689
O95470	O95470	SGPL1_HUMAN	SGPL1	Sphingosine-1-phosphate lyase 1	1.201e+06
O95475	O95475	SIX6_HUMAN	SIX6	Homeobox protein SIX6	42391
O95476	O95476	CNEP1_HUMAN	CTDNEP1	CTD nuclear envelope phosphatase 1	140312
O95478	O95478	NSA2_HUMAN	NSA2	Ribosome biogenesis protein NSA2 homolog	1.53811e+06
O95479;O95479-2	O95479;O95479-2	G6PE_HUMAN	H6PD	GDH/6PGL endoplasmic bifunctional protein	131713
O95486	O95486;O95486-2	SC24A_HUMAN	SEC24A	Protein transport protein Sec24A	1.05413e+06
O95487;O95487-2;O95487-3	O95487;O95487-2;O95487-3	SC24B_HUMAN	SEC24B	Protein transport protein Sec24B	992403
O95503	O95503	CBX6_HUMAN	CBX6	Chromobox protein homolog 6	26159
O95544;O95544-2;O95544-3	O95544;O95544-2;O95544-3	NADK_HUMAN	NADK	NAD kinase	18010
O95551;O95551-2	O95551;O95551-2	TYDP2_HUMAN	TDP2	Tyrosyl-DNA phosphodiesterase 2	313201
O95562	O95562	SFT2B_HUMAN	SFT2D2	Vesicle transport protein SFT2B	78119
O95563	O95563	MPC2_HUMAN	MPC2	Mitochondrial pyruvate carrier 2	142037
O95568	O95568	MET18_HUMAN	METTL18	Histidine protein methyltransferase 1 homolog	15451
O95571	O95571	ETHE1_HUMAN	ETHE1	Persulfide dioxygenase ETHE1, mitochondrial	1.47638e+06
O95573	O95573	ACSL3_HUMAN	ACSL3	Long-chain-fatty-acid--CoA ligase 3	3.14982e+06
O95602	O95602	RPA1_HUMAN	POLR1A	DNA-directed RNA polymerase I subunit RPA1	2.28738e+06
O95613	O95613;O95613-2	PCNT_HUMAN	PCNT	Pericentrin	971968
O95619	O95619	YETS4_HUMAN	YEATS4	YEATS domain-containing protein 4	299578
O95625	O95625	ZBT11_HUMAN	ZBTB11	Zinc finger and BTB domain-containing protein 11	116290
O95628;O95628-10;O95628-2;O95628-3;O95628-4;O95628-6;O95628-7;O95628-8;O95628-9	O95628;O95628-2;O95628-3;O95628-4;O95628-5;O95628-6;O95628-7;O95628-8;O95628-9;O95628-10	CNOT4_HUMAN	CNOT4	CCR4-NOT transcription complex subunit 4	356327
O95630	O95630;O95630-2	STABP_HUMAN	STAMBP	STAM-binding protein	575573
O95639	O95639;O95639-2;O95639-3	CPSF4_HUMAN	CPSF4	Cleavage and polyadenylation specificity factor subunit 4	496610
O95644;O95644-10;O95644-2;O95644-4	O95644;O95644-2;O95644-3;O95644-4;O95644-5;O95644-6;O95644-8;O95644-10;O95644-11;O95644-17	NFAC1_HUMAN	NFATC1	Nuclear factor of activated T-cells, cytoplasmic 1	284681
O95671;O95671-2	O95671;O95671-2;O95671-3	ASML_HUMAN	ASMTL	Probable bifunctional dTTP/UTP pyrophosphatase/methyltransferase protein	94188
O95674	O95674	CDS2_HUMAN	CDS2	Phosphatidate cytidylyltransferase 2	150297
O95677;O95677-2;O95677-4;O95677-5	O95677;O95677-2;O95677-4;O95677-5	EYA4_HUMAN	EYA4	Eyes absent homolog 4	66561
O95684;O95684-2	O95684;O95684-2;O95684-3	FR1OP_HUMAN	FGFR1OP	FGFR1 oncogene partner	83858
O95685	O95685	PPR3D_HUMAN	PPP1R3D	Protein phosphatase 1 regulatory subunit 3D	17481
O95696;O95696-2	O95696;O95696-2	BRD1_HUMAN	BRD1	Bromodomain-containing protein 1	110397
O95707	O95707	RPP29_HUMAN	POP4	Ribonuclease P protein subunit p29	191983
O95714	O95714	HERC2_HUMAN	HERC2	E3 ubiquitin-protein ligase HERC2	970532
O95716	Q96E17;O95716;P20337	RAB3D_HUMAN	RAB3D	Ras-related protein Rab-3D	133291
O95716;P20336	O95716;P20336	RAB3A_HUMAN;RAB3D_HUMAN	RAB3A;RAB3D	Ras-related protein Rab-3D	8144
O95716;P20336;P20338;P61006;P61018;P61018-2;P61026;P61106;P62820;Q15286;Q6IQ22;Q92930;Q9H0U4	P62820;P20338;Q96E17;P61106;Q92930;Q92928;Q6IQ22;Q9H0U4;O95716;Q15286;Q15286-2;Q96AX2;Q96AX2-2;Q96AX2-3;Q96AX2-4;Q15771;Q15771-2;P20337;P61018;P61018-2;Q86YS6;Q86YS6-2;P61006;P61006-2;P20336;P61026;Q96DA2	RAB10_HUMAN;RAB12_HUMAN;RAB14_HUMAN;RAB1A_HUMAN;RAB1B_HUMAN;RAB35_HUMAN;RAB3A_HUMAN;RAB3D_HUMAN;RAB4A_HUMAN;RAB4B_HUMAN;RAB8A_HUMAN;RAB8B_HUMAN	RAB10;RAB12;RAB14;RAB1A;RAB1B;RAB35;RAB3A;RAB3D;RAB4A;RAB4B;RAB8A;RAB8B	Ras-related protein Rab-3D	3.23721e+06
O95716;P61224;P62834	P62834;O95716;P61224;P61224-2;P61224-3;P61224-4;A6NIZ1	RAB3D_HUMAN;RAP1A_HUMAN;RAP1B_HUMAN	RAB3D;RAP1A;RAP1B	Ras-related protein Rab-3D	175503
O95721	O95721	SNP29_HUMAN	SNAP29	Synaptosomal-associated protein 29	276546
O95747	O95747	OXSR1_HUMAN	OXSR1	Serine/threonine-protein kinase OSR1	1.56164e+06
O95747;Q9UEW8;Q9UEW8-2	O95747;Q9UEW8;Q9UEW8-2	OXSR1_HUMAN;STK39_HUMAN	OXSR1;STK39	Serine/threonine-protein kinase OSR1	244548
O95749	O95749	GGPPS_HUMAN	GGPS1	Geranylgeranyl pyrophosphate synthase	144546
O95757	O95757	HS74L_HUMAN	HSPA4L	Heat shock 70 kDa protein 4L	2.27502e+06
O95757;P34932	O95757;P34932	HS74L_HUMAN;HSP74_HUMAN	HSPA4;HSPA4L	Heat shock 70 kDa protein 4L	280106
O95757;P34932;Q92598;Q92598-2	Q92598;Q92598-2;Q92598-3;Q92598-4;O95757;P34932	HS105_HUMAN;HS74L_HUMAN;HSP74_HUMAN	HSPA4;HSPA4L;HSPH1	Heat shock 70 kDa protein 4L	106004
O95757;Q92598;Q92598-2	Q92598;Q92598-2;Q92598-3;Q92598-4;O95757	HS105_HUMAN;HS74L_HUMAN	HSPA4L;HSPH1	Heat shock 70 kDa protein 4L	131213
O95758;O95758-1;O95758-4;O95758-5;O95758-6	O95758;O95758-1;O95758-2;O95758-4;O95758-5;O95758-6;O95758-7	PTBP3_HUMAN	PTBP3	Polypyrimidine tract-binding protein 3	1.11548e+06
O95758;O95758-1;O95758-4;O95758-5;O95758-6;P26599;P26599-2;P26599-3	O95758;O95758-1;O95758-2;O95758-4;O95758-5;O95758-6;O95758-7;P26599;P26599-2;P26599-3	PTBP1_HUMAN;PTBP3_HUMAN	PTBP1;PTBP3	Polypyrimidine tract-binding protein 3	902992
O95758;O95758-1;O95758-4;O95758-5;O95758-6;P26599;P26599-2;P26599-3;Q9UKA9;Q9UKA9-2;Q9UKA9-3;Q9UKA9-4	Q9UKA9;Q9UKA9-2;Q9UKA9-3;Q9UKA9-4;Q9UKA9-5;Q9UKA9-6;O95758;O95758-1;O95758-2;O95758-4;O95758-5;O95758-6;O95758-7;P26599;P26599-2;P26599-3	PTBP1_HUMAN;PTBP2_HUMAN;PTBP3_HUMAN	PTBP1;PTBP2;PTBP3	Polypyrimidine tract-binding protein 3	100481
O95777	O95777	LSM8_HUMAN	LSM8	U6 snRNA-associated Sm-like protein LSm8	558039
O95782;O95782-2	O95782;O95782-2	AP2A1_HUMAN	AP2A1	AP-2 complex subunit alpha-1	5.80604e+06
O95785	O95785;O95785-2;O95785-3;O95785-4	WIZ_HUMAN	WIZ	Protein Wiz	637585
O95786	O95786;O95786-2	DDX58_HUMAN	DDX58	Antiviral innate immune response receptor RIG-I	148578
O95789;O95789-5	O95789;O95789-5	ZMYM6_HUMAN	ZMYM6	Zinc finger MYM-type protein 6	3.99791e+06
O95793;O95793-2;O95793-3	O95793;O95793-2;O95793-3	STAU1_HUMAN	STAU1	Double-stranded RNA-binding protein Staufen homolog 1	512266
O95793;O95793-2;O95793-3;Q9NUL3;Q9NUL3-2;Q9NUL3-3;Q9NUL3-8	Q9NUL3;Q9NUL3-2;Q9NUL3-3;Q9NUL3-4;Q9NUL3-6;Q9NUL3-7;Q9NUL3-8;O95793;O95793-2;O95793-3	STAU1_HUMAN;STAU2_HUMAN	STAU1;STAU2	Double-stranded RNA-binding protein Staufen homolog 1	186857
O95801	O95801	TTC4_HUMAN	TTC4	Tetratricopeptide repeat protein 4	106957
O95807	O95807	TM50A_HUMAN	TMEM50A	Transmembrane protein 50A	12878
O95816	O95816;O95816-2	BAG2_HUMAN	BAG2	BAG family molecular chaperone regulator 2	2.43762e+06
O95817	O95817	BAG3_HUMAN	BAG3	BAG family molecular chaperone regulator 3	1.11228e+06
O95819;O95819-3	O95819;O95819-2;O95819-3;O95819-4;O95819-5;O95819-6	M4K4_HUMAN	MAP4K4	Mitogen-activated protein kinase kinase kinase kinase 4	267970
O95819;O95819-3;Q8N4C8;Q8N4C8-2;Q8N4C8-3;Q8N4C8-4;Q8N4C8-5	O95819;O95819-2;O95819-3;O95819-4;O95819-5;O95819-6;Q8N4C8;Q8N4C8-2;Q8N4C8-3;Q8N4C8-4;Q8N4C8-5	M4K4_HUMAN;MINK1_HUMAN	MAP4K4;MINK1	Mitogen-activated protein kinase kinase kinase kinase 4	82963
O95819;O95819-3;Q8N4C8;Q8N4C8-2;Q8N4C8-3;Q8N4C8-4;Q8N4C8-5;Q9UKE5-2;Q9UKE5-5	O95819;O95819-2;O95819-3;O95819-4;O95819-5;O95819-6;Q8N4C8;Q8N4C8-2;Q8N4C8-3;Q8N4C8-4;Q8N4C8-5;Q9UKE5;Q9UKE5-2;Q9UKE5-3;Q9UKE5-4;Q9UKE5-5;Q9UKE5-6;Q9UKE5-7;Q9UKE5-8	M4K4_HUMAN;MINK1_HUMAN;TNIK_HUMAN	MAP4K4;MINK1;TNIK	Mitogen-activated protein kinase kinase kinase kinase 4	63703
O95822;O95822-2	O95822;O95822-2	DCMC_HUMAN	MLYCD	Malonyl-CoA decarboxylase, mitochondrial	7349
O95825;O95825-2	O95825;O95825-2	QORL1_HUMAN	CRYZL1	Quinone oxidoreductase-like protein 1	363178
O95831	O95831;O95831-3;O95831-4;O95831-6	AIFM1_HUMAN	AIFM1	Apoptosis-inducing factor 1, mitochondrial	6.20238e+06
O95832	O95832	CLD1_HUMAN	CLDN1	Claudin-1	196205
O95833	O95833	CLIC3_HUMAN	CLIC3	Chloride intracellular channel protein 3	104790
O95834;O95834-2;O95834-3	O95834;O95834-2;O95834-3	EMAL2_HUMAN	EML2	Echinoderm microtubule-associated protein-like 2	1.17608e+06
O95835	O95835;O95835-2	LATS1_HUMAN	LATS1	Serine/threonine-protein kinase LATS1	483983
O95858	O95858	TSN15_HUMAN	TSPAN15	Tetraspanin-15	34965
O95861	O95861;O95861-2;O95861-3;O95861-4	BPNT1_HUMAN	BPNT1	3'(2'),5'-bisphosphate nucleotidase 1	1.88572e+06
O95865	O95865	DDAH2_HUMAN	DDAH2	N(G),N(G)-dimethylarginine dimethylaminohydrolase 2	404945
O95870;O95870-2	O95870;O95870-2	ABHGA_HUMAN	ABHD16A	Phosphatidylserine lipase ABHD16A	224159
O95873	O95873	CF047_HUMAN	C6orf47	Uncharacterized protein C6orf47	32882
O95881	O95881	TXD12_HUMAN	TXNDC12	Thioredoxin domain-containing protein 12	1.74102e+06
O95900	O95900;O95900-2	TRUB2_HUMAN	TRUB2	Mitochondrial mRNA pseudouridine synthase TRUB2	87055
O95905;O95905-3	O95905;O95905-2;O95905-3	ECD_HUMAN	ECD	Protein ecdysoneless homolog	102074
O95926	O95926;O95926-2	SYF2_HUMAN	SYF2	Pre-mRNA-splicing factor SYF2	143124
O95980	O95980	RECK_HUMAN	RECK	Reversion-inducing cysteine-rich protein with Kazal motifs	108112
O95983	O95983;O95983-2	MBD3_HUMAN	MBD3	Methyl-CpG-binding domain protein 3	1.17112e+06
O95983;Q9UBB5	O95983;O95983-2;Q9UBB5	MBD2_HUMAN;MBD3_HUMAN	MBD2;MBD3	Methyl-CpG-binding domain protein 3	47512
O95985;O95985-2;O95985-3	O95985;O95985-2;O95985-3	TOP3B_HUMAN	TOP3B	DNA topoisomerase 3-beta-1	254994
O95989	O95989	NUDT3_HUMAN	NUDT3	Diphosphoinositol polyphosphate phosphohydrolase 1	391607
O95994	O95994	AGR2_HUMAN	AGR2	Anterior gradient protein 2 homolog	196456
O96000	O96000;O96000-2	NDUBA_HUMAN	NDUFB10	NADH dehydrogenase [ubiquinone] 1 beta subcomplex subunit 10	1.77245e+06
O96005	O96005;O96005-3;O96005-4	CLPT1_HUMAN	CLPTM1	Cleft lip and palate transmembrane protein 1	764335
O96006	O96006	ZBED1_HUMAN	ZBED1	Zinc finger BED domain-containing protein 1	26903
O96007	O96007	MOC2B_HUMAN	MOCS2	Molybdopterin synthase catalytic subunit	214498
O96008	O96008;O96008-2	TOM40_HUMAN	TOMM40	Mitochondrial import receptor subunit TOM40 homolog	2.1504e+06
O96011;O96011-2	O96011;O96011-2	PX11B_HUMAN	PEX11B	Peroxisomal membrane protein 11B	613582
O96013	O96013;O96013-2;O96013-3;O96013-4;Q9P286	PAK4_HUMAN	PAK4	Serine/threonine-protein kinase PAK 4	601430
O96017;O96017-12;O96017-13;O96017-4;O96017-9	O96017;O96017-4;O96017-7;O96017-8;O96017-9;O96017-12;O96017-13	CHK2_HUMAN	CHEK2	Serine/threonine-protein kinase Chk2	103733
O96019	O96019	ACL6A_HUMAN	ACTL6A	Actin-like protein 6A	1.93304e+06
O96028	O96028;O96028-3;O96028-5;O96028-6;O96028-7	NSD2_HUMAN	NSD2	Histone-lysine N-methyltransferase NSD2	123026
O96033	O96033	MOC2A_HUMAN	MOCS2	Molybdopterin synthase sulfur carrier subunit	214498
P00156	P00156	CYB_HUMAN	MT-CYB	Cytochrome b	112402
P00338	P00338;P00338-2;P00338-3;P00338-4;P00338-5	LDHA_HUMAN	LDHA	L-lactate dehydrogenase A chain	2.65903e+07
P00338;P07195	P00338;P00338-2;P00338-3;P00338-4;P00338-5;Q6ZMR3;P07195;P07864	LDHA_HUMAN;LDHB_HUMAN	LDHA;LDHB	L-lactate dehydrogenase A chain	1.81737e+06
P00338;P07195;Q9BYZ2	Q9BYZ2;P00338;P00338-2;P00338-3;P00338-5;P07195;Reverse_sp|Q9NT22|EMIL3_HUMAN;Reverse_sp|Q9NT22-2|EMIL3_HUMAN	LDH6B_HUMAN;LDHA_HUMAN;LDHB_HUMAN	LDHA;LDHAL6B;LDHB	L-lactate dehydrogenase A chain	749985
P00367	P49448;P00367;P00367-3	DHE3_HUMAN	GLUD1	Glutamate dehydrogenase 1, mitochondrial	5.40278e+06
P00374	P00374;P00374-2	DYR_HUMAN	DHFR	Dihydrofolate reductase	677157
P00387;P00387-2;P00387-3	P00387;P00387-2;P00387-3	NB5R3_HUMAN	CYB5R3	NADH-cytochrome b5 reductase 3	3.8536e+06
P00390;P00390-2	P00390;P00390-2;P00390-3;P00390-4;P00390-5	GSHR_HUMAN	GSR	Glutathione reductase, mitochondrial	2.4346e+06
P00395	P00395	COX1_HUMAN	MT-CO1	Cytochrome c oxidase subunit 1	395925
P00403	P00403	COX2_HUMAN	MT-CO2	Cytochrome c oxidase subunit 2	984873
P00414	P00414	COX3_HUMAN	MT-CO3	Cytochrome c oxidase subunit 3	24668
P00441	P00441	SODC_HUMAN	SOD1	Superoxide dismutase [Cu-Zn]	8.40639e+06
P00488	P00488	F13A_HUMAN	F13A1	Coagulation factor XIII A chain	180638
P00491	P00491	PNPH_HUMAN	PNP	Purine nucleoside phosphorylase	7.57951e+06
P00492	P00492	HPRT_HUMAN	HPRT1	Hypoxanthine-guanine phosphoribosyltransferase	4.47092e+06
P00505	P00505;P00505-2	AATM_HUMAN	GOT2	Aspartate aminotransferase, mitochondrial	1.54847e+07
P00519;P00519-2	P00519;P00519-2	ABL1_HUMAN	ABL1	Tyrosine-protein kinase ABL1	219531
P00533	P00533	EGFR_HUMAN	EGFR	Epidermal growth factor receptor	4.1601e+06
P00558	P00558;P00558-2	PGK1_HUMAN	PGK1	Phosphoglycerate kinase 1	4.27448e+07
P00558;P07205	P00558;P00558-2;P07205	PGK1_HUMAN;PGK2_HUMAN	PGK1;PGK2	Phosphoglycerate kinase 1	1.34238e+07
P00568	P00568	KAD1_HUMAN	AK1	Adenylate kinase isoenzyme 1	4.42112e+06
P00734	P00734	THRB_HUMAN	F2	Prothrombin	745575
P00746	P00746	CFAD_HUMAN	CFD	Complement factor D	27765
P00747	P00747	PLMN_HUMAN	PLG	Plasminogen	449504
P00750;P00750-2;P00750-3	P00750;P00750-2;P00750-3;P00750-4	TPA_HUMAN	PLAT	Tissue-type plasminogen activator	46276
P00813	P00813	ADA_HUMAN	ADA	Adenosine deaminase	569968
P00846	P00846	ATP6_HUMAN	MT-ATP6	ATP synthase subunit a	436923
P00966	P00966	ASSY_HUMAN	ASS1	Argininosuccinate synthase	1.5249e+07
P01008	P01008	ANT3_HUMAN	SERPINC1	Antithrombin-III	629982
P01023	P01023	A2MG_HUMAN	A2M	Alpha-2-macroglobulin	593946
P01023;P20742	P01023;P20742;P20742-2	A2MG_HUMAN;PZP_HUMAN	A2M;PZP	Alpha-2-macroglobulin	255511
P01024	P01024	CO3_HUMAN	C3	Complement C3	5.54163e+06
P01033	P01033	TIMP1_HUMAN	TIMP1	Metalloproteinase inhibitor 1	667868
P01106;P01106-2	P01106;P01106-2	MYC_HUMAN	MYC	Myc proto-oncogene protein	41939
P01111	P01111	RASN_HUMAN	NRAS	GTPase NRas	9281
P01111;P01112	P01112;P01111	RASH_HUMAN;RASN_HUMAN	HRAS;NRAS	GTPase NRas	115457
P01111;P01112;P01116;P01116-2	P01112;P01112-2;P01116;P01116-2;P01111	RASH_HUMAN;RASK_HUMAN;RASN_HUMAN	HRAS;KRAS;NRAS	GTPase NRas	107362
P01112	P01112;P01112-2	RASH_HUMAN	HRAS	GTPase HRas	127634
P01112;P01116;P01116-2	P01112;P01112-2;P01116;P01116-2	RASH_HUMAN;RASK_HUMAN	HRAS;KRAS	GTPase HRas	49722
P01116;P01116-2	P01116;P01116-2	RASK_HUMAN	KRAS	GTPase KRas	128585
P01130;P01130-2;P01130-3;P01130-4;P01130-5;P01130-6	P01130;P01130-2;P01130-3;P01130-4;P01130-5;P01130-6	LDLR_HUMAN	LDLR	Low-density lipoprotein receptor	567244
P01137	P01137	TGFB1_HUMAN	TGFB1	Transforming growth factor beta-1 proprotein	48565
P01857	P01857;contaminant_NRL_1MCOH	IGHG1_HUMAN	IGHG1	Immunoglobulin heavy constant gamma 1	249593
P01889	P01889	HLAB_HUMAN	HLA-B	HLA class I histocompatibility antigen, B alpha chain	317059
P01889;P01893;P04439;P04439-2	P04439;P04439-2;P13747;P17693;P17693-2;P17693-5;P17693-6;P01893;P01889	HLAA_HUMAN;HLAB_HUMAN;HLAH_HUMAN	HLA-A;HLA-B;HLA-H	HLA class I histocompatibility antigen, B alpha chain	1.12439e+06
P01889;P01893;P04439;P04439-2;P10321	P04439;P04439-2;P10321;P10321-2;P01893;P01889	HLAA_HUMAN;HLAB_HUMAN;HLAC_HUMAN;HLAH_HUMAN	HLA-A;HLA-B;HLA-C;HLA-H	HLA class I histocompatibility antigen, B alpha chain	197145
P01889;P01893;P10321	P13747;P10321;P10321-2;P01893;P01889	HLAB_HUMAN;HLAC_HUMAN;HLAH_HUMAN	HLA-B;HLA-C;HLA-H	HLA class I histocompatibility antigen, B alpha chain	112591
P01889;P04439;P04439-2	P04439;P04439-2;P01889	HLAA_HUMAN;HLAB_HUMAN	HLA-A;HLA-B	HLA class I histocompatibility antigen, B alpha chain	147517
P01889;P10321	P10321;P01889	HLAB_HUMAN;HLAC_HUMAN	HLA-B;HLA-C	HLA class I histocompatibility antigen, B alpha chain	499634
P01893	P01893	HLAH_HUMAN	HLA-H	Putative HLA class I histocompatibility antigen, alpha chain H	99311
P01893;P04439;P04439-2;P10321	P04439;P04439-2;P10321;P10321-2;P01893	HLAA_HUMAN;HLAC_HUMAN;HLAH_HUMAN	HLA-A;HLA-C;HLA-H	Putative HLA class I histocompatibility antigen, alpha chain H	15769
P02042;P68871	P68871;P02042;P69892;P69891;P02100	HBB_HUMAN;HBD_HUMAN	HBB;HBD	Hemoglobin subunit delta	1.12683e+07
P02462	P02462	CO4A1_HUMAN	COL4A1	Collagen alpha-1(IV) chain	6650
P02462;P29400;P29400-2	P02462;P29400;P29400-2	CO4A1_HUMAN;CO4A5_HUMAN	COL4A1;COL4A5	Collagen alpha-1(IV) chain	99377
P02538;P04259;P48668	P48668;P04259;P02538;contaminant_KERATIN18;contaminant_KERATIN21	K2C6A_HUMAN;K2C6B_HUMAN;K2C6C_HUMAN	KRT6A;KRT6B;KRT6C	Keratin, type II cytoskeletal 6A	523818
P02545	P02545;P02545-2;P02545-3;P02545-6	LMNA_HUMAN	LMNA	Prelamin-A/C	4.24901e+07
P02545;P20700;Q03252	Q03252;P02545;P02545-2;P02545-3;P02545-4;P02545-5;P02545-6;P20700	LMNA_HUMAN;LMNB1_HUMAN;LMNB2_HUMAN	LMNA;LMNB1;LMNB2	Prelamin-A/C	940781
P02647	P02647	APOA1_HUMAN	APOA1	Apolipoprotein A-I	221244
P02649	P02649	APOE_HUMAN	APOE	Apolipoprotein E	817067
P02656	P02656	APOC3_HUMAN	APOC3	Apolipoprotein C-III	817980
P02686;P02686-2	P02686;P02686-2;P02686-3;P02686-4;P02686-5;P02686-6	MBP_HUMAN	MBP	Myelin basic protein	64872
P02748	P02748	CO9_HUMAN	C9	Complement component C9	92393
P02748;Q96BY6;Q96BY6-3	Q96BY6;Q96BY6-2;Q96BY6-3;P02748	CO9_HUMAN;DOC10_HUMAN	C9;DOCK10	Complement component C9	199986
P02751;P02751-1;P02751-10;P02751-11;P02751-12;P02751-13;P02751-14;P02751-17;P02751-3;P02751-5;P02751-7;P02751-8;P02751-9	P02751;P02751-1;P02751-2;P02751-3;P02751-4;P02751-5;P02751-6;P02751-7;P02751-8;P02751-9;P02751-10;P02751-11;P02751-12;P02751-13;P02751-14;P02751-16;P02751-17	FINC_HUMAN	FN1	Fibronectin	2.74535e+06
P02765	P02765	FETUA_HUMAN	AHSG	Alpha-2-HS-glycoprotein	3.29111e+06
P02771	P02771	FETA_HUMAN	AFP	Alpha-fetoprotein	104976
P02774;P02774-2;P02774-3	P02774;P02774-2;P02774-3	VTDB_HUMAN	GC	Vitamin D-binding protein	21817
P02786	P02786	TFR1_HUMAN	TFRC	Transferrin receptor protein 1	2.95263e+07
P02788;P02788-2	P02788;P02788-2	TRFL_HUMAN	LTF	Lactotransferrin	243651
P02792	P02792	FRIL_HUMAN	FTL	Ferritin light chain	48929
P02794	P02794	FRIH_HUMAN	FTH1	Ferritin heavy chain	384617
P03886	P03886	NU1M_HUMAN	MT-ND1	NADH-ubiquinone oxidoreductase chain 1	343987
P03891	P03891	NU2M_HUMAN	MT-ND2	NADH-ubiquinone oxidoreductase chain 2	105506
P03897	P03897	NU3M_HUMAN	MT-ND3	NADH-ubiquinone oxidoreductase chain 3	524186
P03905	P03905	NU4M_HUMAN	MT-ND4	NADH-ubiquinone oxidoreductase chain 4	30538
P03915	P03915	NU5M_HUMAN	MT-ND5	NADH-ubiquinone oxidoreductase chain 5	331437
P03923	P03923	NU6M_HUMAN	MT-ND6	NADH-ubiquinone oxidoreductase chain 6	122507
P03928	P03928	ATP8_HUMAN	MT-ATP8	ATP synthase protein 8	37787
P04004	P04004	VTNC_HUMAN	VTN	Vitronectin	876945
P04035;P04035-3	P04035;P04035-3	HMDH_HUMAN	HMGCR	3-hydroxy-3-methylglutaryl-coenzyme A reductase	1.0066e+06
P04040	P04040	CATA_HUMAN	CAT	Catalase	7.71388e+06
P04049;P04049-2	P04049;P04049-2	RAF1_HUMAN	RAF1	RAF proto-oncogene serine/threonine-protein kinase	66984
P04062;P04062-2;P04062-4	P04062;P04062-2;P04062-4;P04062-5	GLCM_HUMAN	GBA	Lysosomal acid glucosylceramidase	375680
P04066	P04066	FUCO_HUMAN	FUCA1	Tissue alpha-L-fucosidase	110771
P04075;P04075-2	P04075;P04075-2	ALDOA_HUMAN	ALDOA	Fructose-bisphosphate aldolase A	3.76413e+07
P04075;P04075-2;P09972	P04075;P04075-2;P09972	ALDOA_HUMAN;ALDOC_HUMAN	ALDOA;ALDOC	Fructose-bisphosphate aldolase A	2.93958e+06
P04080	P04080	CYTB_HUMAN	CSTB	Cystatin-B	5.7986e+06
P04083	P04083	ANXA1_HUMAN	ANXA1	Annexin A1	2.5158e+07
P04114	P04114	APOB_HUMAN	APOB	Apolipoprotein B-100	903411
P04150;P04150-2	P04150;P04150-2;P04150-3;P04150-6;P04150-5;P04150-7;P04150-8;P04150-9;P04150-10	GCR_HUMAN	NR3C1	Glucocorticoid receptor	777871
P04156	P04156	PRIO_HUMAN	PRNP	Major prion protein	336271
P04179;P04179-4	P04179;P04179-2;P04179-4	SODM_HUMAN	SOD2	Superoxide dismutase [Mn], mitochondrial	2.71911e+06
P04181	P04181	OAT_HUMAN	OAT	Ornithine aminotransferase, mitochondrial	1.29919e+06
P04183	P04183	KITH_HUMAN	TK1	Thymidine kinase, cytosolic	367933
P04264	P04264;Q7Z794;P35908;contaminant_KERATIN13;contaminant_KERATIN22	K2C1_HUMAN	KRT1	Keratin, type II cytoskeletal 1	354525
P04264;P05787;P05787-2;P13647	P04264;P12035;O95678;Q7Z794;Q01546;P48668;P04259;P02538;P05787;P05787-2;P35908;P13647;contaminant_KERATIN13;contaminant_KERATIN14;contaminant_KERATIN15;contaminant_KERATIN17;contaminant_KERATIN20;contaminant_KERATIN21;contaminant_KERATIN22	K2C1_HUMAN;K2C5_HUMAN;K2C8_HUMAN	KRT1;KRT5;KRT8	Keratin, type II cytoskeletal 1	383789
P04264;P05787;P05787-2;P13647;Q5XKE5	P04264;Q5XKE5;P48668;P04259;P02538;P05787;P05787-2;P13647;contaminant_KERATIN13;contaminant_KERATIN17;contaminant_KERATIN20;contaminant_KERATIN21	K2C1_HUMAN;K2C5_HUMAN;K2C79_HUMAN;K2C8_HUMAN	KRT1;KRT5;KRT79;KRT8	Keratin, type II cytoskeletal 1	1.4952e+06
P04350	P04350	TBB4A_HUMAN	TUBB4A	Tubulin beta-4A chain	834659
P04350;P07437;P68371	P68371;P04350;P07437	TBB4A_HUMAN;TBB4B_HUMAN;TBB5_HUMAN	TUBB;TUBB4A;TUBB4B	Tubulin beta-4A chain	991126
P04350;P07437;P68371;Q13509	Q13509;Q13509-2;P68371;P04350;P07437	TBB3_HUMAN;TBB4A_HUMAN;TBB4B_HUMAN;TBB5_HUMAN	TUBB;TUBB3;TUBB4A;TUBB4B	Tubulin beta-4A chain	4.04813e+06
P04350;P07437;P68371;Q13509;Q13885	Q9BVA1;Q13509;Q13509-2;P68371;P04350;Q13885;P07437	TBB2A_HUMAN;TBB3_HUMAN;TBB4A_HUMAN;TBB4B_HUMAN;TBB5_HUMAN	TUBB;TUBB2A;TUBB3;TUBB4A;TUBB4B	Tubulin beta-4A chain	3.15916e+06
P04350;P07437;P68371;Q13509;Q13885;Q3ZCM7;Q9BUF5	Q9BVA1;Q9BUF5;Q13509;Q13509-2;P68371;Q3ZCM7;A6NNZ2;P04350;Q13885;P07437	TBB2A_HUMAN;TBB3_HUMAN;TBB4A_HUMAN;TBB4B_HUMAN;TBB5_HUMAN;TBB6_HUMAN;TBB8_HUMAN	TUBB;TUBB2A;TUBB3;TUBB4A;TUBB4B;TUBB6;TUBB8	Tubulin beta-4A chain	2.58153e+06
P04350;P07437;P68371;Q13509;Q13885;Q3ZCM7;Q9BUF5;Q9H4B7	Q9BVA1;Q9BUF5;Q13509;Q13509-2;Q9H4B7;P68371;Q3ZCM7;A6NNZ2;P04350;Q13885;P07437	TBB1_HUMAN;TBB2A_HUMAN;TBB3_HUMAN;TBB4A_HUMAN;TBB4B_HUMAN;TBB5_HUMAN;TBB6_HUMAN;TBB8_HUMAN	TUBB;TUBB1;TUBB2A;TUBB3;TUBB4A;TUBB4B;TUBB6;TUBB8	Tubulin beta-4A chain	5.39841e+06
P04350;P07437;P68371;Q13509;Q13885;Q9BUF5	Q9BVA1;Q9BUF5;Q13509;Q13509-2;P68371;P04350;Q13885;P07437	TBB2A_HUMAN;TBB3_HUMAN;TBB4A_HUMAN;TBB4B_HUMAN;TBB5_HUMAN;TBB6_HUMAN	TUBB;TUBB2A;TUBB3;TUBB4A;TUBB4B;TUBB6	Tubulin beta-4A chain	2.88561e+06
P04350;P07437;P68371;Q13885	Q9BVA1;P68371;P04350;Q13885;P07437	TBB2A_HUMAN;TBB4A_HUMAN;TBB4B_HUMAN;TBB5_HUMAN	TUBB;TUBB2A;TUBB4A;TUBB4B	Tubulin beta-4A chain	2.97681e+06
P04350;P07437;P68371;Q13885;Q3ZCM7	Q9BVA1;P68371;Q3ZCM7;A6NNZ2;P04350;Q13885;P07437	TBB2A_HUMAN;TBB4A_HUMAN;TBB4B_HUMAN;TBB5_HUMAN;TBB8_HUMAN	TUBB;TUBB2A;TUBB4A;TUBB4B;TUBB8	Tubulin beta-4A chain	746231
P04350;P07437;P68371;Q13885;Q3ZCM7;Q9BUF5	Q9BVA1;Q9BUF5;P68371;Q3ZCM7;A6NNZ2;P04350;Q13885;P07437	TBB2A_HUMAN;TBB4A_HUMAN;TBB4B_HUMAN;TBB5_HUMAN;TBB6_HUMAN;TBB8_HUMAN	TUBB;TUBB2A;TUBB4A;TUBB4B;TUBB6;TUBB8	Tubulin beta-4A chain	37404
P04350;P68371	P68371;P04350	TBB4A_HUMAN;TBB4B_HUMAN	TUBB4A;TUBB4B	Tubulin beta-4A chain	3.52951e+06
P04350;P68371;Q13509	Q13509;Q13509-2;P68371;P04350	TBB3_HUMAN;TBB4A_HUMAN;TBB4B_HUMAN	TUBB3;TUBB4A;TUBB4B	Tubulin beta-4A chain	1.28095e+06
P04350;P68371;Q3ZCM7	P68371;Q3ZCM7;P04350	TBB4A_HUMAN;TBB4B_HUMAN;TBB8_HUMAN	TUBB4A;TUBB4B;TUBB8	Tubulin beta-4A chain	3.90758e+06
P04350;Q9BUF5	Q9BUF5;P04350	TBB4A_HUMAN;TBB6_HUMAN	TUBB4A;TUBB6	Tubulin beta-4A chain	147947
P04406	P04406;P04406-2	G3P_HUMAN	GAPDH	Glyceraldehyde-3-phosphate dehydrogenase	5.64402e+07
P04424;P04424-2	P04424;P04424-2;P04424-3	ARLY_HUMAN	ASL	Argininosuccinate lyase	391732
P04439;P04439-2	P04439;P04439-2	HLAA_HUMAN	HLA-A	HLA class I histocompatibility antigen, A alpha chain	693169
P04626;P04626-2;P04626-3;P04626-4;P04626-5;P80192;P80192-4;Q02779;Q15303;Q15303-2;Q15303-3;Q15303-4;Q16584;Q16584-2;Q5TCX8;Q5TCX8-2	Q15303;Q15303-2;Q15303-3;Q15303-4;Q5TCX8;Q5TCX8-2;P80192;P80192-4;Q02779;P04626;P04626-2;P04626-3;P04626-4;P04626-5;Q16584;Q16584-2	ERBB2_HUMAN;ERBB4_HUMAN;M3K10_HUMAN;M3K11_HUMAN;M3K21_HUMAN;M3K9_HUMAN	ERBB2;ERBB4;MAP3K10;MAP3K11;MAP3K21;MAP3K9	Receptor tyrosine-protein kinase erbB-2	28883
P04632	P04632	CPNS1_HUMAN	CAPNS1	Calpain small subunit 1	3.34474e+06
P04792	P04792	HSPB1_HUMAN	HSPB1	Heat shock protein beta-1	7.37844e+06
P04818	P04818;P04818-2	TYSY_HUMAN	TYMS	Thymidylate synthase	260747
P04839	P04839	CY24B_HUMAN	CYBB	Cytochrome b-245 heavy chain	77157
P04843	P04843	RPN1_HUMAN	RPN1	Dolichyl-diphosphooligosaccharide--protein glycosyltransferase subunit 1	1.04125e+07
P04844	P04844;P04844-2	RPN2_HUMAN	RPN2	Dolichyl-diphosphooligosaccharide--protein glycosyltransferase subunit 2	6.4042e+06
P04899;P04899-2;P04899-3;P04899-5;P04899-6	P04899;P04899-2;P04899-3;P04899-4;P04899-5;P04899-6	GNAI2_HUMAN	GNAI2	Guanine nucleotide-binding protein G(i) subunit alpha-2	1.67493e+06
P04899;P04899-2;P04899-3;P04899-5;P04899-6;P08754;P63096;P63096-2	P04899;P04899-2;P04899-3;P04899-4;P04899-5;P04899-6;P08754;P09471;P09471-2;P63096;P63096-2	GNAI1_HUMAN;GNAI2_HUMAN;GNAI3_HUMAN	GNAI1;GNAI2;GNAI3	Guanine nucleotide-binding protein G(i) subunit alpha-2	1.58403e+06
P04920;P04920-2;P04920-3	P04920;P04920-2;P04920-3	B3A2_HUMAN	SLC4A2	Anion exchange protein 2	420564
P05023;P05023-4	P05023;P05023-2;P05023-3;P05023-4	AT1A1_HUMAN	ATP1A1	Sodium/potassium-transporting ATPase subunit alpha-1	8.65824e+06
P05023;P05023-4;P20648	P05023;P05023-2;P05023-3;P05023-4;P13637;P13637-2;P13637-3;P50993;P20648	AT1A1_HUMAN;ATP4A_HUMAN	ATP1A1;ATP4A	Sodium/potassium-transporting ATPase subunit alpha-1	1.73311e+06
P05023;P05023-4;P20648;P54707;P54707-2;Q13733	P54707;P54707-2;P05023;P05023-2;P05023-3;P05023-4;Q13733;P13637;P13637-2;P13637-3;P50993;P20648	AT12A_HUMAN;AT1A1_HUMAN;AT1A4_HUMAN;ATP4A_HUMAN	ATP12A;ATP1A1;ATP1A4;ATP4A	Sodium/potassium-transporting ATPase subunit alpha-1	768639
P05023;P05023-4;P54707;P54707-2;Q13733	P54707;P54707-2;P05023;P05023-3;P05023-4;Q13733;P13637;P13637-2;P13637-3;P50993	AT12A_HUMAN;AT1A1_HUMAN;AT1A4_HUMAN	ATP12A;ATP1A1;ATP1A4	Sodium/potassium-transporting ATPase subunit alpha-1	51216
P05023;P05023-4;Q13733	P05023;P05023-3;P05023-4;Q13733;P13637;P13637-2;P13637-3;P50993	AT1A1_HUMAN;AT1A4_HUMAN	ATP1A1;ATP1A4	Sodium/potassium-transporting ATPase subunit alpha-1	536448
P05026;P05026-2	P05026;P05026-2	AT1B1_HUMAN	ATP1B1	Sodium/potassium-transporting ATPase subunit beta-1	2.09503e+06
P05067;P05067-9	P05067;P05067-7;P05067-8;P05067-9;P05067-11	A4_HUMAN	APP	Amyloid-beta precursor protein	852652
P05091	O94788;O94788-2;O94788-3;O94788-4;P05091;P05091-2	ALDH2_HUMAN	ALDH2	Aldehyde dehydrogenase, mitochondrial	907691
P05091;P30837	P00352;O94788;O94788-2;O94788-3;O94788-4;P30837;P05091;P05091-2;P47895	AL1B1_HUMAN;ALDH2_HUMAN	ALDH1B1;ALDH2	Aldehyde dehydrogenase, mitochondrial	72522
P05106	P05106	ITB3_HUMAN	ITGB3	Integrin beta-3	297889
P05107;P26010;P26010-2	P26010;P26010-2;P05107	ITB2_HUMAN;ITB7_HUMAN	ITGB2;ITGB7	Integrin beta-2	82356
P05114	P05114	HMGN1_HUMAN	HMGN1	Non-histone chromosomal protein HMG-14	2.16082e+06
P05129;P05129-2	P05129;P05129-2	KPCG_HUMAN	PRKCG	Protein kinase C gamma type	115163
P05129;P05129-2;P17252	P05771;P05771-2;P17252;P05129;P05129-2	KPCA_HUMAN;KPCG_HUMAN	PRKCA;PRKCG	Protein kinase C gamma type	128519
P05141	P05141	ADT2_HUMAN	SLC25A5	ADP/ATP translocase 2	1.82444e+06
P05141;P12235;P12236	Q9H0C2;P05141;P12236;P12235	ADT1_HUMAN;ADT2_HUMAN;ADT3_HUMAN	SLC25A4;SLC25A5;SLC25A6	ADP/ATP translocase 2	3.45932e+06
P05141;P12236	P05141;P12236	ADT2_HUMAN;ADT3_HUMAN	SLC25A5;SLC25A6	ADP/ATP translocase 2	7.39747e+06
P05161	P05161	ISG15_HUMAN	ISG15	Ubiquitin-like protein ISG15	579122
P05165;P05165-2;P05165-3	P05165;P05165-2;P05165-3	PCCA_HUMAN	PCCA	Propionyl-CoA carboxylase alpha chain, mitochondrial	639222
P05166;P05166-2	P05166;P05166-2	PCCB_HUMAN	PCCB	Propionyl-CoA carboxylase beta chain, mitochondrial	526456
P05198	P05198	IF2A_HUMAN	EIF2S1	Eukaryotic translation initiation factor 2 subunit 1	9.83869e+06
P05204	P05204	HMGN2_HUMAN	HMGN2	Non-histone chromosomal protein HMG-17	1.18576e+06
P05204;Q15651	Q15651;Q15651-2;P05204	HMGN2_HUMAN;HMGN3_HUMAN	HMGN2;HMGN3	Non-histone chromosomal protein HMG-17	717686
P05362	P05362	ICAM1_HUMAN	ICAM1	Intercellular adhesion molecule 1	636275
P05386	P05386	RLA1_HUMAN	RPLP1	60S acidic ribosomal protein P1	3.7634e+06
P05386;P05387	P05386;P05386-2;P05387	RLA1_HUMAN;RLA2_HUMAN	RPLP1;RPLP2	60S acidic ribosomal protein P1	240787
P05387	P05387	RLA2_HUMAN	RPLP2	60S acidic ribosomal protein P2	5.48488e+06
P05388	P05388;P05388-2	RLA0_HUMAN	RPLP0	60S acidic ribosomal protein P0	1.31139e+07
P05412	P05412	JUN_HUMAN	JUN	Transcription factor AP-1	39237
P05423	P05423	RPC4_HUMAN	POLR3D	DNA-directed RNA polymerase III subunit RPC4	427845
P05455	P05455	LA_HUMAN	SSB	Lupus La protein	8.34708e+06
P05546	P05546	HEP2_HUMAN	SERPIND1	Heparin cofactor 2	401864
P05549;P05549-5;P05549-6	P05549;P05549-5;P05549-2;P05549-6	AP2A_HUMAN	TFAP2A	Transcription factor AP-2-alpha	74630
P05556	P05556	ITB1_HUMAN	ITGB1	Integrin beta-1	7.68218e+06
P05783	P05783;contaminant_KERATIN09	K1C18_HUMAN	KRT18	Keratin, type I cytoskeletal 18	3.90243e+07
P05783;P08727	P05783;P08727;contaminant_KERATIN09;contaminant_KERATIN10	K1C18_HUMAN;K1C19_HUMAN	KRT18;KRT19	Keratin, type I cytoskeletal 18	73968
P05787;P05787-2	P05787;P05787-2;contaminant_KERATIN20	K2C8_HUMAN	KRT8	Keratin, type II cytoskeletal 8	6.50164e+07
P05787;P05787-2;P08670;P08729	Q9NSB2;P08729;P17661;P41219;P41219-2;P05787;P05787-2;P08670;contaminant_KERATIN19;contaminant_KERATIN20	K2C7_HUMAN;K2C8_HUMAN;VIME_HUMAN	KRT7;KRT8;VIM	Keratin, type II cytoskeletal 8	2.36527e+06
P05787;P05787-2;P08670;P08729;P13647;P78386;Q5XKE5	O43790;P14136;P14136-2;P14136-3;P78385;Q9NSB2;P08729;P12035;O95678;Q01546;Q5XKE5;P48668;P78386;P04259;P02538;Q14533;P05787;P05787-2;P08670;Q8N1N4;Q8N1N4-2;P13647;contaminant_KERATIN14;contaminant_KERATIN15;contaminant_KERATIN17;contaminant_KERATIN18;contaminant_KERATIN19;contaminant_KERATIN20	K2C5_HUMAN;K2C79_HUMAN;K2C7_HUMAN;K2C8_HUMAN;KRT85_HUMAN;VIME_HUMAN	KRT5;KRT7;KRT79;KRT8;KRT85;VIM	Keratin, type II cytoskeletal 8	1.99541e+06
P05787;P05787-2;P08729;P13647;Q5XKE5	Q9NSB2;P08729;P12035;O95678;Q7Z794;Q01546;Q5XKE5;P48668;P19013;Q3SY84;P04259;P02538;Q14CN4;Q14CN4-2;Q14CN4-3;P05787;P05787-2;Q7RTS7;Q86Y46;Q86Y46-2;P35908;P13647;contaminant_KERATIN14;contaminant_KERATIN15;contaminant_KERATIN16;contaminant_KERATIN17;contaminant_KERATIN18;contaminant_KERATIN19;contaminant_KERATIN20;contaminant_KERATIN22	K2C5_HUMAN;K2C79_HUMAN;K2C7_HUMAN;K2C8_HUMAN	KRT5;KRT7;KRT79;KRT8	Keratin, type II cytoskeletal 8	3.51111e+06
P05787;P05787-2;P08729;Q6KB66;Q6KB66-2	P14136;P14136-2;P14136-3;P08729;P19013;P05787;P05787-2;Q6KB66;Q6KB66-2;Q6KB66-3;contaminant_KERATIN16;contaminant_KERATIN19;contaminant_KERATIN20	K2C7_HUMAN;K2C80_HUMAN;K2C8_HUMAN	KRT7;KRT8;KRT80	Keratin, type II cytoskeletal 8	104609
P05976;P05976-2;P08590	P05976;P05976-2;P08590	MYL1_HUMAN;MYL3_HUMAN	MYL1;MYL3	Myosin light chain 1/3, skeletal muscle isoform	1.204e+06
P06132	P06132	DCUP_HUMAN	UROD	Uroporphyrinogen decarboxylase	602564
P06213;P06213-2	P06213;P06213-2	INSR_HUMAN	INSR	Insulin receptor	112734
P06213;P06213-2;P08069	P08069;P06213;P06213-2	IGF1R_HUMAN;INSR_HUMAN	IGF1R;INSR	Insulin receptor	95916
P06239;P06239-3	P06239;P06239-2;P06239-3	LCK_HUMAN	LCK	Tyrosine-protein kinase Lck	46599
P06239;P06239-3;P07947;P07948;P07948-2;P09769;Q9UPZ9;Q9UPZ9-2	Q8IZL9;Q8IZL9-2;Q8IZL9-3;Q8IZL9-4;Q8IZL9-5;Q9UPZ9;Q9UPZ9-2;P21802;P21802-2;P21802-3;P21802-4;P21802-5;P21802-6;P21802-8;P21802-15;P21802-16;P21802-17;P21802-18;P21802-20;P21802-21;P21802-22;P21802-23;P06239;P06239-3;P20794;P20794-2;P20794-3;P22607;P22607-2;P22607-3;P22607-4;P22455;P22455-2;P22455-3;P51451;P11362;P11362-2;P11362-3;P11362-4;P11362-5;P11362-6;P11362-7;P11362-14;P11362-19;P11362-20;P11362-21;P06241;P06241-2;P06241-3;P07948;P07948-2;P08631;P08631-2;P08631-3;P08631-4;P09769;P07947	CILK1_HUMAN;FGR_HUMAN;LCK_HUMAN;LYN_HUMAN;YES_HUMAN	CILK1;FGR;LCK;LYN;YES1	Tyrosine-protein kinase Lck	1.41373e+06
P06239;P06239-3;P07947;P12931;P12931-2	P06239;P06239-3;P06241;P06241-2;P06241-3;P07947;P12931;P12931-2	LCK_HUMAN;SRC_HUMAN;YES_HUMAN	LCK;SRC;YES1	Tyrosine-protein kinase Lck	122733
P06280	P06280	AGAL_HUMAN	GLA	Alpha-galactosidase A	398488
P06396;P06396-2;P06396-3;P06396-4	P06396;P06396-2;P06396-3;P06396-4	GELS_HUMAN	GSN	Gelsolin	7.82726e+06
P06400	P06400	RB_HUMAN	RB1	Retinoblastoma-associated protein	146417
P06454;P06454-2	P06454;P06454-2	PTMA_HUMAN	PTMA	Prothymosin alpha	2.8682e+06
P06493	P06493;P06493-2	CDK1_HUMAN	CDK1	Cyclin-dependent kinase 1	2.16973e+06
P06493;P11802;P24941;P50750;P50750-2;Q00534;Q00535;Q00536;Q00536-2;Q00536-3;Q00537;Q14004;Q14004-2;Q9NYV4;Q9NYV4-2	Q9NYV4;Q9NYV4-2;Q9NYV4-3;O94921;O94921-2;O94921-3;Q00534;Q96Q40;Q96Q40-3;Q96Q40-4;Q96Q40-5;Q96Q40-6;Q00536;Q00536-2;Q00536-3;P06493;P24941;P24941-2;Q00526;Q00535;Q00535-2;Q14004;Q14004-2;Q00537;Q00537-2;P11802;P11802-2;P50750;P50750-2;Q07002;Q07002-3	CDK12_HUMAN;CDK13_HUMAN;CDK16_HUMAN;CDK17_HUMAN;CDK1_HUMAN;CDK2_HUMAN;CDK4_HUMAN;CDK5_HUMAN;CDK6_HUMAN;CDK9_HUMAN	CDK1;CDK12;CDK13;CDK16;CDK17;CDK2;CDK4;CDK5;CDK6;CDK9	Cyclin-dependent kinase 1	1.41373e+06
P06493;P24941	P06493;P06493-2;P24941;P24941-2;Q00526	CDK1_HUMAN;CDK2_HUMAN	CDK1;CDK2	Cyclin-dependent kinase 1	230692
P06576	P06576	ATPB_HUMAN	ATP5F1B	ATP synthase subunit beta, mitochondrial	4.02154e+07
P06703	P06703	S10A6_HUMAN	S100A6	Protein S100-A6	8.6855e+06
P06727	P06727	APOA4_HUMAN	APOA4	Apolipoprotein A-IV	108572
P06730;P06730-2;P06730-3	P06730;P06730-2;P06730-3	IF4E_HUMAN	EIF4E	Eukaryotic translation initiation factor 4E	2.65371e+06
P06733	P06733;P06733-2	ENOA_HUMAN	ENO1	Alpha-enolase	5.07348e+07
P06733;P09104;P13929	P06733;P06733-2;P13929;P13929-2;P13929-3;P09104;P09104-2	ENOA_HUMAN;ENOB_HUMAN;ENOG_HUMAN	ENO1;ENO2;ENO3	Alpha-enolase	1.06158e+07
P06737;P06737-2	P06737;P06737-2	PYGL_HUMAN	PYGL	Glycogen phosphorylase, liver form	5.64558e+06
P06737;P06737-2;P11216;P11217	P11217;P11217-2;P11216;P06737;P06737-2	PYGB_HUMAN;PYGL_HUMAN;PYGM_HUMAN	PYGB;PYGL;PYGM	Glycogen phosphorylase, liver form	443282
P06744	P06744;P06744-2	G6PI_HUMAN	GPI	Glucose-6-phosphate isomerase	2.46197e+07
P06744;Q01082	P06744;P06744-2;Q01082;Q01082-2;Q01082-3	G6PI_HUMAN;SPTB2_HUMAN	GPI;SPTBN1	Glucose-6-phosphate isomerase	50464
P06746	P06746	DPOLB_HUMAN	POLB	DNA polymerase beta	226799
P06748	P06748;P06748-2;P06748-3	NPM_HUMAN	NPM1	Nucleophosmin	1.73598e+07
P06753	P06753;P06753-6	TPM3_HUMAN	TPM3	Tropomyosin alpha-3 chain	2.81648e+06
P06753;P07951;P09493;P09493-4;P67936	P09493;P09493-2;P09493-3;P09493-4;P09493-5;P09493-6;P09493-7;P09493-8;P09493-9;P09493-10;P07951;P07951-2;P07951-3;P67936;P67936-2;P06753;P06753-2;P06753-3;P06753-4;P06753-5;P06753-6;P06753-7	TPM1_HUMAN;TPM2_HUMAN;TPM3_HUMAN;TPM4_HUMAN	TPM1;TPM2;TPM3;TPM4	Tropomyosin alpha-3 chain	6.29491e+06
P06753;P07951;P67936	P07951;P07951-2;P07951-3;P67936;P67936-2;P06753;P06753-2;P06753-3;P06753-4;P06753-5;P06753-6;P06753-7	TPM2_HUMAN;TPM3_HUMAN;TPM4_HUMAN	TPM2;TPM3;TPM4	Tropomyosin alpha-3 chain	638473
P06753;P09493;P09493-4	P09493;P09493-3;P09493-4;P09493-9;P09493-10;P67936-2;P06753	TPM1_HUMAN;TPM3_HUMAN	TPM1;TPM3	Tropomyosin alpha-3 chain	136656
P06756;P06756-2;P06756-3	P06756;P06756-2;P06756-3	ITAV_HUMAN	ITGAV	Integrin alpha-V	1.46546e+06
P06858	P06858	LIPL_HUMAN	LPL	Lipoprotein lipase	17741
P06865	P06865	HEXA_HUMAN	HEXA	Beta-hexosaminidase subunit alpha	2.04019e+06
P07093;P07093-2;P07093-3	P07093;P07093-2;P07093-3	GDN_HUMAN	SERPINE2	Glia-derived nexin	13954
P07099	P07099	HYEP_HUMAN	EPHX1	Epoxide hydrolase 1	2.15711e+06
P07108;P07108-2;P07108-3;P07108-4;P07108-5	P07108;P07108-2;P07108-3;P07108-4;P07108-5	ACBP_HUMAN	DBI	Acyl-CoA-binding protein	4.53049e+06
P07195	P07195	LDHB_HUMAN	LDHB	L-lactate dehydrogenase B chain	1.73231e+07
P07197	P07197;P07197-2	NFM_HUMAN	NEFM	Neurofilament medium polypeptide	329555
P07197;P08670	Q16352;P12036;P12036-2;P07197;P07197-2;P17661;P08670;P07196	NFM_HUMAN;VIME_HUMAN	NEFM;VIM	Neurofilament medium polypeptide	349215
P07199	P07199	CENPB_HUMAN	CENPB	Major centromere autoantigen B	450865
P07203	P07203	GPX1_HUMAN	GPX1	Glutathione peroxidase 1	5.51183e+06
P07205	P07205	PGK2_HUMAN	PGK2	Phosphoglycerate kinase 2	254900
P07237	P07237	PDIA1_HUMAN	P4HB	Protein disulfide-isomerase	2.19516e+07
P07305;P07305-2	P07305;P07305-2	H10_HUMAN	H1-0	Histone H1.0	634650
P07311	P07311	ACYP1_HUMAN	ACYP1	Acylphosphatase-1	241598
P07339	P07339	CATD_HUMAN	CTSD	Cathepsin D	4.62529e+06
P07355;P07355-2	A6NMY6;P07355;P07355-2	ANXA2_HUMAN	ANXA2	Annexin A2	4.1522e+07
P07384	P07384	CAN1_HUMAN	CAPN1	Calpain-1 catalytic subunit	4.14403e+06
P07437	P07437	TBB5_HUMAN	TUBB	Tubulin beta chain	8.39221e+06
P07437;P68371;Q13509;Q13885	Q9BVA1;Q13509;Q13509-2;P68371;Q13885;P07437	TBB2A_HUMAN;TBB3_HUMAN;TBB4B_HUMAN;TBB5_HUMAN	TUBB;TUBB2A;TUBB3;TUBB4B	Tubulin beta chain	3.53976e+06
P07437;P68371;Q13885	Q9BVA1;P68371;Q13885;P07437	TBB2A_HUMAN;TBB4B_HUMAN;TBB5_HUMAN	TUBB;TUBB2A;TUBB4B	Tubulin beta chain	3.82536e+06
P07437;P68371;Q13885;Q3ZCM7;Q9H4B7	Q9BVA1;Q9H4B7;P68371;Q3ZCM7;A6NNZ2;Q13885;P07437	TBB1_HUMAN;TBB2A_HUMAN;TBB4B_HUMAN;TBB5_HUMAN;TBB8_HUMAN	TUBB;TUBB1;TUBB2A;TUBB4B;TUBB8	Tubulin beta chain	1.21025e+06
P07437;Q13509;Q13885	Q9BVA1;Q13509;Q13885;P07437	TBB2A_HUMAN;TBB3_HUMAN;TBB5_HUMAN	TUBB;TUBB2A;TUBB3	Tubulin beta chain	6.00731e+06
P07602;P07602-2;P07602-3	P07602;P07602-2;P07602-3	SAP_HUMAN	PSAP	Prosaposin	4.28847e+06
P07686	P07686	HEXB_HUMAN	HEXB	Beta-hexosaminidase subunit beta	2.04273e+06
P07711	P07711	CATL1_HUMAN	CTSL	Cathepsin L1	720985
P07737	P07737	PROF1_HUMAN	PFN1	Profilin-1	1.87634e+07
P07738	P07738	PMGE_HUMAN	BPGM	Bisphosphoglycerate mutase	145896
P07741	P07741	APT_HUMAN	APRT	Adenine phosphoribosyltransferase	2.65665e+06
P07814	P07814	SYEP_HUMAN	EPRS1	Bifunctional glutamate/proline--tRNA ligase	2.22767e+07
P07858	P07858	CATB_HUMAN	CTSB	Cathepsin B	1.71856e+06
P07900;P07900-2	P07900;P07900-2	HS90A_HUMAN	HSP90AA1	Heat shock protein HSP 90-alpha	2.41438e+07
P07900;P07900-2;P08238	P08238;P07900;P07900-2	HS90A_HUMAN;HS90B_HUMAN	HSP90AA1;HSP90AB1	Heat shock protein HSP 90-alpha	8.21382e+06
P07900;P07900-2;P08238;Q14568	P08238;Q14568;P07900;P07900-2	HS902_HUMAN;HS90A_HUMAN;HS90B_HUMAN	HSP90AA1;HSP90AA2P;HSP90AB1	Heat shock protein HSP 90-alpha	1.53062e+06
P07900;P07900-2;P08238;Q14568;Q58FF6	P08238;Q58FF7;Q58FF6;Q14568;P07900;P07900-2	H90B4_HUMAN;HS902_HUMAN;HS90A_HUMAN;HS90B_HUMAN	HSP90AA1;HSP90AA2P;HSP90AB1;HSP90AB4P	Heat shock protein HSP 90-alpha	1.24613e+06
P07900;P07900-2;P08238;Q14568;Q58FF8	P08238;Q58FF8;Q14568;P07900;P07900-2	H90B2_HUMAN;HS902_HUMAN;HS90A_HUMAN;HS90B_HUMAN	HSP90AA1;HSP90AA2P;HSP90AB1;HSP90AB2P	Heat shock protein HSP 90-alpha	1.15232e+07
P07900;P07900-2;P08238;Q14568;Q58FG1	P08238;Q58FG1;Q58FF7;Q14568;P07900;P07900-2	HS902_HUMAN;HS904_HUMAN;HS90A_HUMAN;HS90B_HUMAN	HSP90AA1;HSP90AA2P;HSP90AA4P;HSP90AB1	Heat shock protein HSP 90-alpha	294421
P07900;P07900-2;P08238;Q58FF6	P08238;Q58FG0;Q58FF7;Q58FF6;P07900;P07900-2	H90B4_HUMAN;HS90A_HUMAN;HS90B_HUMAN	HSP90AA1;HSP90AB1;HSP90AB4P	Heat shock protein HSP 90-alpha	1.19751e+07
P07900;P07900-2;P08238;Q58FF6;Q58FF8	P08238;Q58FF7;Q58FF8;Q58FF6;P07900;P07900-2	H90B2_HUMAN;H90B4_HUMAN;HS90A_HUMAN;HS90B_HUMAN	HSP90AA1;HSP90AB1;HSP90AB2P;HSP90AB4P	Heat shock protein HSP 90-alpha	4.85214e+06
P07900;P07900-2;P08238;Q58FF8	P08238;Q58FG0;Q58FF7;Q58FF8;P07900;P07900-2	H90B2_HUMAN;HS90A_HUMAN;HS90B_HUMAN	HSP90AA1;HSP90AB1;HSP90AB2P	Heat shock protein HSP 90-alpha	810722
P07900;P07900-2;P08238;Q92538;Q92538-2;Q92538-3	P08238;Q92538;Q92538-2;Q92538-3;P07900;P07900-2;Reverse_sp|Q96BY2|MOAP1_HUMAN;Reverse_sp|Q96P48|ARAP1_HUMAN;Reverse_sp|Q96P48-1|ARAP1_HUMAN;Reverse_sp|Q96P48-2|ARAP1_HUMAN;Reverse_sp|Q96P48-3|ARAP1_HUMAN;Reverse_sp|Q96P48-4|ARAP1_HUMAN;Reverse_sp|Q96P48-5|ARAP1_HUMAN;Reverse_sp|Q96P48-7|ARAP1_HUMAN;Reverse_sp|Q96PV4|PNMA5_HUMAN	GBF1_HUMAN;HS90A_HUMAN;HS90B_HUMAN	GBF1;HSP90AA1;HSP90AB1	Heat shock protein HSP 90-alpha	1.97134e+06
P07900;P07900-2;Q14568	Q14568;P07900;P07900-2	HS902_HUMAN;HS90A_HUMAN	HSP90AA1;HSP90AA2P	Heat shock protein HSP 90-alpha	4.80139e+06
P07900;P07900-2;Q58FG1	Q58FG1;P07900;P07900-2	HS904_HUMAN;HS90A_HUMAN	HSP90AA1;HSP90AA4P	Heat shock protein HSP 90-alpha	3.8268e+06
P07902	P07902	GALT_HUMAN	GALT	Galactose-1-phosphate uridylyltransferase	79185
P07910	P07910;P07910-2;P07910-3;P07910-4	HNRPC_HUMAN	HNRNPC	Heterogeneous nuclear ribonucleoproteins C1/C2	1.23281e+07
P07910;Q86SE5;Q86SE5-3	P07910;P07910-2;P07910-4;Q86SE5;Q86SE5-3	HNRPC_HUMAN;RALYL_HUMAN	HNRNPC;RALYL	Heterogeneous nuclear ribonucleoproteins C1/C2	1.82146e+06
P07919	P07919	QCR6_HUMAN	UQCRH	Cytochrome b-c1 complex subunit 6, mitochondrial	378225
P07942	P07942	LAMB1_HUMAN	LAMB1	Laminin subunit beta-1	569646
P07947	P06241;P06241-2;P06241-3;P07947	YES_HUMAN	YES1	Tyrosine-protein kinase Yes	112706
P07947;P07948;P07948-2;P12931;P12931-2	P06241;P06241-2;P06241-3;P07948;P07948-2;P08631;P08631-2;P08631-3;P08631-4;P07947;P12931;P12931-2	LYN_HUMAN;SRC_HUMAN;YES_HUMAN	LYN;SRC;YES1	Tyrosine-protein kinase Yes	77844
P07947;P12931;P12931-2	P06241;P06241-2;P06241-3;P07947;P12931;P12931-2	SRC_HUMAN;YES_HUMAN	SRC;YES1	Tyrosine-protein kinase Yes	117299
P07948;P07948-2	P07948;P07948-2;P08631;P08631-2;P08631-3;P08631-4	LYN_HUMAN	LYN	Tyrosine-protein kinase Lyn	291656
P07951	P07951	TPM2_HUMAN	TPM2	Tropomyosin beta chain	987052
P07951;P09493;P09493-4	P09493;P09493-3;P09493-4;P09493-9;P09493-10;P07951;P07951-2	TPM1_HUMAN;TPM2_HUMAN	TPM1;TPM2	Tropomyosin beta chain	442282
P07951;P67936	P07951;P07951-2;P07951-3;P67936;P67936-2	TPM2_HUMAN;TPM4_HUMAN	TPM2;TPM4	Tropomyosin beta chain	1.96216e+06
P07954;P07954-2	P07954;P07954-2	FUMH_HUMAN	FH	Fumarate hydratase, mitochondrial	9.0257e+06
P07992;P07992-4	P07992;P07992-3;P07992-4	ERCC1_HUMAN	ERCC1	DNA excision repair protein ERCC-1	218688
P07996	P07996;P07996-2	TSP1_HUMAN	THBS1	Thrombospondin-1	2.42674e+06
P08047;P08047-3	P08047;P08047-2;P08047-3	SP1_HUMAN	SP1	Transcription factor Sp1	167428
P08069	P08069	IGF1R_HUMAN	IGF1R	Insulin-like growth factor 1 receptor	504852
P08133;P08133-2	P08133;P08133-2	ANXA6_HUMAN	ANXA6	Annexin A6	3.8399e+06
P08134	P08134	RHOC_HUMAN	RHOC	Rho-related GTP-binding protein RhoC	129897
P08134;P61586	P08134;P61586	RHOA_HUMAN;RHOC_HUMAN	RHOA;RHOC	Rho-related GTP-binding protein RhoC	1.80768e+06
P08134;P61586;P62745	P08134;P62745;P61586	RHOA_HUMAN;RHOB_HUMAN;RHOC_HUMAN	RHOA;RHOB;RHOC	Rho-related GTP-binding protein RhoC	243179
P08174;P08174-2;P08174-3;P08174-4;P08174-5;P08174-6;P08174-7	P08174;P08174-2;P08174-3;P08174-4;P08174-5;P08174-6;P08174-7	DAF_HUMAN	CD55	Complement decay-accelerating factor	8.73841e+06
P08183;P08183-2	P08183;P08183-2	MDR1_HUMAN	ABCB1	ATP-dependent translocase ABCB1	73397
P08195	P08195;P08195-2;P08195-3;P08195-4	4F2_HUMAN	SLC3A2	4F2 cell-surface antigen heavy chain	2.83391e+07
P08236;P08236-3	P08236;P08236-3	BGLR_HUMAN	GUSB	Beta-glucuronidase	1.08243e+06
P08237;P08237-3	P08237;P08237-2;P08237-3	PFKAM_HUMAN	PFKM	ATP-dependent 6-phosphofructokinase, muscle type	3.70986e+06
P08237;P08237-3;P17858-2	P17858;P17858-2;P08237;P08237-2;P08237-3	PFKAL_HUMAN;PFKAM_HUMAN	PFKL;PFKM	ATP-dependent 6-phosphofructokinase, muscle type	117146
P08237;P08237-3;P17858-2;Q01813	Q01813;Q01813-2;P17858;P17858-2;P08237;P08237-2;P08237-3	PFKAL_HUMAN;PFKAM_HUMAN;PFKAP_HUMAN	PFKL;PFKM;PFKP	ATP-dependent 6-phosphofructokinase, muscle type	113172
P08238	P08238	HS90B_HUMAN	HSP90AB1	Heat shock protein HSP 90-beta	2.91569e+07
P08238;P14625	P08238;P14625	ENPL_HUMAN;HS90B_HUMAN	HSP90AB1;HSP90B1	Heat shock protein HSP 90-beta	4.86363e+06
P08238;Q58FF6	P08238;Q58FF7;Q58FF6	H90B4_HUMAN;HS90B_HUMAN	HSP90AB1;HSP90AB4P	Heat shock protein HSP 90-beta	43761
P08238;Q58FF8	P08238;Q58FF7;Q58FF8	H90B2_HUMAN;HS90B_HUMAN	HSP90AB1;HSP90AB2P	Heat shock protein HSP 90-beta	3.0113e+06
P08240	P08240;P08240-2	SRPRA_HUMAN	SRPRA	Signal recognition particle receptor subunit alpha	2.15108e+06
P08243;P08243-2	P08243;P08243-2;P08243-3	ASNS_HUMAN	ASNS	Asparagine synthetase [glutamine-hydrolyzing]	9.59617e+06
P08397;P08397-2	P08397;P08397-2;P08397-3;P08397-4	HEM3_HUMAN	HMBS	Porphobilinogen deaminase	474241
P08473	P08473	NEP_HUMAN	MME	Neprilysin	7864
P08559;P08559-2;P08559-4	P29803;P08559;P08559-2;P08559-3;P08559-4	ODPA_HUMAN	PDHA1	Pyruvate dehydrogenase E1 component subunit alpha, somatic form, mitochondrial	5.52987e+06
P08567	P08567	PLEK_HUMAN	PLEK	Pleckstrin	76995
P08572	P08572	CO4A2_HUMAN	COL4A2	Collagen alpha-2(IV) chain	54653
P08574	P08574	CY1_HUMAN	CYC1	Cytochrome c1, heme protein, mitochondrial	3.01944e+06
P08579	P08579	RU2B_HUMAN	SNRPB2	U2 small nuclear ribonucleoprotein B''	756982
P08579;P09012	P09012;P08579	RU2B_HUMAN;SNRPA_HUMAN	SNRPA;SNRPB2	U2 small nuclear ribonucleoprotein B''	633526
P08581	P08581;P08581-2;P08581-3	MET_HUMAN	MET	Hepatocyte growth factor receptor	757472
P08582	P08582	TRFM_HUMAN	MELTF	Melanotransferrin	552313
P08621	P08621;P08621-4	RU17_HUMAN	SNRNP70	U1 small nuclear ribonucleoprotein 70 kDa	4.53721e+06
P08648	P08648	ITA5_HUMAN	ITGA5	Integrin alpha-5	1.59554e+06
P08651;P08651-2;P08651-3;P08651-4;P08651-5;P08651-6	P08651;P08651-2;P08651-3;P08651-4;P08651-5;P08651-6	NFIC_HUMAN	NFIC	Nuclear factor 1 C-type	549246
P08670	P08670	VIME_HUMAN	VIM	Vimentin	5.13271e+07
P08697;P08697-2	P08697;P08697-2	A2AP_HUMAN	SERPINF2	Alpha-2-antiplasmin	361062
P08708	P08708	RS17_HUMAN	RPS17	40S ribosomal protein S17	5.80485e+06
P08727	P13646;P13646-2;P13646-3;P08727;contaminant_KERATIN04;contaminant_KERATIN10	K1C19_HUMAN	KRT19	Keratin, type I cytoskeletal 19	8.74026e+06
P08727;P08779	P08779;P08727;contaminant_KERATIN08;contaminant_KERATIN10	K1C16_HUMAN;K1C19_HUMAN	KRT16;KRT19	Keratin, type I cytoskeletal 19	440531
P08727;P08779;P13645;P35527;Q04695	P13645;P08779;P35527;P02533;P19012;Q04695;P08727;Q99456;contaminant_KERATIN02;contaminant_KERATIN03;contaminant_KERATIN05;contaminant_KERATIN06;contaminant_KERATIN08;contaminant_KERATIN10;contaminant_KERATIN12	K1C10_HUMAN;K1C16_HUMAN;K1C17_HUMAN;K1C19_HUMAN;K1C9_HUMAN	KRT10;KRT16;KRT17;KRT19;KRT9	Keratin, type I cytoskeletal 19	636001
P08727;P08779;Q04695	P08779;P02533;P19012;P19012-2;Q04695;P08727;contaminant_KERATIN05;contaminant_KERATIN06;contaminant_KERATIN08;contaminant_KERATIN10;contaminant_KERATIN12	K1C16_HUMAN;K1C17_HUMAN;K1C19_HUMAN	KRT16;KRT17;KRT19	Keratin, type I cytoskeletal 19	1.1639e+07
P08727;Q04695	Q04695;P08727;contaminant_KERATIN10;contaminant_KERATIN12	K1C17_HUMAN;K1C19_HUMAN	KRT17;KRT19	Keratin, type I cytoskeletal 19	1.81719e+06
P08729	P08729;contaminant_KERATIN19	K2C7_HUMAN	KRT7	Keratin, type II cytoskeletal 7	3.1048e+07
P08729;Q5XKE5	P08729;Q5XKE5;contaminant_KERATIN19	K2C79_HUMAN;K2C7_HUMAN	KRT7;KRT79	Keratin, type II cytoskeletal 7	1.65566e+06
P08754	P08754	GNAI3_HUMAN	GNAI3	Guanine nucleotide-binding protein G(i) subunit alpha	3.36822e+06
P08758	P08758	ANXA5_HUMAN	ANXA5	Annexin A5	9.0581e+06
P08779	P08779;contaminant_KERATIN08	K1C16_HUMAN	KRT16	Keratin, type I cytoskeletal 16	1.46055e+06
P08779;P13645	P13645;P08779;P02533;contaminant_KERATIN03;contaminant_KERATIN05;contaminant_KERATIN08	K1C10_HUMAN;K1C16_HUMAN	KRT10;KRT16	Keratin, type I cytoskeletal 16	450955
P08779;Q04695	P08779;P13646;P13646-3;P02533;P19012;P19012-2;Q04695;P35900;contaminant_KERATIN04;contaminant_KERATIN05;contaminant_KERATIN06;contaminant_KERATIN08;contaminant_KERATIN11;contaminant_KERATIN12	K1C16_HUMAN;K1C17_HUMAN	KRT16;KRT17	Keratin, type I cytoskeletal 16	992068
P08865	P08865	RSSA_HUMAN	RPSA	40S ribosomal protein SA	9.64063e+06
P08962;P08962-2;P08962-3	P08962;P08962-2;P08962-3	CD63_HUMAN	CD63	CD63 antigen	1.08769e+06
P08F94;P08F94-2;Q92802;Q92802-2	P08F94;P08F94-2;Q92802;Q92802-2	N42L2_HUMAN;PKHD1_HUMAN	N4BP2L2;PKHD1	Fibrocystin	27180
P09001	P09001	RM03_HUMAN	MRPL3	39S ribosomal protein L3, mitochondrial	829462
P09012	P09012	SNRPA_HUMAN	SNRPA	U1 small nuclear ribonucleoprotein A	2.19486e+06
P09038;P09038-1;P09038-2;P09038-3	P09038;P09038-1;P09038-2;P09038-3	FGF2_HUMAN	FGF2	Fibroblast growth factor 2	514299
P09104	P09104;P09104-2	ENOG_HUMAN	ENO2	Gamma-enolase	5.56454e+06
P09110	P09110;P09110-2	THIK_HUMAN	ACAA1	3-ketoacyl-CoA thiolase, peroxisomal	1.36782e+06
P09132	P09132	SRP19_HUMAN	SRP19	Signal recognition particle 19 kDa protein	1.00561e+06
P09211	P09211	GSTP1_HUMAN	GSTP1	Glutathione S-transferase P	285319
P09234	P09234	RU1C_HUMAN	SNRPC	U1 small nuclear ribonucleoprotein C	451060
P09382	P09382	LEG1_HUMAN	LGALS1	Galectin-1	1.85086e+07
P09417	P09417;P09417-2	DHPR_HUMAN	QDPR	Dihydropteridine reductase	809337
P09429	P09429	HMGB1_HUMAN	HMGB1	High mobility group protein B1	6.22514e+06
P09429;P23497	P09429;B2RPK0;P23497	HMGB1_HUMAN;SP100_HUMAN	HMGB1;SP100	High mobility group protein B1	1.0966e+06
P09429;P26583	P09429;B2RPK0;P26583	HMGB1_HUMAN;HMGB2_HUMAN	HMGB1;HMGB2	High mobility group protein B1	93040
P09493;P09493-4	P09493;P09493-4;P09493-6;P09493-10	TPM1_HUMAN	TPM1	Tropomyosin alpha-1 chain	807857
P09496;P09496-2;P09496-3;P09496-4	P09496;P09496-2;P09496-3;P09496-4	CLCA_HUMAN	CLTA	Clathrin light chain A	1.90552e+06
P09497;P09497-2	P09497;P09497-2	CLCB_HUMAN	CLTB	Clathrin light chain B	1.6725e+06
P09525	P09525;P09525-2	ANXA4_HUMAN	ANXA4	Annexin A4	4.1639e+06
P09525;P63208	P09525;P09525-2;P63208;P63208-2	ANXA4_HUMAN;SKP1_HUMAN	ANXA4;SKP1	Annexin A4	450286
P09543;P09543-2	P09543;P09543-2	CN37_HUMAN	CNP	2',3'-cyclic-nucleotide 3'-phosphodiesterase	1.21964e+06
P09601	P09601	HMOX1_HUMAN	HMOX1	Heme oxygenase 1	181118
P09619	P09619	PGFRB_HUMAN	PDGFRB	Platelet-derived growth factor receptor beta	307489
P09619;P27361;P27361-2;P27361-3;P28482;P28482-2	P36888;P10721;P10721-2;P28482;P28482-2;P27361;P27361-2;P27361-3;P16234;P09619;Q9UBE8;P35916;P35916-1;P35968;P17948;P17948-5;P17948-6;P17948-7;P17948-8	MK01_HUMAN;MK03_HUMAN;PGFRB_HUMAN	MAPK1;MAPK3;PDGFRB	Platelet-derived growth factor receptor beta	578757
P09622;P09622-2	P09622;P09622-2	DLDH_HUMAN	DLD	Dihydrolipoyl dehydrogenase, mitochondrial	2.87584e+06
P09651;P09651-2	P09651;P09651-2;P09651-3	ROA1_HUMAN	HNRNPA1	Heterogeneous nuclear ribonucleoprotein A1	2.07166e+07
P09651;P09651-2;P22626	P22626;P22626-2;Q32P51;P09651;P09651-2;P09651-3	ROA1_HUMAN;ROA2_HUMAN	HNRNPA1;HNRNPA2B1	Heterogeneous nuclear ribonucleoprotein A1	73475
P09651;P09651-2;P51991	Q32P51;P51991;P51991-2;P09651;P09651-2;P09651-3	ROA1_HUMAN;ROA3_HUMAN	HNRNPA1;HNRNPA3	Heterogeneous nuclear ribonucleoprotein A1	2.18779e+06
P09661	P09661	RU2A_HUMAN	SNRPA1	U2 small nuclear ribonucleoprotein A'	3.76226e+06
P09669	P09669	COX6C_HUMAN	COX6C	Cytochrome c oxidase subunit 6C	1.05611e+06
P09769	P09769	FGR_HUMAN	FGR	Tyrosine-protein kinase Fgr	606925
P09874	P09874	PARP1_HUMAN	PARP1	Poly [ADP-ribose] polymerase 1	1.55277e+07
P09884	P09884	DPOLA_HUMAN	POLA1	DNA polymerase alpha catalytic subunit	1.59665e+06
P09914;P09914-2	P09914;P09914-2	IFIT1_HUMAN	IFIT1	Interferon-induced protein with tetratricopeptide repeats 1	125054
P09960	P09960;P09960-4	LKHA4_HUMAN	LTA4H	Leukotriene A-4 hydrolase	1.03942e+07
P09972	P09972	ALDOC_HUMAN	ALDOC	Fructose-bisphosphate aldolase C	1.70414e+06
P0C025	P0C025	NUD17_HUMAN	NUDT17	Nucleoside diphosphate-linked moiety X motif 17	36878
P0C0L4;P0C0L4-2	P0C0L4;P0C0L4-2;P0C0L5	CO4A_HUMAN	C4A	Complement C4-A	1.2266e+06
P0C0S5;Q71UI9;Q71UI9-3;Q71UI9-4	P0C0S5;Q71UI9;Q71UI9-2;Q71UI9-3;Q71UI9-4	H2AV_HUMAN;H2AZ_HUMAN	H2AFV;H2AZ1	Histone H2A.Z	1.92984e+06
P0C0S8;P20671;Q16777;Q6FI13;Q96KK5;Q99878;Q9BTM1	P0C0S8;P20671;Q7L7L0;Q99878;Q16777;Q93077;Q9BTM1;Q6FI13;Q96KK5;P04908	H2A1D_HUMAN;H2A1H_HUMAN;H2A1J_HUMAN;H2A1_HUMAN;H2A2A_HUMAN;H2A2C_HUMAN;H2AJ_HUMAN	H2AC11;H2AC14;H2AC7;H2AFJ;HIST1H2AH;HIST2H2AA3;HIST2H2AC	Histone H2A type 1	6.61591e+06
P0C1Z6;P0C1Z6-2	P0C1Z6;P0C1Z6-2	TFPT_HUMAN	TFPT	TCF3 fusion partner	26945
P0C2W1	P0C2W1	FBSP1_HUMAN	FBXO45	F-box/SPRY domain-containing protein 1	61628
P0C5J1;Q8N7N1;Q96G04;Q96G04-2	Q96G04;Q96G04-2;Q8N7N1;P0C5J1	EF2KT_HUMAN;F86B1_HUMAN;F86B2_HUMAN	EEF2KMT;FAM86B1;FAM86B2	Putative protein N-methyltransferase FAM86B2	13339
P0C7P0	P0C7P0	CISD3_HUMAN	CISD3	CDGSH iron-sulfur domain-containing protein 3, mitochondrial	72725
P0C7T5	P0C7T5	ATX1L_HUMAN	ATXN1L	Ataxin-1-like	55203
P0C7X5	P0C7X5	ZN806_HUMAN	ZNF806	Zinc finger protein 806	199200
P0C875	P0C875	F228B_HUMAN	FAM228B	Protein FAM228B	17957
P0CAP2	P0CAP2;P0CAP2-3;Q9BZD3	GRL1A_HUMAN	POLR2M	DNA-directed RNA polymerase II subunit GRINL1A	1.07635e+06
P0CG12	P0CG12	DERPC_HUMAN	DERPC	Decreased expression in renal and prostate cancer protein	222359
P0CG13	P0CG13	CTF8_HUMAN	CHTF8	Chromosome transmission fidelity protein 8 homolog	231426
P0CG29;P0CG30	P0CG29;P0CG30	GST2_HUMAN;GSTT2_HUMAN	GSTT2;GSTT2B	Glutathione S-transferase theta-2	197892
P0CG39	Q9BYX7;P0CG39;Q6S8J3;P0CG38	POTEJ_HUMAN	POTEJ	POTE ankyrin domain family member J	478521
P0CJ78	P0CJ78	ZN865_HUMAN	ZNF865	Zinc finger protein 865	13424
P0DI81;P0DI81-3;P0DI82	P0DI82;P0DI81;P0DI81-3	TPC2A_HUMAN;TPC2B_HUMAN	TRAPPC2;TRAPPC2B	Trafficking protein particle complex subunit 2	22712
P0DI83	P0DI83	NARR_HUMAN	RAB34	Ras-related protein Rab-34, isoform NARR	922251
P0DJ07	P0DJ07	PT100_HUMAN	PET100	Protein PET100 homolog, mitochondrial	62881
P0DJ93	P0DJ93	SIM13_HUMAN	SMIM13	Small integral membrane protein 13	25030
P0DJD0;P0DJD1	P0DJD1;P0DJD0	RGPD1_HUMAN;RGPD2_HUMAN	RGPD1;RGPD2	RANBP2-like and GRIP domain-containing protein 1	182756
P0DMM9;P0DMM9-3;P0DMN0	P0DMN0;P0DMM9;P0DMM9-2;P0DMM9-3	ST1A3_HUMAN;ST1A4_HUMAN	SULT1A3;SULT1A4	Sulfotransferase 1A3	663080
P0DMM9;P0DMM9-3;P0DMN0;P50226	P0DMN0;P50225;P50225-2;P0DMM9;P0DMM9-3;P50226	ST1A2_HUMAN;ST1A3_HUMAN;ST1A4_HUMAN	SULT1A2;SULT1A3;SULT1A4	Sulfotransferase 1A3	462379
P0DMV8;P0DMV9	P0DMV8;P0DMV9	HS71A_HUMAN;HS71B_HUMAN	HSPA1A;HSPA1B	Heat shock 70 kDa protein 1A	2.74961e+07
P0DN76;Q01081	P0DN76;Q01081;Q01081-2;Q01081-4	U2AF1_HUMAN;U2AF5_HUMAN	U2AF1;U2AF1L5	Splicing factor U2AF 35 kDa subunit-like protein	1.42001e+06
P0DN79;P35520;P35520-2	P0DN79;P35520;P35520-2	CBSL_HUMAN;CBS_HUMAN	CBS;CBSL	Cystathionine beta-synthase-like protein	9.97957e+06
P0DP23;P0DP24;P0DP25	P0DP25;P0DP24;P0DP23	CALM1_HUMAN;CALM2_HUMAN;CALM3_HUMAN	CALM1;CALM2;CALM3	Calmodulin-1	9.47493e+06
P0DP91	P0DP91;Q8N328	ERPG3_HUMAN	ERCC6	Chimeric ERCC6-PGBD3 protein	3.18318e+06
P0DP91;Q03468	P0DP91;Q03468	ERCC6_HUMAN;ERPG3_HUMAN	ERCC6	Chimeric ERCC6-PGBD3 protein	3.18318e+06
P0DPB6	P0DPB6	RPAC2_HUMAN	POLR1D	DNA-directed RNA polymerases I and III subunit RPAC2	523886
P0DPD7;P0DPD8	P0DPD8;P0DPD7	EFCE2_HUMAN;EFMT4_HUMAN	EEF1AKMT4;EEF1AKMT4-ECE2	EEF1A lysine methyltransferase 4	129474
P10074	P10074	TZAP_HUMAN	ZBTB48	Telomere zinc finger-associated protein	44241
P10109	P10109	ADX_HUMAN	FDX1	Adrenodoxin, mitochondrial	109775
P10114	P10114	RAP2A_HUMAN	RAP2A	Ras-related protein Rap-2a	96545
P10114;P61225;Q9Y3L5	P10114;P61225;Q9Y3L5	RAP2A_HUMAN;RAP2B_HUMAN;RAP2C_HUMAN	RAP2A;RAP2B;RAP2C	Ras-related protein Rap-2a	183173
P10155	P10155;P10155-3;P10155-4;P10155-5	RO60_HUMAN	RO60	60 kDa SS-A/Ro ribonucleoprotein	1.8708e+06
P10253	P10253	LYAG_HUMAN	GAA	Lysosomal alpha-glucosidase	2.2007e+06
P10301	P10301	RRAS_HUMAN	RRAS	Ras-related protein R-Ras	271881
P10301;P62070;P62070-3;P62070-4	P10301;P62070;P62070-3;P62070-4	RRAS2_HUMAN;RRAS_HUMAN	RRAS;RRAS2	Ras-related protein R-Ras	119814
P10321	P10321;P10321-2	HLAC_HUMAN	HLA-C	HLA class I histocompatibility antigen, C alpha chain	1.65352e+06
P10398	P10398	ARAF_HUMAN	ARAF	Serine/threonine-protein kinase A-Raf	1.76676e+06
P10412	P16402;P10412	H14_HUMAN	H1-4	Histone H1.4	66143
P10515	P10515	ODP2_HUMAN	DLAT	Dihydrolipoyllysine-residue acetyltransferase component of pyruvate dehydrogenase complex, mitochondrial	1.03091e+06
P10523	P10523	ARRS_HUMAN	SAG	S-arrestin	130850
P10586;P10586-2	P10586;P10586-2	PTPRF_HUMAN	PTPRF	Receptor-type tyrosine-protein phosphatase F	1.14122e+06
P10586;P10586-2;P23468	P23468;P23468-3;P23468-4;P23468-5;P23468-6;P23468-7;P10586;P10586-2	PTPRD_HUMAN;PTPRF_HUMAN	PTPRD;PTPRF	Receptor-type tyrosine-protein phosphatase F	125579
P10588	P10588	NR2F6_HUMAN	NR2F6	Nuclear receptor subfamily 2 group F member 6	36278
P10589	P24468;P24468-2;P24468-3;P10589	COT1_HUMAN	NR2F1	COUP transcription factor 1	73493
P10599	P10599;P10599-2	THIO_HUMAN	TXN	Thioredoxin	1.18798e+07
P10606	P10606	COX5B_HUMAN	COX5B	Cytochrome c oxidase subunit 5B, mitochondrial	3.38037e+06
P10619;P10619-2	P10619;P10619-2	PPGB_HUMAN	CTSA	Lysosomal protective protein	690967
P10620	P10620;P10620-2	MGST1_HUMAN	MGST1	Microsomal glutathione S-transferase 1	1.79024e+06
P10636;P10636-2;P10636-3;P10636-4;P10636-5;P10636-6;P10636-7;P10636-8;P10636-9	P10636;P10636-2;P10636-3;P10636-4;P10636-5;P10636-6;P10636-7;P10636-8;P10636-9	TAU_HUMAN	MAPT	Microtubule-associated protein tau	64624
P10636;P10636-2;P10636-3;P10636-4;P10636-5;P10636-6;P10636-7;P10636-8;P10636-9;Q5T0F9;Q5T0F9-2	Q5T0F9;Q5T0F9-2;Q5T0F9-3;P10636;P10636-2;P10636-3;P10636-4;P10636-5;P10636-6;P10636-7;P10636-8;P10636-9	C2D1B_HUMAN;TAU_HUMAN	CC2D1B;MAPT	Microtubule-associated protein tau	245107
P10644	P10644;P10644-2	KAP0_HUMAN	PRKAR1A	cAMP-dependent protein kinase type I-alpha regulatory subunit	750061
P10644;P31321	P10644;P10644-2;P31321	KAP0_HUMAN;KAP1_HUMAN	PRKAR1A;PRKAR1B	cAMP-dependent protein kinase type I-alpha regulatory subunit	440234
P10645	P10645	CMGA_HUMAN	CHGA	Chromogranin-A	177904
P10646	P10646	TFPI1_HUMAN	TFPI	Tissue factor pathway inhibitor	4704
P10746	P10746	HEM4_HUMAN	UROS	Uroporphyrinogen-III synthase	437431
P10768	P10768	ESTD_HUMAN	ESD	S-formylglutathione hydrolase	1.73002e+06
P10809	P10809	CH60_HUMAN	HSPD1	60 kDa heat shock protein, mitochondrial	4.31595e+07
P10909;P10909-2;P10909-4;P10909-5;P10909-6	P10909;P10909-2;P10909-3;P10909-4;P10909-5;P10909-6	CLUS_HUMAN	CLU	Clusterin	675567
P11021	P11021;contaminant_GR78_HUMAN;contaminant_GR78_MESAU;contaminant_GR78_MOUSE;contaminant_GR78_PIG;contaminant_GR78_RAT	BIP_HUMAN	HSPA5	Endoplasmic reticulum chaperone BiP	5.92946e+07
P11047	P11047	LAMC1_HUMAN	LAMC1	Laminin subunit gamma-1	979729
P11117	P11117;P11117-2	PPAL_HUMAN	ACP2	Lysosomal acid phosphatase	1.05146e+06
P11142	P11142	HSP7C_HUMAN	HSPA8	Heat shock cognate 71 kDa protein	4.45263e+07
P11142;P17066;P34931;P54652	P34931;P0DMV8;P0DMV8-2;P17066;P54652;P0DMV9;P48741;P11142;P11142-2	HS71L_HUMAN;HSP72_HUMAN;HSP76_HUMAN;HSP7C_HUMAN	HSPA1L;HSPA2;HSPA6;HSPA8	Heat shock cognate 71 kDa protein	4.23428e+06
P11142;P17066;P54652	P17066;P54652;P11142;P11142-2	HSP72_HUMAN;HSP76_HUMAN;HSP7C_HUMAN	HSPA2;HSPA6;HSPA8	Heat shock cognate 71 kDa protein	1.73996e+06
P11142;P34931;P54652	P11021;P34931;P0DMV8;P0DMV8-2;P54652;P0DMV9;P11142;P11142-2;contaminant_GR78_HUMAN;contaminant_GR78_MESAU;contaminant_GR78_MOUSE;contaminant_GR78_RAT;contaminant_GR78_SCHPO	HS71L_HUMAN;HSP72_HUMAN;HSP7C_HUMAN	HSPA1L;HSPA2;HSPA8	Heat shock cognate 71 kDa protein	4.07135e+06
P11142;P54652	P54652;P11142;P11142-2	HSP72_HUMAN;HSP7C_HUMAN	HSPA2;HSPA8	Heat shock cognate 71 kDa protein	9.43402e+06
P11166	P11166	GTR1_HUMAN	SLC2A1	Solute carrier family 2, facilitated glucose transporter member 1	1.18621e+06
P11169	Q8TDB8;Q8TDB8-2;Q8TDB8-3;Q8TDB8-4;Q8TDB8-5;P11169	GTR3_HUMAN	SLC2A3	Solute carrier family 2, facilitated glucose transporter member 3	542466
P11171;P11171-2	P11171;P11171-2;P11171-3;P11171-4;P11171-5;P11171-6	41_HUMAN	EPB41	Protein 4.1	1.19417e+06
P11172	P11172;P11172-3	UMPS_HUMAN	UMPS	Uridine 5'-monophosphate synthase	2.39759e+06
P11177;P11177-2	P11177;P11177-2;P11177-3	ODPB_HUMAN	PDHB	Pyruvate dehydrogenase E1 component subunit beta, mitochondrial	7.09943e+06
P11182	P11182	ODB2_HUMAN	DBT	Lipoamide acyltransferase component of branched-chain alpha-keto acid dehydrogenase complex, mitochondrial	997065
P11215;P11215-2	P11215;P11215-2	ITAM_HUMAN	ITGAM	Integrin alpha-M	668975
P11216	P11216	PYGB_HUMAN	PYGB	Glycogen phosphorylase, brain form	1.6007e+06
P11216;P11217	P11217;P11216	PYGB_HUMAN;PYGM_HUMAN	PYGB;PYGM	Glycogen phosphorylase, brain form	149862
P11217	P11217;P11217-2	PYGM_HUMAN	PYGM	Glycogen phosphorylase, muscle form	123510
P11233	P11233	RALA_HUMAN	RALA	Ras-related protein Ral-A	770395
P11233;P11234;P11234-2;P11234-3	P11234;P11234-2;P11234-3;P11233	RALA_HUMAN;RALB_HUMAN	RALA;RALB	Ras-related protein Ral-A	740649
P11234;P11234-2;P11234-3	P11234;P11234-2;P11234-3	RALB_HUMAN	RALB	Ras-related protein Ral-B	378707
P11274;P11274-2	P11274;P11274-2	BCR_HUMAN	BCR	Breakpoint cluster region protein	1.00322e+06
P11277;P11277-2;P11277-3	P11277;P11277-2;P11277-3	SPTB1_HUMAN	SPTB	Spectrin beta chain, erythrocytic	117490
P11279	P11279;P11279-2	LAMP1_HUMAN	LAMP1	Lysosome-associated membrane glycoprotein 1	1.69316e+06
P11310;P11310-2	P11310;P11310-2	ACADM_HUMAN	ACADM	Medium-chain specific acyl-CoA dehydrogenase, mitochondrial	1.89849e+06
P11387	P11387	TOP1_HUMAN	TOP1	DNA topoisomerase 1	1.16464e+07
P11388;P11388-2;P11388-3;P11388-4	P11388;P11388-2;P11388-3;P11388-4	TOP2A_HUMAN	TOP2A	DNA topoisomerase 2-alpha	5.59863e+06
P11388;P11388-2;P11388-3;P11388-4;Q02880;Q02880-2	Q02880;Q02880-2;P11388;P11388-2;P11388-3;P11388-4	TOP2A_HUMAN;TOP2B_HUMAN	TOP2A;TOP2B	DNA topoisomerase 2-alpha	1.5031e+06
P11413;P11413-2;P11413-3	P11413;P11413-2;P11413-3	G6PD_HUMAN	G6PD	Glucose-6-phosphate 1-dehydrogenase	1.82399e+07
P11441	P11441;contaminant_UBIQUITIN06	UBL4A_HUMAN	UBL4A	Ubiquitin-like protein 4A	297272
P11474;P11474-2	P11474;P11474-2;O95718;O95718-1;O95718-2	ERR1_HUMAN	ESRRA	Steroid hormone receptor ERR1	9608
P11498	P11498;P11498-2	PYC_HUMAN	PC	Pyruvate carboxylase, mitochondrial	5.59613e+06
P11532;P11532-11;P11532-4	P11532;P11532-4;P11532-11;P11532-2;P11532-3;P11532-12;P11532-13;P11532-14;P11532-15;P11532-16;P11532-17;P11532-7;P11532-8;P11532-6;P11532-5;P11532-9	DMD_HUMAN	DMD	Dystrophin	878067
P11532;P11532-11;P11532-4;P46939;P46939-2	P11532;P11532-4;P11532-11;P11532-2;P11532-3;P11532-12;P11532-13;P11532-14;P11532-15;P11532-16;P11532-17;P11532-7;P11532-8;P11532-6;P11532-5;P11532-9;P46939;P46939-2;P46939-3;P46939-4	DMD_HUMAN;UTRO_HUMAN	DMD;UTRN	Dystrophin	382612
P11586	P11586	C1TC_HUMAN	MTHFD1	C-1-tetrahydrofolate synthase, cytoplasmic	1.62283e+07
P11678	P11678	PERE_HUMAN	EPX	Eosinophil peroxidase	177447
P11717	P11717	MPRI_HUMAN	IGF2R	Cation-independent mannose-6-phosphate receptor	4.60654e+06
P11766	P11766	ADHX_HUMAN	ADH5	Alcohol dehydrogenase class-3	2.25883e+06
P11802	P11802	CDK4_HUMAN	CDK4	Cyclin-dependent kinase 4	1.10671e+06
P11908-2	P11908;P11908-2	PRPS2_HUMAN	PRPS2	Isoform 2 of Ribose-phosphate pyrophosphokinase 2	971813
P11908-2;P21108	P11908;P11908-2;P21108	PRPS2_HUMAN;PRPS3_HUMAN	PRPS1L1;PRPS2	Isoform 2 of Ribose-phosphate pyrophosphokinase 2	241294
P11908-2;P21108;P60891	P11908;P11908-2;P21108;P60891;P60891-2	PRPS1_HUMAN;PRPS2_HUMAN;PRPS3_HUMAN	PRPS1;PRPS1L1;PRPS2	Isoform 2 of Ribose-phosphate pyrophosphokinase 2	518655
P11908-2;P60891	P11908;P11908-2;P60891;P60891-2	PRPS1_HUMAN;PRPS2_HUMAN	PRPS1;PRPS2	Isoform 2 of Ribose-phosphate pyrophosphokinase 2	371733
P11940	P11940	PABP1_HUMAN	PABPC1	Polyadenylate-binding protein 1	3.83704e+06
P11940;Q13310	Q13310;Q13310-2;Q13310-3;P11940;P11940-2	PABP1_HUMAN;PABP4_HUMAN	PABPC1;PABPC4	Polyadenylate-binding protein 1	4.71084e+06
P11940;Q13310;Q9H361	Q13310;Q13310-2;Q13310-3;Q9H361;P11940;P11940-2;Q4VXU2	PABP1_HUMAN;PABP3_HUMAN;PABP4_HUMAN	PABPC1;PABPC3;PABPC4	Polyadenylate-binding protein 1	1.42104e+06
P11940;Q9H361	Q9H361;P11940;P11940-2	PABP1_HUMAN;PABP3_HUMAN	PABPC1;PABPC3	Polyadenylate-binding protein 1	5.81013e+06
P12004	P12004	PCNA_HUMAN	PCNA	Proliferating cell nuclear antigen	1.17983e+07
P12081;P12081-4	P12081;P12081-4	HARS1_HUMAN	HARS1	Histidine--tRNA ligase, cytoplasmic	2.36225e+06
P12081;P12081-4;P49590;P49590-2	P12081;P12081-2;P12081-3;P12081-4;P49590;P49590-2	HARS1_HUMAN;SYHM_HUMAN	HARS1;HARS2	Histidine--tRNA ligase, cytoplasmic	1.14556e+06
P12109	P12109	CO6A1_HUMAN	COL6A1	Collagen alpha-1(VI) chain	260469
P12235	P12235	ADT1_HUMAN	SLC25A4	ADP/ATP translocase 1	781004
P12235;P12236	P12236;P12235	ADT1_HUMAN;ADT3_HUMAN	SLC25A4;SLC25A6	ADP/ATP translocase 1	1.93756e+06
P12236	P12236	ADT3_HUMAN	SLC25A6	ADP/ATP translocase 3	1.09335e+06
P12259	P12259	FA5_HUMAN	F5	Coagulation factor V	1.11575e+06
P12268	P12268	IMDH2_HUMAN	IMPDH2	Inosine-5'-monophosphate dehydrogenase 2	8.07307e+06
P12268;P20839;P20839-3;P20839-5;P20839-6;P20839-7	P20839;P20839-2;P20839-3;P20839-4;P20839-5;P20839-6;P20839-7;P12268	IMDH1_HUMAN;IMDH2_HUMAN	IMPDH1;IMPDH2	Inosine-5'-monophosphate dehydrogenase 2	167048
P12270	P12270;P12270-2	TPR_HUMAN	TPR	Nucleoprotein TPR	1.26293e+07
P12277	P12277	KCRB_HUMAN	CKB	Creatine kinase B-type	1.59578e+06
P12429	P12429	ANXA3_HUMAN	ANXA3	Annexin A3	6.91738e+06
P12532;P12532-2;P17540	P17540;P12532;P12532-2	KCRS_HUMAN;KCRU_HUMAN	CKMT1A;CKMT2	Creatine kinase U-type, mitochondrial	26414
P12694	P12694;P12694-2	ODBA_HUMAN	BCKDHA	2-oxoisovalerate dehydrogenase subunit alpha, mitochondrial	755458
P12757;P12757-3;P12757-5	P12757;P12757-3;P12757-5	SKIL_HUMAN	SKIL	Ski-like protein	160390
P12814	P12814;P12814-2;P12814-3;P12814-4	ACTN1_HUMAN	ACTN1	Alpha-actinin-1	1.12812e+07
P12814;P35609;P35609-2	P35609;P35609-2;P12814;P12814-2;P12814-3;P12814-4	ACTN1_HUMAN;ACTN2_HUMAN	ACTN1;ACTN2	Alpha-actinin-1	2.35887e+06
P12814;P35609;P35609-2;Q08043	P35609;P35609-2;P12814;P12814-2;P12814-3;P12814-4;Q08043	ACTN1_HUMAN;ACTN2_HUMAN;ACTN3_HUMAN	ACTN1;ACTN2;ACTN3	Alpha-actinin-1	609712
P12882	P12882	MYH1_HUMAN	MYH1	Myosin-1	73116
P12882;P35579;P35580;P35580-2;P35580-3;P35580-4;P35580-5;P35749;P35749-2;P35749-3;P35749-4;Q7Z406;Q7Z406-2;Q7Z406-6	P35749;P35749-2;P35749-3;P35749-4;Q7Z406;Q7Z406-2;Q7Z406-4;Q7Z406-5;Q7Z406-6;P35579;P35579-2;P35580;P35580-2;P35580-3;P35580-4;P35580-5;Q9UKX3;P12882;P11055;Q9Y623;P13533;A7E2Y1;P12883;Q9UKX2;P13535	MYH10_HUMAN;MYH11_HUMAN;MYH14_HUMAN;MYH1_HUMAN;MYH9_HUMAN	MYH1;MYH10;MYH11;MYH14;MYH9	Myosin-1	97219
P12931;P12931-2	P12931;P12931-2	SRC_HUMAN	SRC	Proto-oncogene tyrosine-protein kinase Src	44162
P12955	P12955;P12955-2;P12955-3	PEPD_HUMAN	PEPD	Xaa-Pro dipeptidase	835776
P12956	P12956;P12956-2	XRCC6_HUMAN	XRCC6	X-ray repair cross-complementing protein 6	2.32839e+07
P13010	P13010	XRCC5_HUMAN	XRCC5	X-ray repair cross-complementing protein 5	1.02718e+07
P13056;P13056-2;P13056-3	P13056;P13056-2;P13056-3	NR2C1_HUMAN	NR2C1	Nuclear receptor subfamily 2 group C member 1	21247
P13073	P13073	COX41_HUMAN	COX4I1	Cytochrome c oxidase subunit 4 isoform 1, mitochondrial	5.50181e+06
P13196	P13196	HEM1_HUMAN	ALAS1	5-aminolevulinate synthase, nonspecific, mitochondrial	47456
P13284	P13284	GILT_HUMAN	IFI30	Gamma-interferon-inducible lysosomal thiol reductase	642234
P13473;P13473-2;P13473-3	P13473;P13473-2;P13473-3	LAMP2_HUMAN	LAMP2	Lysosome-associated membrane glycoprotein 2	1.96788e+06
P13489	P13489	RINI_HUMAN	RNH1	Ribonuclease inhibitor	6.41568e+06
P13591;P13591-1;P13591-3;P13591-4	P13591;P13591-1;P13591-3;P13591-4;P13591-5;P13591-6	NCAM1_HUMAN	NCAM1	Neural cell adhesion molecule 1	20410
P13598	P13598	ICAM2_HUMAN	ICAM2	Intercellular adhesion molecule 2	52237
P13639	P13639	EF2_HUMAN	EEF2	Elongation factor 2	4.03353e+07
P13639;Q15029;Q15029-2;Q15029-3	P13639;Q15029;Q15029-2;Q15029-3	EF2_HUMAN;U5S1_HUMAN	EEF2;EFTUD2	Elongation factor 2	2.18636e+06
P13645	P13645;contaminant_KERATIN03	K1C10_HUMAN	KRT10	Keratin, type I cytoskeletal 10	5.25528e+06
P13646;P13646-2;P13646-3	P13646;P13646-2;P13646-3;contaminant_KERATIN04	K1C13_HUMAN	KRT13	Keratin, type I cytoskeletal 13	290607
P13647	P13647;contaminant_KERATIN17	K2C5_HUMAN	KRT5	Keratin, type II cytoskeletal 5	94523
P13667	P13667	PDIA4_HUMAN	PDIA4	Protein disulfide-isomerase A4	1.58992e+07
P13674	P13674;P13674-2;P13674-3	P4HA1_HUMAN	P4HA1	Prolyl 4-hydroxylase subunit alpha-1	1.51552e+06
P13693	P13693;P13693-2;Q56UQ5	TCTP_HUMAN	TPT1	Translationally-controlled tumor protein	2.12591e+06
P13716;P13716-2	P13716;P13716-2	HEM2_HUMAN	ALAD	Delta-aminolevulinic acid dehydratase	271795
P13725	P13725	ONCM_HUMAN	OSM	Oncostatin-M	909396
P13726	P13726	TF_HUMAN	F3	Tissue factor	52272
P13797;P13797-2	P13797;P13797-2;P13797-3	PLST_HUMAN	PLS3	Plastin-3	1.2723e+07
P13797;P13797-2;Q14651	Q14651;P13797;P13797-2;P13797-3	PLSI_HUMAN;PLST_HUMAN	PLS1;PLS3	Plastin-3	2.89863e+06
P13798	P13798	ACPH_HUMAN	APEH	Acylamino-acid-releasing enzyme	2.52858e+06
P13804	P13804;P13804-2	ETFA_HUMAN	ETFA	Electron transfer flavoprotein subunit alpha, mitochondrial	1.2824e+07
P13807	P13807;P13807-2	GYS1_HUMAN	GYS1	Glycogen [starch] synthase, muscle	1.88542e+06
P13807;P54840	P13807;P13807-2;P54840	GYS1_HUMAN;GYS2_HUMAN	GYS1;GYS2	Glycogen [starch] synthase, muscle	78205
P13861;P13861-2	P13861;P13861-2	KAP2_HUMAN	PRKAR2A	cAMP-dependent protein kinase type II-alpha regulatory subunit	1.83197e+06
P13929	P13929;P13929-2;P13929-3	ENOB_HUMAN	ENO3	Beta-enolase	6.89584e+06
P13984	P13984	T2FB_HUMAN	GTF2F2	General transcription factor IIF subunit 2	486337
P13987;P13987-2	P13987;P13987-2	CD59_HUMAN	CD59	CD59 glycoprotein	4.21891e+06
P13995	P13995;P13995-2	MTDC_HUMAN	MTHFD2	Bifunctional methylenetetrahydrofolate dehydrogenase/cyclohydrolase, mitochondrial	1.35444e+06
P14174	P14174	MIF_HUMAN	MIF	Macrophage migration inhibitory factor	3.90061e+06
P14209	P14209;P14209-3	CD99_HUMAN	CD99	CD99 antigen	753162
P14210;P14210-2;P14210-3;P14210-4;P14210-5;P14210-6	P14210;P14210-2;P14210-3;P14210-4;P14210-5;P14210-6	HGF_HUMAN	HGF	Hepatocyte growth factor	143047
P14314;P14314-2	P14314;P14314-2	GLU2B_HUMAN	PRKCSH	Glucosidase 2 subunit beta	2.30185e+07
P14317	P14317;P14317-2	HCLS1_HUMAN	HCLS1	Hematopoietic lineage cell-specific protein	172618
P14324;P14324-2	P14324;P14324-2	FPPS_HUMAN	FDPS	Farnesyl pyrophosphate synthase	3.35726e+06
P14373	P14373;P14373-2	TRI27_HUMAN	TRIM27	Zinc finger protein RFP	369814
P14384	P14384	CBPM_HUMAN	CPM	Carboxypeptidase M	972614
P14406	P14406	CX7A2_HUMAN	COX7A2	Cytochrome c oxidase subunit 7A2, mitochondrial	2.60164e+06
P14550	P14550	AK1A1_HUMAN	AKR1A1	Aldo-keto reductase family 1 member A1	2.745e+06
P14618	P14618;P14618-2;P14618-3	KPYM_HUMAN	PKM	Pyruvate kinase PKM	7.49463e+07
P14621	P14621	ACYP2_HUMAN	ACYP2	Acylphosphatase-2	58311
P14625	P14625	ENPL_HUMAN	HSP90B1	Endoplasmin	3.72238e+07
P14635	P14635;P14635-2	CCNB1_HUMAN	CCNB1	G2/mitotic-specific cyclin-B1	243812
P14649	P14649	MYL6B_HUMAN	MYL6B	Myosin light chain 6B	151486
P14649;P60660;P60660-2	P14649;P60660;P60660-2	MYL6B_HUMAN;MYL6_HUMAN	MYL6;MYL6B	Myosin light chain 6B	2.58926e+06
P14678;P14678-2;P14678-3	P14678;P14678-2;P14678-3	RSMB_HUMAN	SNRPB	Small nuclear ribonucleoprotein-associated proteins B and B'	3.51854e+06
P14735	P14735	IDE_HUMAN	IDE	Insulin-degrading enzyme	2.42053e+06
P14854	P14854	CX6B1_HUMAN	COX6B1	Cytochrome c oxidase subunit 6B1	4.34384e+06
P14859;P14859-2;P14859-3;P14859-4;P14859-5;P14859-6	P14859;P14859-2;P14859-3;P14859-6;P14859-4;P14859-5	PO2F1_HUMAN	POU2F1	POU domain, class 2, transcription factor 1	143334
P14859;P14859-2;P14859-3;P14859-4;P14859-5;P14859-6;Q9UKI9;Q9UKI9-2;Q9UKI9-3	Q9UKI9;Q9UKI9-2;Q9UKI9-3;P09086;P09086-2;P09086-3;P09086-4;P09086-5;P14859;P14859-2;P14859-3;P14859-6;P14859-4;P14859-5	PO2F1_HUMAN;PO2F3_HUMAN	POU2F1;POU2F3	POU domain, class 2, transcription factor 1	73374
P14866	P14866	HNRPL_HUMAN	HNRNPL	Heterogeneous nuclear ribonucleoprotein L	1.79556e+07
P14866;Q8WVV9;Q8WVV9-4;Q8WVV9-5	P14866;P14866-2;Q8WVV9;Q8WVV9-4;Q8WVV9-5	HNRLL_HUMAN;HNRPL_HUMAN	HNRNPL;HNRNPLL	Heterogeneous nuclear ribonucleoprotein L	276385
P14868	P14868;P14868-2	SYDC_HUMAN	DARS1	Aspartate--tRNA ligase, cytoplasmic	7.38277e+06
P14923	P14923	PLAK_HUMAN	JUP	Junction plakoglobin	971220
P14923;P35222	P35222;P14923	CTNB1_HUMAN;PLAK_HUMAN	CTNNB1;JUP	Junction plakoglobin	90178
P14927	P14927	QCR7_HUMAN	UQCRB	Cytochrome b-c1 complex subunit 7	2.47087e+06
P15056	P15056	BRAF_HUMAN	BRAF	Serine/threonine-protein kinase B-raf	33908
P15104	P15104	GLNA_HUMAN	GLUL	Glutamine synthetase	161814
P15121	P15121	ALDR_HUMAN	AKR1B1	Aldo-keto reductase family 1 member B1	2.02923e+07
P15144	P15144	AMPN_HUMAN	ANPEP	Aminopeptidase N	474987
P15151;P15151-2;P15151-3;P15151-4	P15151;P15151-2;P15151-3;P15151-4	PVR_HUMAN	PVR	Poliovirus receptor	430649
P15170-2;P15170-3	P15170;P15170-2;P15170-3	ERF3A_HUMAN	GSPT1	Isoform 2 of Eukaryotic peptide chain release factor GTP-binding subunit ERF3A	2.58023e+06
P15170-2;P15170-3;Q8IYD1	Q8IYD1;P15170;P15170-2;P15170-3	ERF3A_HUMAN;ERF3B_HUMAN	GSPT1;GSPT2	Isoform 2 of Eukaryotic peptide chain release factor GTP-binding subunit ERF3A	2.58696e+06
P15260	P15260	INGR1_HUMAN	IFNGR1	Interferon gamma receptor 1	57861
P15289;P15289-2	P15289;P15289-2	ARSA_HUMAN	ARSA	Arylsulfatase A	193280
P15291;P15291-2	P15291;P15291-2	B4GT1_HUMAN	B4GALT1	Beta-1,4-galactosyltransferase 1	1.00198e+06
P15311	P15311	EZRI_HUMAN	EZR	Ezrin	6.95143e+06
P15311;P26038;P35241	P15311;P26038;P35241;P35241-3;P35241-5	EZRI_HUMAN;MOES_HUMAN;RADI_HUMAN	EZR;MSN;RDX	Ezrin	9.32516e+06
P15311;P35241	P15311;P35241;P35241-3;P35241-5	EZRI_HUMAN;RADI_HUMAN	EZR;RDX	Ezrin	176982
P15336;P15336-5	P15336;P15336-3;P15336-5;P15336-7	ATF2_HUMAN	ATF2	Cyclic AMP-dependent transcription factor ATF-2	120624
P15336;P15336-5;P17544;P17544-3	P17544;P17544-2;P17544-3;P17544-4;P17544-5;P17544-6;P15336;P15336-3;P15336-5;P15336-7	ATF2_HUMAN;ATF7_HUMAN	ATF2;ATF7	Cyclic AMP-dependent transcription factor ATF-2	35355
P15374	P15374;contaminant_UBIQUITIN10	UCHL3_HUMAN	UCHL3	Ubiquitin carboxyl-terminal hydrolase isozyme L3	3.44093e+06
P15408;P15408-3	P15408;P15408-2;P15408-3	FOSL2_HUMAN	FOSL2	Fos-related antigen 2	154504
P15529;P15529-10;P15529-11;P15529-12;P15529-13;P15529-14;P15529-15	P15529;P15529-2;P15529-11;P15529-3;P15529-12;P15529-4;P15529-13;P15529-5;P15529-14;P15529-6;P15529-15;P15529-7;P15529-8;P15529-9;P15529-10;P15529-16	MCP_HUMAN	CD46	Membrane cofactor protein	1.81166e+06
P15531;P15531-2	P15531;P15531-2	NDKA_HUMAN	NME1	Nucleoside diphosphate kinase A	1.28345e+06
P15531;P15531-2;P22392-2	P22392-2;P15531;P15531-2	NDKA_HUMAN;NDKB_HUMAN	NME1;NME2	Nucleoside diphosphate kinase A	1.09619e+07
P15559;P15559-2	P15559;P15559-2	NQO1_HUMAN	NQO1	NAD(P)H dehydrogenase [quinone] 1	1.69173e+06
P15586	P15586;P15586-2	GNS_HUMAN	GNS	N-acetylglucosamine-6-sulfatase	1.46538e+06
P15735;P15735-2	P15735;P15735-2	PHKG2_HUMAN	PHKG2	Phosphorylase b kinase gamma catalytic chain, liver/testis isoform	231894
P15848;P15848-2	P15848;P15848-2	ARSB_HUMAN	ARSB	Arylsulfatase B	129185
P15880	P15880	RS2_HUMAN	RPS2	40S ribosomal protein S2	9.65066e+06
P15882;P15882-2;P15882-3	P15882;P15882-2;P15882-3	CHIN_HUMAN	CHN1	N-chimaerin	514282
P15923;P15923-2;P15923-3	P15923;P15923-2;P15923-3;contaminant_TFE2_HUMAN	TFE2_HUMAN	TCF3	Transcription factor E2-alpha	21815
P15924	P15924;P15924-2;P15924-3	DESP_HUMAN	DSP	Desmoplakin	4.48699e+06
P15927;P15927-2;P15927-3	P15927;P15927-2;P15927-3	RFA2_HUMAN	RPA2	Replication protein A 32 kDa subunit	1.98244e+06
P15941;P15941-11;P15941-2;P15941-3;P15941-4;P15941-7;P15941-8	P15941;P15941-2;P15941-3;P15941-4;P15941-6;P15941-7;P15941-8;P15941-9;P15941-10;P15941-11;P15941-12;P15941-15;P15941-16;P15941-17	MUC1_HUMAN	MUC1	Mucin-1	226953
P15954	P15954	COX7C_HUMAN	COX7C	Cytochrome c oxidase subunit 7C, mitochondrial	205497
P16035	P16035	TIMP2_HUMAN	TIMP2	Metalloproteinase inhibitor 2	16282
P16070;P16070-10;P16070-11;P16070-12;P16070-13;P16070-14;P16070-16;P16070-17;P16070-18;P16070-3;P16070-4;P16070-5;P16070-6;P16070-7;P16070-8	P16070;P16070-3;P16070-4;P16070-5;P16070-6;P16070-7;P16070-8;P16070-9;P16070-10;P16070-11;P16070-12;P16070-13;P16070-14;P16070-15;P16070-16;P16070-17;P16070-18;P16070-19	CD44_HUMAN	CD44	CD44 antigen	4.21229e+06
P16083	P16083	NQO2_HUMAN	NQO2	Ribosyldihydronicotinamide dehydrogenase [quinone]	796775
P16104	P16104	H2AX_HUMAN	H2AX	Histone H2AX	238872
P16104;Q8IUE6	P0C0S8;P20671;Q7L7L0;Q99878;Q93077;Q9BTM1;Q9BTM1-2;Q8IUE6;P16104;Q96KK5;P04908	H2A2B_HUMAN;H2AX_HUMAN	H2AX;HIST2H2AB	Histone H2AX	2.66181e+07
P16144;P16144-2;P16144-4	P16144;P16144-2;P16144-3;P16144-4	ITB4_HUMAN	ITGB4	Integrin beta-4	2.92915e+06
P16152	P16152	CBR1_HUMAN	CBR1	Carbonyl reductase [NADPH] 1	4.16675e+06
P16219	P16219	ACADS_HUMAN	ACADS	Short-chain specific acyl-CoA dehydrogenase, mitochondrial	898193
P16220;P16220-2	P16220;P16220-2	CREB1_HUMAN	CREB1	Cyclic AMP-responsive element-binding protein 1	13887
P16220;P16220-2;P18846;P18846-2;Q03060-21;Q03060-23;Q03060-24;Q03060-26;Q03060-31;Q03060-32;Q03060-6;Q03060-8;Q03060-9	P16220;P16220-2;P16220-3;Q03060-6;Q03060-8;Q03060-9;Q03060-21;Q03060-23;Q03060-24;Q03060-26;Q03060-31;Q03060-32;P18846;P18846-2	ATF1_HUMAN;CREB1_HUMAN;CREM_HUMAN	ATF1;CREB1;CREM	Cyclic AMP-responsive element-binding protein 1	386333
P16278;P16278-3	P16278;P16278-3	BGAL_HUMAN	GLB1	Beta-galactosidase	1.50044e+06
P16333	O43639;P16333	NCK1_HUMAN	NCK1	Cytoplasmic protein NCK1	836358
P16383;P16383-2	P16383;P16383-2	GCFC2_HUMAN	GCFC2	GC-rich sequence DNA-binding factor 2	323805
P16401	P16401	H15_HUMAN	H1-5	Histone H1.5	2.1446e+06
P16401;P16403	P16401;P16403;P10412	H12_HUMAN;H15_HUMAN	H1-2;H1-5	Histone H1.5	1.44422e+06
P16403	P16402;P16403;P10412	H12_HUMAN	H1-2	Histone H1.2	1.78144e+07
P16435	P16435	NCPR_HUMAN	POR	NADPH--cytochrome P450 reductase	4.66032e+06
P16455	P16455	MGMT_HUMAN	MGMT	Methylated-DNA--protein-cysteine methyltransferase	404809
P16591;P16591-2;P16591-3	P16591;P16591-2;P16591-3;P07332;P07332-2;P07332-3;P07332-4	FER_HUMAN	FER	Tyrosine-protein kinase Fer	185393
P16615;P16615-2;P16615-3;P16615-5	P16615;P16615-2;P16615-3;P16615-4;P16615-5	AT2A2_HUMAN	ATP2A2	Sarcoplasmic/endoplasmic reticulum calcium ATPase 2	8.78604e+06
P16870;P16870-2	P16870;P16870-2	CBPE_HUMAN	CPE	Carboxypeptidase E	28343
P16930;P16930-2	P16930;P16930-2	FAAA_HUMAN	FAH	Fumarylacetoacetase	231051
P16949	P16949;P16949-2	STMN1_HUMAN	STMN1	Stathmin	3.00733e+06
P16949;Q93045;Q93045-2	P16949;P16949-2;Q93045;Q93045-2	STMN1_HUMAN;STMN2_HUMAN	STMN1;STMN2	Stathmin	1.05316e+06
P16989	P16989;P16989-2	YBOX3_HUMAN	YBX3	Y-box-binding protein 3	5.32247e+06
P16989;P67809	P67809;P16989;P16989-2;P16989-3;Q9Y2T7	YBOX1_HUMAN;YBOX3_HUMAN	YBX1;YBX3	Y-box-binding protein 3	3.71602e+06
P17010;P17010-2;P17010-3	Q9Y462;Q9Y462-2;Q9Y462-3;P08048;P08048-2;P08048-3;P17010;P17010-2;P17010-3	ZFX_HUMAN	ZFX	Zinc finger X-chromosomal protein	232998
P17019	P17019	ZN708_HUMAN	ZNF708	Zinc finger protein 708	42322
P17028	P17028	ZNF24_HUMAN	ZNF24	Zinc finger protein 24	110149
P17029	P17029	ZKSC1_HUMAN	ZKSCAN1	Zinc finger protein with KRAB and SCAN domains 1	91180
P17036	P17036	ZNF3_HUMAN	ZNF3	Zinc finger protein 3	724952
P17050	P17050	NAGAB_HUMAN	NAGA	Alpha-N-acetylgalactosaminidase	234714
P17066	P17066;P48741	HSP76_HUMAN	HSPA6	Heat shock 70 kDa protein 6	4.87415e+06
P17066;P34931	P34931;P0DMV8;P0DMV8-2;P17066;P0DMV9;P48741	HS71L_HUMAN;HSP76_HUMAN	HSPA1L;HSPA6	Heat shock 70 kDa protein 6	1.51797e+06
P17081	P17081	RHOQ_HUMAN	RHOQ	Rho-related GTP-binding protein RhoQ	154298
P17081;P60953;P63000;P63000-2;P84095	P60953;P60953-1;P15153;P84095;P63000;P63000-2;P60763;Q9H4E5;Q9H4E5-2;P17081	CDC42_HUMAN;RAC1_HUMAN;RHOG_HUMAN;RHOQ_HUMAN	CDC42;RAC1;RHOG;RHOQ	Rho-related GTP-binding protein RhoQ	1.26524e+06
P17096	P17096;P17096-3	HMGA1_HUMAN	HMGA1	High mobility group protein HMG-I/HMG-Y	1.27016e+06
P17098	P17098	ZNF8_HUMAN	ZNF8	Zinc finger protein 8	35916
P17152	P17152	TMM11_HUMAN	TMEM11	Transmembrane protein 11, mitochondrial	455644
P17174	P17174;P17174-2	AATC_HUMAN	GOT1	Aspartate aminotransferase, cytoplasmic	3.09276e+06
P17252	P17252	KPCA_HUMAN	PRKCA	Protein kinase C alpha type	395099
P17252;Q04759;Q04759-2;Q04759-3;Q05655	Q05655;Q05655-2;P05771;P05771-2;P17252;Q04759;Q04759-2;Q04759-3	KPCA_HUMAN;KPCD_HUMAN;KPCT_HUMAN	PRKCA;PRKCD;PRKCQ	Protein kinase C alpha type	66922
P17275	P17275	JUNB_HUMAN	JUNB	Transcription factor jun-B	766649
P17301	P17301	ITA2_HUMAN	ITGA2	Integrin alpha-2	3.58076e+06
P17405;P17405-2;P17405-3;P17405-4	P17405;P17405-2;P17405-3;P17405-4	ASM_HUMAN	SMPD1	Sphingomyelin phosphodiesterase	62951
P17480	P17480;P17480-2	UBF1_HUMAN	UBTF	Nucleolar transcription factor 1	2.02147e+06
P17535	P17535	JUND_HUMAN	JUND	Transcription factor jun-D	199112
P17542;P17542-2;P17542-3	P17542;P17542-2;P17542-3	TAL1_HUMAN	TAL1	T-cell acute lymphocytic leukemia protein 1	81420
P17544;P17544-3	P17544;P17544-2;P17544-3;P17544-4;P17544-5;P17544-6	ATF7_HUMAN	ATF7	Cyclic AMP-dependent transcription factor ATF-7	146108
P17568	P17568	NDUB7_HUMAN	NDUFB7	NADH dehydrogenase [ubiquinone] 1 beta subcomplex subunit 7	411228
P17600;P17600-2	P17600;P17600-2	SYN1_HUMAN	SYN1	Synapsin-1	495007
P17612;P17612-2	P17612;P17612-2;P22694;P22694-2;P22694-3;P22694-4;P22694-5;P22694-6;P22694-7;P22694-8;P22694-9	KAPCA_HUMAN	PRKACA	cAMP-dependent protein kinase catalytic subunit alpha	191818
P17612;P17612-2;P22612;P22694-10	P22612;P17612;P17612-2;P22694;P22694-2;P22694-3;P22694-4;P22694-5;P22694-6;P22694-7;P22694-8;P22694-9;P22694-10	KAPCA_HUMAN;KAPCB_HUMAN;KAPCG_HUMAN	PRKACA;PRKACB;PRKACG	cAMP-dependent protein kinase catalytic subunit alpha	69233
P17612;P17612-2;P22694-10	P17612;P17612-2;P22694;P22694-2;P22694-3;P22694-4;P22694-5;P22694-6;P22694-7;P22694-8;P22694-9;P22694-10	KAPCA_HUMAN;KAPCB_HUMAN	PRKACA;PRKACB	cAMP-dependent protein kinase catalytic subunit alpha	343051
P17655	P17655	CAN2_HUMAN	CAPN2	Calpain-2 catalytic subunit	4.2833e+06
P17676;P17676-2	P17676;P17676-2;P17676-3	CEBPB_HUMAN	CEBPB	CCAAT/enhancer-binding protein beta	867589
P17706	P17706	PTN2_HUMAN	PTPN2	Tyrosine-protein phosphatase non-receptor type 2	284244
P17812	P17812;P17812-2	PYRG1_HUMAN	CTPS1	CTP synthase 1	3.52304e+06
P17812;Q9NRF8	Q9NRF8;P17812	PYRG1_HUMAN;PYRG2_HUMAN	CTPS1;CTPS2	CTP synthase 1	345626
P17813;P17813-2	P17813;P17813-2	EGLN_HUMAN	ENG	Endoglin	428679
P17844	P17844;P17844-2	DDX5_HUMAN	DDX5	Probable ATP-dependent RNA helicase DDX5	8.06504e+06
P17844;Q92841	P17844;P17844-2;Q92841;Q92841-1;Q92841-2;Q92841-3	DDX17_HUMAN;DDX5_HUMAN	DDX17;DDX5	Probable ATP-dependent RNA helicase DDX5	4.44376e+06
P17858-2	P17858;P17858-2	PFKAL_HUMAN	PFKL	Isoform 2 of ATP-dependent 6-phosphofructokinase, liver type	2.57429e+06
P17931	P17931	LEG3_HUMAN	LGALS3	Galectin-3	4.90933e+06
P17980	P17980	PRS6A_HUMAN	PSMC3	26S proteasome regulatory subunit 6A	5.65848e+06
P17987	P17987	TCPA_HUMAN	TCP1	T-complex protein 1 subunit alpha	1.10533e+07
P18031	P18031	PTN1_HUMAN	PTPN1	Tyrosine-protein phosphatase non-receptor type 1	2.02136e+06
P18074	P18074	ERCC2_HUMAN	ERCC2	General transcription and DNA repair factor IIH helicase subunit XPD	299078
P18075	P18075	BMP7_HUMAN	BMP7	Bone morphogenetic protein 7	24468
P18077	P18077	RL35A_HUMAN	RPL35A	60S ribosomal protein L35a	4.53725e+06
P18084	P18084	ITB5_HUMAN	ITGB5	Integrin beta-5	679551
P18085	P18085	ARF4_HUMAN	ARF4	ADP-ribosylation factor 4	3.53227e+06
P18085;P84077;P84085	P84077;P61204;P84085;P18085	ARF1_HUMAN;ARF4_HUMAN;ARF5_HUMAN	ARF1;ARF4;ARF5	ADP-ribosylation factor 4	418419
P18124	P18124	RL7_HUMAN	RPL7	60S ribosomal protein L7	2.01027e+07
P18124;Q9Y4A5;Q9Y4A5-2	P18124;Q9Y4A5;Q9Y4A5-2;Reverse_sp|Q5S007|LRRK2_HUMAN	RL7_HUMAN;TRRAP_HUMAN	RPL7;TRRAP	60S ribosomal protein L7	1.36874e+06
P18206;P18206-2	P18206;P18206-2	VINC_HUMAN	VCL	Vinculin	2.1563e+07
P18433;P18433-6	P18433;P18433-6	PTPRA_HUMAN	PTPRA	Receptor-type tyrosine-protein phosphatase alpha	29230
P18440	P18440	ARY1_HUMAN	NAT1	Arylamine N-acetyltransferase 1	38016
P18564;P18564-2	P18564;P18564-2	ITB6_HUMAN	ITGB6	Integrin beta-6	721460
P18583;P18583-5;P18583-7;P18583-9	P18583;P18583-2;P18583-5;P18583-7;P18583-9	SON_HUMAN	SON	Protein SON	4.56839e+06
P18615	P18615;P18615-3;P18615-4	NELFE_HUMAN	NELFE	Negative elongation factor E	1.27271e+06
P18621;P18621-3	P18621;P18621-3	RL17_HUMAN	RPL17	60S ribosomal protein L17	6.17534e+06
P18669	P18669	PGAM1_HUMAN	PGAM1	Phosphoglycerate mutase 1	1.65792e+07
P18754;P18754-2	P18754;P18754-2	RCC1_HUMAN	RCC1	Regulator of chromosome condensation	5.39787e+06
P18827	P18827	SDC1_HUMAN	SDC1	Syndecan-1	165554
P18846;P18846-2	P18846;P18846-2	ATF1_HUMAN	ATF1	Cyclic AMP-dependent transcription factor ATF-1	34895
P18847;P18847-2;P18847-3;P18847-4;P18847-5	P18847;P18847-2;P18847-3;P18847-4;P18847-5	ATF3_HUMAN	ATF3	Cyclic AMP-dependent transcription factor ATF-3	55303
P18850	P18850	ATF6A_HUMAN	ATF6	Cyclic AMP-dependent transcription factor ATF-6 alpha	585323
P18858;P18858-3	P18858;P18858-2;P18858-3	DNLI1_HUMAN	LIG1	DNA ligase 1	1.41332e+06
P18859;P18859-2	P18859;P18859-2	ATP5J_HUMAN	ATP5PF	ATP synthase-coupling factor 6, mitochondrial	622171
P18887	P18887	XRCC1_HUMAN	XRCC1	DNA repair protein XRCC1	578859
P19022;P19022-2	P19022;P19022-2	CADH2_HUMAN	CDH2	Cadherin-2	29601
P19075	P19075	TSN8_HUMAN	TSPAN8	Tetraspanin-8	409590
P19174;P19174-2	P19174;P19174-2	PLCG1_HUMAN	PLCG1	1-phosphatidylinositol 4,5-bisphosphate phosphodiesterase gamma-1	995834
P19256;P19256-2;P19256-3	P19256;P19256-2;P19256-3	LFA3_HUMAN	CD58	Lymphocyte function-associated antigen 3	286287
P19338	P19338	NUCL_HUMAN	NCL	Nucleolin	2.77167e+07
P19367;P19367-2;P19367-3;P19367-4	P19367;P19367-2;P19367-3;P19367-4	HXK1_HUMAN	HK1	Hexokinase-1	281708
P19367;P19367-2;P19367-3;P19367-4;P52789	P19367;P19367-2;P19367-3;P19367-4;P52789	HXK1_HUMAN;HXK2_HUMAN	HK1;HK2	Hexokinase-1	61963
P19387	P19387	RPB3_HUMAN	POLR2C	DNA-directed RNA polymerase II subunit RPB3	328782
P19388	P19388	RPAB1_HUMAN	POLR2E	DNA-directed RNA polymerases I, II, and III subunit RPABC1	550882
P19404	P19404	NDUV2_HUMAN	NDUFV2	NADH dehydrogenase [ubiquinone] flavoprotein 2, mitochondrial	1.70911e+06
P19419	P19419	ELK1_HUMAN	ELK1	ETS domain-containing protein Elk-1	51699
P19438;P19438-4;P19438-5	P19438;P19438-4;P19438-5	TNR1A_HUMAN	TNFRSF1A	Tumor necrosis factor receptor superfamily member 1A	197300
P19440;P19440-2;P36268;P36268-2;P36268-3	P36268;P36268-2;P36268-3;P19440;P19440-2	GGT1_HUMAN;GGT2_HUMAN	GGT1;GGT2	Glutathione hydrolase 1 proenzyme	9335
P19447	P19447	ERCC3_HUMAN	ERCC3	General transcription and DNA repair factor IIH helicase subunit XPB	846621
P19474	P19474	RO52_HUMAN	TRIM21	E3 ubiquitin-protein ligase TRIM21	129389
P19525	P19525;P19525-2	E2AK2_HUMAN	EIF2AK2	Interferon-induced, double-stranded RNA-activated protein kinase	2.12441e+06
P19623	P19623	SPEE_HUMAN	SRM	Spermidine synthase	2.89536e+06
P19634	P19634	SL9A1_HUMAN	SLC9A1	Sodium/hydrogen exchanger 1	7068
P19784	P19784	CSK22_HUMAN	CSNK2A2	Casein kinase II subunit alpha'	860321
P19793;P19793-2	P19793;P19793-2	RXRA_HUMAN	RXRA	Retinoic acid receptor RXR-alpha	302937
P19793;P19793-2;P28702;P28702-3	P19793;P19793-2;P28702;P28702-3;P48443	RXRA_HUMAN;RXRB_HUMAN	RXRA;RXRB	Retinoic acid receptor RXR-alpha	28618
P19823	P19823	ITIH2_HUMAN	ITIH2	Inter-alpha-trypsin inhibitor heavy chain H2	8.05521e+06
P19827	P19827	ITIH1_HUMAN	ITIH1	Inter-alpha-trypsin inhibitor heavy chain H1	153726
P19838;P19838-2	P19838;P19838-2	NFKB1_HUMAN	NFKB1	Nuclear factor NF-kappa-B p105 subunit	490371
P20020;P20020-6	P20020;P20020-1;P20020-2;P20020-4;P20020-5;P20020-6	AT2B1_HUMAN	ATP2B1	Plasma membrane calcium-transporting ATPase 1	2.96307e+06
P20020;P20020-6;P23634;P23634-6;P23634-7;P23634-8	P23634;P23634-2;P23634-3;P23634-4;P23634-5;P23634-6;P23634-7;P23634-8;P20020;P20020-1;P20020-2;P20020-4;P20020-5;P20020-6	AT2B1_HUMAN;AT2B4_HUMAN	ATP2B1;ATP2B4	Plasma membrane calcium-transporting ATPase 1	858575
P20020;P20020-6;P23634;P23634-6;P23634-7;P23634-8;Q01814;Q01814-5;Q01814-6;Q01814-8	Q01814;Q01814-2;Q01814-3;Q01814-4;Q01814-5;Q01814-6;Q01814-7;Q01814-8;P23634;P23634-2;P23634-3;P23634-4;P23634-5;P23634-6;P23634-7;P23634-8;P20020;P20020-1;P20020-2;P20020-4;P20020-5;P20020-6;Q16720;Q16720-2;Q16720-3;Q16720-4;Q16720-5;Q16720-6;Q16720-7;Q16720-8	AT2B1_HUMAN;AT2B2_HUMAN;AT2B4_HUMAN	ATP2B1;ATP2B2;ATP2B4	Plasma membrane calcium-transporting ATPase 1	1.15374e+06
P20020;P20020-6;Q01814;Q01814-5;Q01814-6;Q01814-8	Q01814;Q01814-5;Q01814-6;Q01814-8;P20020;P20020-1;P20020-4;P20020-6	AT2B1_HUMAN;AT2B2_HUMAN	ATP2B1;ATP2B2	Plasma membrane calcium-transporting ATPase 1	369942
P20042	P20042	IF2B_HUMAN	EIF2S2	Eukaryotic translation initiation factor 2 subunit 2	1.10823e+07
P20073;P20073-2	P20073;P20073-2	ANXA7_HUMAN	ANXA7	Annexin A7	4.72224e+06
P20138;P20138-2	P20138;P20138-2	CD33_HUMAN	CD33	Myeloid cell surface antigen CD33	18902
P20226;P20226-2	P20226;P20226-2	TBP_HUMAN	TBP	TATA-box-binding protein	121945
P20248	P20248	CCNA2_HUMAN	CCNA2	Cyclin-A2	69173
P20273;P20273-2;P20273-3;P20273-4;P20273-5	P20273;P20273-2;P20273-3;P20273-4;P20273-5	CD22_HUMAN	CD22	B-cell receptor CD22	101166
P20290	P20290;P20290-2	BTF3_HUMAN	BTF3	Transcription factor BTF3	2.12923e+06
P20290;Q96K17	P20290;P20290-2;Q96K17;Q96K17-3	BT3L4_HUMAN;BTF3_HUMAN	BTF3;BTF3L4	Transcription factor BTF3	288916
P20336	P20336	RAB3A_HUMAN	RAB3A	Ras-related protein Rab-3A	11088
P20338	P20338	RAB4A_HUMAN	RAB4A	Ras-related protein Rab-4A	183256
P20339;P20339-2	P20339;P20339-2	RAB5A_HUMAN	RAB5A	Ras-related protein Rab-5A	1.79006e+06
P20339;P20339-2;P51148;P51148-2;P61020	P20339;P20339-2;P61020;P61020-2;P51148;P51148-2	RAB5A_HUMAN;RAB5B_HUMAN;RAB5C_HUMAN	RAB5A;RAB5B;RAB5C	Ras-related protein Rab-5A	2.34589e+06
P20340	P20340	RAB6A_HUMAN	RAB6A	Ras-related protein Rab-6A	4.75533e+06
P20340-2	Q53S08;P20340-2;P20340-4;Q9H0N0	RAB6A_HUMAN	RAB6A	Isoform 2 of Ras-related protein Rab-6A	4.75533e+06
P20340;P20340-2	P20340;P20340-2;P20340-3;P20340-4	RAB6A_HUMAN	RAB6A	Ras-related protein Rab-6A	4.75533e+06
P20585	P20585	MSH3_HUMAN	MSH3	DNA mismatch repair protein Msh3	1.26698e+06
P20592;P20592-2	P20592;P20592-2	MX2_HUMAN	MX2	Interferon-induced GTP-binding protein Mx2	139309
P20618	P20618	PSB1_HUMAN	PSMB1	Proteasome subunit beta type-1	5.17238e+06
P20645	P20645	MPRD_HUMAN	M6PR	Cation-dependent mannose-6-phosphate receptor	1.77471e+06
P20648	P20648	ATP4A_HUMAN	ATP4A	Potassium-transporting ATPase alpha chain 1	60758
P20674	P20674	COX5A_HUMAN	COX5A	Cytochrome c oxidase subunit 5A, mitochondrial	2.42788e+06
P20700	P20700	LMNB1_HUMAN	LMNB1	Lamin-B1	1.62798e+07
P20700;Q03252	Q03252;P20700	LMNB1_HUMAN;LMNB2_HUMAN	LMNB1;LMNB2	Lamin-B1	206061
P20711;P20711-3;P20711-4	P20711;P20711-3;P20711-4	DDC_HUMAN	DDC	Aromatic-L-amino-acid decarboxylase	44173
P20742	P20742;P20742-2	PZP_HUMAN	PZP	Pregnancy zone protein	373311
P20810;P20810-10;P20810-4;P20810-6;P20810-7;P20810-8;P20810-9	P20810;P20810-2;P20810-3;P20810-4;P20810-5;P20810-6;P20810-7;P20810-8;P20810-9;P20810-10	ICAL_HUMAN	CAST	Calpastatin	6.99707e+06
P20839;P20839-3;P20839-5;P20839-6;P20839-7	P20839;P20839-2;P20839-3;P20839-4;P20839-5;P20839-6;P20839-7	IMDH1_HUMAN	IMPDH1	Inosine-5'-monophosphate dehydrogenase 1	2.5385e+06
P20908;P20908-2	P20908;P20908-2	CO5A1_HUMAN	COL5A1	Collagen alpha-1(V) chain	84610
P20933	P20933	ASPG_HUMAN	AGA	N(4)-(beta-N-acetylglucosaminyl)-L-asparaginase	75302
P20936;P20936-2;P20936-4	P20936;P20936-2;P20936-3;P20936-4	RASA1_HUMAN	RASA1	Ras GTPase-activating protein 1	587623
P21108	P21108	PRPS3_HUMAN	PRPS1L1	Ribose-phosphate pyrophosphokinase 3	82611
P21108;P60891	P21108;P60891	PRPS1_HUMAN;PRPS3_HUMAN	PRPS1;PRPS1L1	Ribose-phosphate pyrophosphokinase 3	115245
P21127;P21127-2;P21127-3;P21127-8	P21127;P21127-2;P21127-3;P21127-4;P21127-5;P21127-6;P21127-8;P21127-9;P21127-10;P21127-12;Q9UQ88;Q9UQ88-2;Q9UQ88-3;Q9UQ88-4;Q9UQ88-9;Q9UQ88-10	CD11B_HUMAN	CDK11B	Cyclin-dependent kinase 11B	1.49672e+06
P21266	P21266	GSTM3_HUMAN	GSTM3	Glutathione S-transferase Mu 3	8.39532e+06
P21281	P21281	VATB2_HUMAN	ATP6V1B2	V-type proton ATPase subunit B, brain isoform	2.66815e+06
P21283	P21283	VATC1_HUMAN	ATP6V1C1	V-type proton ATPase subunit C 1	1.03956e+06
P21291	P21291	CSRP1_HUMAN	CSRP1	Cysteine and glycine-rich protein 1	4.81416e+06
P21333;P21333-2	P21333;P21333-2	FLNA_HUMAN	FLNA	Filamin-A	7.2518e+07
P21333;P21333-2;Q14315;Q14315-2	Q14315;Q14315-2;P21333;P21333-2	FLNA_HUMAN;FLNC_HUMAN	FLNA;FLNC	Filamin-A	2.37018e+06
P21359;P21359-2;P21359-6	P21359;P21359-2;P21359-3;P21359-4;P21359-5;P21359-6	NF1_HUMAN	NF1	Neurofibromin	666582
P21399	P21399	ACOC_HUMAN	ACO1	Cytoplasmic aconitate hydratase	2.7813e+06
P21589	P21589;P21589-2	5NTD_HUMAN	NT5E	5'-nucleotidase	750201
P21675;P21675-12;P21675-2;P21675-3;P21675-4;P21675-5;P21675-6;P21675-7;P21675-8;P21675-9	Q8IZX4;P21675;P21675-2;P21675-3;P21675-4;P21675-5;P21675-6;P21675-7;P21675-8;P21675-9;P21675-10;P21675-11;P21675-12	TAF1_HUMAN	TAF1	Transcription initiation factor TFIID subunit 1	735589
P21796	P21796	VDAC1_HUMAN	VDAC1	Voltage-dependent anion-selective channel protein 1	1.88775e+07
P21912	P21912	SDHB_HUMAN	SDHB	Succinate dehydrogenase [ubiquinone] iron-sulfur subunit, mitochondrial	2.3974e+06
P21926	P21926	CD9_HUMAN	CD9	CD9 antigen	278383
P21953	P21953	ODBB_HUMAN	BCKDHB	2-oxoisovalerate dehydrogenase subunit beta, mitochondrial	253852
P21964;P21964-2	P21964;P21964-2	COMT_HUMAN	COMT	Catechol O-methyltransferase	1.16793e+06
P21980	P21980	TGM2_HUMAN	TGM2	Protein-glutamine gamma-glutamyltransferase 2	7.55768e+06
P22033	P22033	MUTA_HUMAN	MMUT	Methylmalonyl-CoA mutase, mitochondrial	889204
P22059	P22059	OSBP1_HUMAN	OSBP	Oxysterol-binding protein 1	2.6e+06
P22059;Q969R2;Q969R2-2;Q969R2-3;Q969R2-6	Q969R2;Q969R2-2;Q969R2-3;Q969R2-6;P22059	OSBP1_HUMAN;OSBP2_HUMAN	OSBP;OSBP2	Oxysterol-binding protein 1	152680
P22061;P22061-2	P22061;P22061-2	PIMT_HUMAN	PCMT1	Protein-L-isoaspartate(D-aspartate) O-methyltransferase	2.5534e+06
P22087	P22087	FBRL_HUMAN	FBL	rRNA 2'-O-methyltransferase fibrillarin	5.80165e+06
P22102	P22102;P22102-2	PUR2_HUMAN	GART	Trifunctional purine biosynthetic protein adenosine-3	1.29378e+07
P22234	P22234;P22234-2	PUR6_HUMAN	PAICS	Multifunctional protein ADE2	1.10974e+07
P22307;P22307-4;P22307-7;P22307-8	P22307;P22307-2;P22307-4;P22307-6;P22307-7;P22307-8	NLTP_HUMAN	SCP2	Non-specific lipid-transfer protein	1.57026e+06
P22314;P22314-2	P22314;P22314-2;contaminant_UBIQUITIN02	UBA1_HUMAN	UBA1	Ubiquitin-like modifier-activating enzyme 1	4.91923e+07
P22352	P22352	GPX3_HUMAN	GPX3	Glutathione peroxidase 3	174769
P22392-2	P22392;P22392-2	NDKB_HUMAN	NME2	Isoform 3 of Nucleoside diphosphate kinase B	234674
P22415;P22415-2	P22415;P22415-2	USF1_HUMAN	USF1	Upstream stimulatory factor 1	56437
P22415;P22415-2;Q15853;Q15853-2;Q15853-3;Q15853-4	Q15853;Q15853-2;Q15853-3;Q15853-4;P22415;P22415-2	USF1_HUMAN;USF2_HUMAN	USF1;USF2	Upstream stimulatory factor 1	48202
P22466	P22466	GALA_HUMAN	GAL	Galanin peptides	101819
P22570;P22570-2;P22570-3;P22570-7	P22570;P22570-2;P22570-3;P22570-4;P22570-5;P22570-6;P22570-7	ADRO_HUMAN	FDXR	NADPH:adrenodoxin oxidoreductase, mitochondrial	1.0819e+06
P22612	P22612	KAPCG_HUMAN	PRKACG	cAMP-dependent protein kinase catalytic subunit gamma	14775
P22626	P22626;P22626-2	ROA2_HUMAN	HNRNPA2B1	Heterogeneous nuclear ribonucleoproteins A2/B1	3.92253e+07
P22670	P22670	RFX1_HUMAN	RFX1	MHC class II regulatory factor RFX1	124106
P22681	P22681	CBL_HUMAN	CBL	E3 ubiquitin-protein ligase CBL	217503
P22694-10	P22694;P22694-2;P22694-3;P22694-4;P22694-5;P22694-6;P22694-7;P22694-8;P22694-9;P22694-10	KAPCB_HUMAN	PRKACB	Isoform 10 of cAMP-dependent protein kinase catalytic subunit beta	64882
P22695	P22695	QCR2_HUMAN	UQCRC2	Cytochrome b-c1 complex subunit 2, mitochondrial	1.13201e+07
P22830;P22830-2	P22830;P22830-2	HEMH_HUMAN	FECH	Ferrochelatase, mitochondrial	1.67151e+06
P23025	P23025	XPA_HUMAN	XPA	DNA repair protein complementing XP-A cells	106657
P23142	P23142	FBLN1_HUMAN	FBLN1	Fibulin-1	1.25315e+06
P23193	P23193;P23193-2;Q15560;Q15560-2	TCEA1_HUMAN	TCEA1	Transcription elongation factor A protein 1	3.86e+06
P23219;P23219-2;P23219-3;P23219-4;P23219-5;P23219-6	P23219;P23219-2;P23219-3;P23219-4;P23219-5;P23219-6	PGH1_HUMAN	PTGS1	Prostaglandin G/H synthase 1	482797
P23229;P23229-2;P23229-3;P23229-4;P23229-5;P23229-6;P23229-9	P23229;P23229-2;P23229-3;P23229-4;P23229-5;P23229-6;P23229-7;P23229-9	ITA6_HUMAN	ITGA6	Integrin alpha-6	1.72711e+06
P23246	P23246;P23246-2	SFPQ_HUMAN	SFPQ	Splicing factor, proline- and glutamine-rich	1.4891e+07
P23246;Q15233	Q15233;Q15233-2;P23246;P23246-2	NONO_HUMAN;SFPQ_HUMAN	NONO;SFPQ	Splicing factor, proline- and glutamine-rich	158999
P23258	P23258	TBG1_HUMAN	TUBG1	Tubulin gamma-1 chain	1.39192e+06
P23284	P23284	PPIB_HUMAN	PPIB	Peptidyl-prolyl cis-trans isomerase B	2.37481e+07
P23368	P23368;P23368-2	MAOM_HUMAN	ME2	NAD-dependent malic enzyme, mitochondrial	1.37293e+06
P23381	P23381;P23381-2	SYWC_HUMAN	WARS1	Tryptophan--tRNA ligase, cytoplasmic	6.04474e+06
P23396	P23396;P23396-2	RS3_HUMAN	RPS3	40S ribosomal protein S3	2.42989e+07
P23409	P23409	MYF6_HUMAN	MYF6	Myogenic factor 6	498862
P23434	P23434	GCSH_HUMAN	GCSH	Glycine cleavage system H protein, mitochondrial	852483
P23443;P23443-2;P23443-3;P23443-5	P23443;P23443-2;P23443-3;P23443-5;P23443-4	KS6B1_HUMAN	RPS6KB1	Ribosomal protein S6 kinase beta-1	134908
P23458	P23458	JAK1_HUMAN	JAK1	Tyrosine-protein kinase JAK1	932416
P23468	P23468;P23468-2;P23468-3;P23468-4;P23468-5;P23468-6;P23468-7	PTPRD_HUMAN	PTPRD	Receptor-type tyrosine-protein phosphatase delta	225397
P23468;Q13332;Q13332-2;Q13332-3;Q13332-4;Q13332-5;Q13332-6;Q13332-7	Q13332;Q13332-2;Q13332-3;Q13332-4;Q13332-5;Q13332-6;Q13332-7;P23468;P23468-2;P23468-3;P23468-4;P23468-5;P23468-6;P23468-7	PTPRD_HUMAN;PTPRS_HUMAN	PTPRD;PTPRS	Receptor-type tyrosine-protein phosphatase delta	12286
P23469;P23469-2;P23469-3	P23469;P23469-2;P23469-3	PTPRE_HUMAN	PTPRE	Receptor-type tyrosine-protein phosphatase epsilon	44852
P23497	P23497;P23497-2;P23497-3;P23497-4;P23497-5;P23497-6;P23497-7;Q9H930;Q9H930-1;Q9H930-2	SP100_HUMAN	SP100	Nuclear autoantigen Sp-100	568494
P23526	P23526;P23526-2	SAHH_HUMAN	AHCY	Adenosylhomocysteinase	1.26212e+07
P23528	P23528;Q9Y281	COF1_HUMAN	CFL1	Cofilin-1	6.84789e+06
P23528;P60981;Q9Y281-3	P23528;P60981;P60981-2;Q9Y281;Q9Y281-3	COF1_HUMAN;COF2_HUMAN;DEST_HUMAN	CFL1;CFL2;DSTN	Cofilin-1	433855
P23528;Q9Y281-3	P23528;Q9Y281;Q9Y281-3	COF1_HUMAN;COF2_HUMAN	CFL1;CFL2	Cofilin-1	4.57302e+06
P23588;P23588-2	P23588;P23588-2	IF4B_HUMAN	EIF4B	Eukaryotic translation initiation factor 4B	5.33369e+06
P23610	P23610	HAP40_HUMAN	F8A1	40-kDa huntingtin-associated protein	70227
P23634;P23634-6;P23634-7;P23634-8	P23634;P23634-2;P23634-3;P23634-4;P23634-5;P23634-6;P23634-7;P23634-8	AT2B4_HUMAN	ATP2B4	Plasma membrane calcium-transporting ATPase 4	1.25742e+06
P23634;P23634-6;P23634-7;P23634-8;Q01814;Q01814-5;Q01814-6;Q01814-8	Q01814;Q01814-2;Q01814-3;Q01814-4;Q01814-5;Q01814-6;Q01814-7;Q01814-8;P23634;P23634-2;P23634-3;P23634-4;P23634-5;P23634-6;P23634-7;P23634-8;Q16720;Q16720-2;Q16720-3;Q16720-4;Q16720-5;Q16720-6;Q16720-7;Q16720-8	AT2B2_HUMAN;AT2B4_HUMAN	ATP2B2;ATP2B4	Plasma membrane calcium-transporting ATPase 4	104369
P23743	P23743	DGKA_HUMAN	DGKA	Diacylglycerol kinase alpha	41239
P23786	P23786	CPT2_HUMAN	CPT2	Carnitine O-palmitoyltransferase 2, mitochondrial	1.60446e+06
P23919	P23919;P23919-2	KTHY_HUMAN	DTYMK	Thymidylate kinase	1.90582e+06
P23921	P23921	RIR1_HUMAN	RRM1	Ribonucleoside-diphosphate reductase large subunit	5.12523e+06
P24043	P24043	LAMA2_HUMAN	LAMA2	Laminin subunit alpha-2	41520
P24311	P24311	COX7B_HUMAN	COX7B	Cytochrome c oxidase subunit 7B, mitochondrial	431322
P24386	P24386	RAE1_HUMAN	CHM	Rab proteins geranylgeranyltransferase component A 1	152242
P24390;P24390-2	P24390;P24390-2	ERD21_HUMAN	KDELR1	ER lumen protein-retaining receptor 1	295204
P24534	P24534	EF1B_HUMAN	EEF1B2	Elongation factor 1-beta	3.29802e+06
P24534;P29692;P29692-2	P24534;P29692;P29692-2;P29692-3;P29692-4	EF1B_HUMAN;EF1D_HUMAN	EEF1B2;EEF1D	Elongation factor 1-beta	2.90669e+06
P24539	P24539	AT5F1_HUMAN	ATP5PB	ATP synthase F(0) complex subunit B1, mitochondrial	2.94499e+06
P24666	P24666;P24666-4	PPAC_HUMAN	ACP1	Low molecular weight phosphotyrosine protein phosphatase	3.90579e+06
P24723;P24723-2;Q02156	P24723;P24723-2;Q02156	KPCE_HUMAN;KPCL_HUMAN	PRKCE;PRKCH	Protein kinase C eta type	66922
P24752	P24752	THIL_HUMAN	ACAT1	Acetyl-CoA acetyltransferase, mitochondrial	6.80964e+06
P24821;P24821-2;P24821-3;P24821-4;P24821-5;P24821-6	P24821;P24821-2;P24821-3;P24821-4;P24821-5;P24821-6	TENA_HUMAN	TNC	Tenascin	126279
P24863;P24863-2	P24863;P24863-2	CCNC_HUMAN	CCNC	Cyclin-C	119479
P24864;P24864-2;P24864-3	P24864;P24864-2;P24864-3	CCNE1_HUMAN	CCNE1	G1/S-specific cyclin-E1	13067
P24928	P24928	RPB1_HUMAN	POLR2A	DNA-directed RNA polymerase II subunit RPB1	3.68281e+06
P24941	P24941;P24941-2	CDK2_HUMAN	CDK2	Cyclin-dependent kinase 2	1.34503e+06
P25054;P25054-2	P25054;P25054-2;P25054-3	APC_HUMAN	APC	Adenomatous polyposis coli protein	532080
P25098	P35626;P25098	ARBK1_HUMAN	GRK2	Beta-adrenergic receptor kinase 1	370885
P25205;P25205-2	P25205;P25205-2	MCM3_HUMAN	MCM3	DNA replication licensing factor MCM3	7.5935e+06
P25208	P25208	NFYB_HUMAN	NFYB	Nuclear transcription factor Y subunit beta	112179
P25325;P25325-2	P25325;P25325-2	THTM_HUMAN	MPST	3-mercaptopyruvate sulfurtransferase	856306
P25398	P25398	RS12_HUMAN	RPS12	40S ribosomal protein S12	5.94066e+06
P25440;P25440-2;P25440-3;P25440-4	P25440;P25440-2;P25440-3;P25440-4	BRD2_HUMAN	BRD2	Bromodomain-containing protein 2	455167
P25440;P25440-2;P25440-3;P25440-4;Q15059	P25440;P25440-2;P25440-3;P25440-4;Q15059;Q15059-2	BRD2_HUMAN;BRD3_HUMAN	BRD2;BRD3	Bromodomain-containing protein 2	19404
P25445;P25445-6	P25445;P25445-6	TNR6_HUMAN	FAS	Tumor necrosis factor receptor superfamily member 6	67405
P25490	P25490	TYY1_HUMAN	YY1	Transcriptional repressor protein YY1	242014
P25685	P25685;P25685-2	DNJB1_HUMAN	DNAJB1	DnaJ homolog subfamily B member 1	2.04606e+06
P25685;Q9UDY4	Q9UDY4;P25685;P25685-2	DNJB1_HUMAN;DNJB4_HUMAN	DNAJB1;DNAJB4	DnaJ homolog subfamily B member 1	250138
P25686	P25686;P25686-2	DNJB2_HUMAN	DNAJB2	DnaJ homolog subfamily B member 2	54269
P25705	P25705;P25705-2;P25705-3	ATPA_HUMAN	ATP5F1A	ATP synthase subunit alpha, mitochondrial	2.42727e+07
P25786;P25786-2	P25786;P25786-2	PSA1_HUMAN	PSMA1	Proteasome subunit alpha type-1	8.29183e+06
P25787	P25787	PSA2_HUMAN	PSMA2	Proteasome subunit alpha type-2	2.6781e+06
P25788;P25788-2	P25788;P25788-2	PSA3_HUMAN	PSMA3	Proteasome subunit alpha type-3	3.07623e+06
P25789	P25789;P25789-2	PSA4_HUMAN	PSMA4	Proteasome subunit alpha type-4	5.46923e+06
P25815	P25815	S100P_HUMAN	S100P	Protein S100-P	2.2339e+06
P26006;P26006-1	P26006;P26006-1	ITA3_HUMAN	ITGA3	Integrin alpha-3	2.13194e+06
P26038	P26038	MOES_HUMAN	MSN	Moesin	2.04679e+07
P26038;P35241	P26038;P35241;P35241-4;P35241-5	MOES_HUMAN;RADI_HUMAN	MSN;RDX	Moesin	314138
P26045	P26045;P26045-2;P26045-3	PTN3_HUMAN	PTPN3	Tyrosine-protein phosphatase non-receptor type 3	555373
P26196	P26196	DDX6_HUMAN	DDX6	Probable ATP-dependent RNA helicase DDX6	3.56824e+06
P26232-3	P26232;P26232-2;P26232-3;P26232-5	CTNA2_HUMAN	CTNNA2	Isoform 3 of Catenin alpha-2	196084
P26232-3;P35221;P35221-2	P26232;P26232-2;P26232-3;P26232-4;P26232-5;P26232-6;P35221;P35221-2;P35221-3	CTNA1_HUMAN;CTNA2_HUMAN	CTNNA1;CTNNA2	Isoform 3 of Catenin alpha-2	198121
P26358	P26358;P26358-2	DNMT1_HUMAN	DNMT1	DNA (cytosine-5)-methyltransferase 1	2.31941e+06
P26368;P26368-2	P26368;P26368-2	U2AF2_HUMAN	U2AF2	Splicing factor U2AF 65 kDa subunit	6.06784e+06
P26373	P26373;P26373-2	RL13_HUMAN	RPL13	60S ribosomal protein L13	2.07391e+07
P26374	P26374	RAE2_HUMAN	CHML	Rab proteins geranylgeranyltransferase component A 2	156946
P26440	P26440;P26440-2	IVD_HUMAN	IVD	Isovaleryl-CoA dehydrogenase, mitochondrial	553259
P26447	P26447	S10A4_HUMAN	S100A4	Protein S100-A4	1.03652e+07
P26572	P26572	MGAT1_HUMAN	MGAT1	Alpha-1,3-mannosyl-glycoprotein 2-beta-N-acetylglucosaminyltransferase	62161
P26583	P26583	HMGB2_HUMAN	HMGB2	High mobility group protein B2	3.37822e+06
P26599;P26599-2;P26599-3	P26599;P26599-2;P26599-3	PTBP1_HUMAN	PTBP1	Polypyrimidine tract-binding protein 1	1.38119e+07
P26639	P26639;P26639-2;A2RTX5;A2RTX5-2	SYTC_HUMAN	TARS1	Threonine--tRNA ligase 1, cytoplasmic	1.99091e+07
P26640	P26640	SYVC_HUMAN	VARS1	Valine--tRNA ligase	9.36977e+06
P26641;P26641-2	P26641;P26641-2	EF1G_HUMAN	EEF1G	Elongation factor 1-gamma	1.7814e+07
P26885	P26885	FKBP2_HUMAN	FKBP2	Peptidyl-prolyl cis-trans isomerase FKBP2	1.01856e+06
P27105	P27105;P27105-2	STOM_HUMAN	STOM	Erythrocyte band 7 integral membrane protein	1.93676e+06
P27338	P27338;P27338-2	AOFB_HUMAN	MAOB	Amine oxidase [flavin-containing] B	193783
P27348	P27348	1433T_HUMAN	YWHAQ	14-3-3 protein theta	1.01515e+07
P27348;P31946;P31946-2;P31947;P61981;P62258;P63104;Q04917	Q04917;P31947;P31947-2;P61981;P31946;P31946-2;P63104;P62258;P62258-2;P27348	1433B_HUMAN;1433E_HUMAN;1433F_HUMAN;1433G_HUMAN;1433S_HUMAN;1433T_HUMAN;1433Z_HUMAN	SFN;YWHAB;YWHAE;YWHAG;YWHAH;YWHAQ;YWHAZ	14-3-3 protein theta	5.25874e+06
P27348;P31946;P31946-2;P61981;Q04917	Q04917;P61981;P31946;P31946-2;P27348	1433B_HUMAN;1433F_HUMAN;1433G_HUMAN;1433T_HUMAN	YWHAB;YWHAG;YWHAH;YWHAQ	14-3-3 protein theta	580770
P27348;P31946;P31946-2;P63104	P31946;P31946-2;P63104;P63104-2;P27348	1433B_HUMAN;1433T_HUMAN;1433Z_HUMAN	YWHAB;YWHAQ;YWHAZ	14-3-3 protein theta	1.08262e+06
P27361;P27361-2;P27361-3	P27361;P27361-2;P27361-3	MK03_HUMAN	MAPK3	Mitogen-activated protein kinase 3	507966
P27361;P27361-2;P27361-3;P28482;P28482-2	P28482;P28482-2;Q16659;P27361;P27361-2;P27361-3;P31152	MK01_HUMAN;MK03_HUMAN	MAPK1;MAPK3	Mitogen-activated protein kinase 3	743191
P27448-8	P27448;P27448-2;P27448-3;P27448-4;P27448-6;P27448-7;P27448-8	MARK3_HUMAN	MARK3	Isoform 7 of MAP/microtubule affinity-regulating kinase 3	560740
P27448-8;Q7KZI7;Q7KZI7-11;Q7KZI7-4;Q7KZI7-5;Q7KZI7-8;Q7KZI7-9	Q7KZI7;Q7KZI7-2;Q7KZI7-3;Q7KZI7-4;Q7KZI7-5;Q7KZI7-6;Q7KZI7-7;Q7KZI7-8;Q7KZI7-9;Q7KZI7-10;Q7KZI7-11;Q7KZI7-12;Q7KZI7-13;Q7KZI7-14;Q7KZI7-15;Q7KZI7-16;P27448;P27448-2;P27448-3;P27448-4;P27448-6;P27448-7;P27448-8	MARK2_HUMAN;MARK3_HUMAN	MARK2;MARK3	Isoform 7 of MAP/microtubule affinity-regulating kinase 3	248552
P27449	P27449	VATL_HUMAN	ATP6V0C	V-type proton ATPase 16 kDa proteolipid subunit	279116
P27482	P27482	CALL3_HUMAN	CALML3	Calmodulin-like protein 3	2.71632e+06
P27540;P27540-2;P27540-3;P27540-4	P27540;P27540-2;P27540-3;P27540-4	ARNT_HUMAN	ARNT	Aryl hydrocarbon receptor nuclear translocator	165192
P27635	P27635;Q96L21	RL10_HUMAN	RPL10	60S ribosomal protein L10	9.52031e+06
P27694	P27694	RFA1_HUMAN	RPA1	Replication protein A 70 kDa DNA-binding subunit	3.14827e+06
P27695	P27695	APEX1_HUMAN	APEX1	DNA-(apurinic or apyrimidinic site) lyase	7.85492e+06
P27707	P27707	DCK_HUMAN	DCK	Deoxycytidine kinase	521509
P27708	P27708	PYR1_HUMAN	CAD	CAD protein	1.16817e+07
P27708;P31327;P31327-3	P31327;P31327-2;P31327-3;P27708	CPSM_HUMAN;PYR1_HUMAN	CAD;CPS1	CAD protein	201475
P27797	P27797	CALR_HUMAN	CALR	Calreticulin	1.32529e+07
P27797;P27824;P27824-2	P27824;P27824-2;P27824-3;P27797	CALR_HUMAN;CALX_HUMAN	CALR;CANX	Calreticulin	32834
P27815;P27815-2;P27815-3;P27815-4;P27815-6;P27815-7	P27815;P27815-2;P27815-3;P27815-4;P27815-6;P27815-7	PDE4A_HUMAN	PDE4A	cAMP-specific 3',5'-cyclic phosphodiesterase 4A	141295
P27815;P27815-2;P27815-3;P27815-4;P27815-6;P27815-7;Q07343;Q07343-3;Q08499;Q08499-10;Q08499-11;Q08499-2;Q08499-6;Q08499-9	Q08499;Q08499-2;Q08499-3;Q08499-4;Q08499-5;Q08499-6;Q08499-8;Q08499-9;Q08499-10;Q08499-11;Q07343;Q07343-2;Q07343-3;Q07343-4;P27815;P27815-2;P27815-3;P27815-4;P27815-5;P27815-6;P27815-7	PDE4A_HUMAN;PDE4B_HUMAN;PDE4D_HUMAN	PDE4A;PDE4B;PDE4D	cAMP-specific 3',5'-cyclic phosphodiesterase 4A	84263
P27815;P27815-2;P27815-3;P27815-4;P27815-6;P27815-7;Q08499;Q08499-10;Q08499-11;Q08499-2;Q08499-6;Q08499-9	Q08499;Q08499-2;Q08499-3;Q08499-4;Q08499-5;Q08499-6;Q08499-8;Q08499-9;Q08499-10;Q08499-11;P27815;P27815-2;P27815-3;P27815-4;P27815-5;P27815-6;P27815-7	PDE4A_HUMAN;PDE4D_HUMAN	PDE4A;PDE4D	cAMP-specific 3',5'-cyclic phosphodiesterase 4A	48196
P27816	P27816;P27816-2;P27816-6	MAP4_HUMAN	MAP4	Microtubule-associated protein 4	1.16514e+07
P27824;P27824-2	P27824;P27824-2	CALX_HUMAN	CANX	Calnexin	1.32368e+07
P27986;P27986-2;P27986-3;P27986-4;P27986-5	P27986;P27986-2;P27986-3;P27986-4;P27986-5	P85A_HUMAN	PIK3R1	Phosphatidylinositol 3-kinase regulatory subunit alpha	1.13222e+06
P28062;P28062-2	P28062;P28062-2	PSB8_HUMAN	PSMB8	Proteasome subunit beta type-8	1.21779e+06
P28065;P28065-2	P28065;P28065-2	PSB9_HUMAN	PSMB9	Proteasome subunit beta type-9	103228
P28066	P28066;P28066-2	PSA5_HUMAN	PSMA5	Proteasome subunit alpha type-5	3.87697e+06
P28070	P28070	PSB4_HUMAN	PSMB4	Proteasome subunit beta type-4	1.68143e+06
P28072	P28072	PSB6_HUMAN	PSMB6	Proteasome subunit beta type-6	1.93668e+06
P28074	P28074;P28074-3	PSB5_HUMAN	PSMB5	Proteasome subunit beta type-5	2.05912e+06
P28288	P28288;P28288-2	ABCD3_HUMAN	ABCD3	ATP-binding cassette sub-family D member 3	1.28252e+06
P28290;P28290-3	P28290;P28290-2;P28290-3	ITPI2_HUMAN	ITPRID2	Protein ITPRID2	1.43954e+06
P28328	P28328	PEX2_HUMAN	PEX2	Peroxisome biogenesis factor 2	30440
P28331;P28331-2;P28331-4	P28331;P28331-2;P28331-3;P28331-4;P28331-5	NDUS1_HUMAN	NDUFS1	NADH-ubiquinone oxidoreductase 75 kDa subunit, mitochondrial	6.56896e+06
P28340	P28340	DPOD1_HUMAN	POLD1	DNA polymerase delta catalytic subunit	2.50254e+06
P28347	Q99594;P28347;P28347-2	TEAD1_HUMAN	TEAD1	Transcriptional enhancer factor TEF-1	206338
P28347;Q15561;Q15561-3	Q15562;Q15562-2;Q15562-4;Q99594;Q15561;Q15561-3;P28347;P28347-2	TEAD1_HUMAN;TEAD4_HUMAN	TEAD1;TEAD4	Transcriptional enhancer factor TEF-1	2630
P28370;P28370-2	P28370;P28370-2	SMCA1_HUMAN	SMARCA1	Probable global transcription activator SNF2L1	195007
P28482;P28482-2	P28482;P28482-2	MK01_HUMAN	MAPK1	Mitogen-activated protein kinase 1	1.0587e+06
P28702;P28702-3	P28702;P28702-3	RXRB_HUMAN	RXRB	Retinoic acid receptor RXR-beta	242677
P28715	P28715	ERCC5_HUMAN	ERCC5	DNA repair protein complementing XP-G cells	1.6455e+06
P28749;P28749-2	P28749;P28749-2	RBL1_HUMAN	RBL1	Retinoblastoma-like protein 1	717287
P28799;P28799-2	P28799;P28799-2;P28799-3	GRN_HUMAN	GRN	Progranulin	136358
P28838;P28838-2	P28838;P28838-2	AMPL_HUMAN	LAP3	Cytosol aminopeptidase	2.8706e+06
P29083	P29083	T2EA_HUMAN	GTF2E1	General transcription factor IIE subunit 1	531413
P29084	P29084	T2EB_HUMAN	GTF2E2	Transcription initiation factor IIE subunit beta	469996
P29144	P29144	TPP2_HUMAN	TPP2	Tripeptidyl-peptidase 2	3.44505e+06
P29218;P29218-3	P29218;P29218-2;P29218-3	IMPA1_HUMAN	IMPA1	Inositol monophosphatase 1	899182
P29317	P29317	EPHA2_HUMAN	EPHA2	Ephrin type-A receptor 2	955596
P29317;P54760;Q06187;Q06187-2;Q9UF33	P29320;P54753;P54762;P54762-5;P29317;P29322;P54760;Q15375;Q15375-2;Q15375-4;P29323;P29323-2;P29323-3;P54756;P54756-2;P54756-3;Q9UF33;Q9UF33-2;Q9UF33-3;Q06187;Q06187-2	BTK_HUMAN;EPHA2_HUMAN;EPHA6_HUMAN;EPHB4_HUMAN	BTK;EPHA2;EPHA6;EPHB4	Ephrin type-A receptor 2	60748
P29317;P54760;Q9UF33	P54764;P54764-2;P54753;P54762;P54762-5;P29317;P54760;Q15375;Q15375-2;Q15375-4;P29323;P29323-2;P29323-3;Q9UF33;Q9UF33-2;Q9UF33-3	EPHA2_HUMAN;EPHA6_HUMAN;EPHB4_HUMAN	EPHA2;EPHA6;EPHB4	Ephrin type-A receptor 2	43872
P29350;P29350-2;P29350-3;P29350-4	P29350;P29350-3;P29350-2;P29350-4	PTN6_HUMAN	PTPN6	Tyrosine-protein phosphatase non-receptor type 6	328523
P29353;P29353-2;P29353-6;P29353-7	P29353;P29353-2;P29353-3;P29353-5;P29353-6;P29353-7	SHC1_HUMAN	SHC1	SHC-transforming protein 1	1.42159e+06
P29372	P29372	3MG_HUMAN	MPG	DNA-3-methyladenine glycosylase	564639
P29374;P29374-2;P29374-3	P29374;P29374-2;P29374-3	ARI4A_HUMAN	ARID4A	AT-rich interactive domain-containing protein 4A	72526
P29375;P29375-2	P29375;P29375-2	KDM5A_HUMAN	KDM5A	Lysine-specific demethylase 5A	181167
P29375;P29375-2;P41229;P41229-2;P41229-3;P41229-4;P41229-5	P29375;P29375-2;P41229;P41229-2;P41229-3;P41229-4;P41229-5;Q9BY66;Q9BY66-2;Q9BY66-3	KDM5A_HUMAN;KDM5C_HUMAN	KDM5A;KDM5C	Lysine-specific demethylase 5A	36437
P29400;P29400-2	P29400;P29400-2	CO4A5_HUMAN	COL4A5	Collagen alpha-5(IV) chain	113200
P29401;P29401-2	P29401;P29401-2	TKT_HUMAN	TKT	Transketolase	2.53917e+07
P29466;P29466-2;P29466-3	P29466;P29466-2;P29466-3;P29466-4	CASP1_HUMAN	CASP1	Caspase-1	656986
P29558;P29558-2	P29558;P29558-2	RBMS1_HUMAN	RBMS1	RNA-binding motif, single-stranded-interacting protein 1	116472
P29558;P29558-2;Q15434	P29558;P29558-2;Q15434	RBMS1_HUMAN;RBMS2_HUMAN	RBMS1;RBMS2	RNA-binding motif, single-stranded-interacting protein 1	299467
P29590	P29590;P29590-8;P29590-9;P29590-5;P29590-2;P29590-4;P29590-10;P29590-3;P29590-11;P29590-12;P29590-13;P29590-14	PML_HUMAN	PML	Protein PML	1.02908e+06
P29597	P29597	TYK2_HUMAN	TYK2	Non-receptor tyrosine-protein kinase TYK2	57199
P29692;P29692-2	P29692;P29692-2;P29692-3;P29692-4	EF1D_HUMAN	EEF1D	Elongation factor 1-delta	1.12521e+07
P29728;P29728-2	P29728;P29728-2	OAS2_HUMAN	OAS2	2'-5'-oligoadenylate synthase 2	39766
P29992	P29992	GNA11_HUMAN	GNA11	Guanine nucleotide-binding protein subunit alpha-11	330572
P29992;P50148	P50148;P29992	GNA11_HUMAN;GNAQ_HUMAN	GNA11;GNAQ	Guanine nucleotide-binding protein subunit alpha-11	99647
P29992;P50148;Q14344	P50148;O95837;Q03113;Q03113-2;Q03113-3;P29992;P19086;Q14344;Q14344-2	GNA11_HUMAN;GNA13_HUMAN;GNAQ_HUMAN	GNA11;GNA13;GNAQ	Guanine nucleotide-binding protein subunit alpha-11	102254
P30038	P30038;P30038-2;P30038-3	AL4A1_HUMAN	ALDH4A1	Delta-1-pyrroline-5-carboxylate dehydrogenase, mitochondrial	224691
P30039	P30039;P30039-2	PBLD_HUMAN	PBLD	Phenazine biosynthesis-like domain-containing protein	240479
P30040	P30040	ERP29_HUMAN	ERP29	Endoplasmic reticulum resident protein 29	8.88211e+06
P30041	P30041	PRDX6_HUMAN	PRDX6	Peroxiredoxin-6	2.43547e+07
P30043	P30043	BLVRB_HUMAN	BLVRB	Flavin reductase (NADPH)	4.86014e+06
P30044;P30044-2	P30044;P30044-2;P30044-3	PRDX5_HUMAN	PRDX5	Peroxiredoxin-5, mitochondrial	2.48021e+07
P30046	P30046;P30046-2;A6NHG4	DOPD_HUMAN	DDT	D-dopachrome decarboxylase	2.9913e+06
P30047	P30047;P30047-2	GFRP_HUMAN	GCHFR	GTP cyclohydrolase 1 feedback regulatory protein	2.15476e+06
P30048;P30048-2	P30048;P30048-2	PRDX3_HUMAN	PRDX3	Thioredoxin-dependent peroxide reductase, mitochondrial	7.01588e+06
P30049	P30049	ATPD_HUMAN	ATP5F1D	ATP synthase subunit delta, mitochondrial	3.76043e+06
P30050	P30050	RL12_HUMAN	RPL12	60S ribosomal protein L12	1.02004e+07
P30084	P30084	ECHM_HUMAN	ECHS1	Enoyl-CoA hydratase, mitochondrial	4.75859e+06
P30085	P30085;P30085-3	KCY_HUMAN	CMPK1	UMP-CMP kinase	3.05904e+06
P30086	P30086	PEBP1_HUMAN	PEBP1	Phosphatidylethanolamine-binding protein 1	8.619e+06
P30101	P30101	PDIA3_HUMAN	PDIA3	Protein disulfide-isomerase A3	2.80735e+07
P30153	P30153	2AAA_HUMAN	PPP2R1A	Serine/threonine-protein phosphatase 2A 65 kDa regulatory subunit A alpha isoform	6.62027e+06
P30153;P30154-3	P30154;P30154-2;P30154-3;P30154-4;P30154-5;P30153	2AAA_HUMAN;2AAB_HUMAN	PPP2R1A;PPP2R1B	Serine/threonine-protein phosphatase 2A 65 kDa regulatory subunit A alpha isoform	1.20519e+06
P30154-3	P30154;P30154-2;P30154-3;P30154-4;P30154-5	2AAB_HUMAN	PPP2R1B	Isoform 3 of Serine/threonine-protein phosphatase 2A 65 kDa regulatory subunit A beta isoform	577548
P30260;P30260-2	P30260;P30260-2	CDC27_HUMAN	CDC27	Cell division cycle protein 27 homolog	1.14014e+06
P30405	P30405;P30405-2	PPIF_HUMAN	PPIF	Peptidyl-prolyl cis-trans isomerase F, mitochondrial	2.08153e+06
P30405;P49792;Q08752	P30405;P30405-2;Q08752;P49792	PPID_HUMAN;PPIF_HUMAN;RBP2_HUMAN	PPID;PPIF;RANBP2	Peptidyl-prolyl cis-trans isomerase F, mitochondrial	114555
P30405;Q9UNP9;Q9UNP9-2;Q9UNP9-3	P30405;Q9UNP9;Q9UNP9-2;Q9UNP9-3	PPIE_HUMAN;PPIF_HUMAN	PPIE;PPIF	Peptidyl-prolyl cis-trans isomerase F, mitochondrial	182458
P30414	P30414	NKTR_HUMAN	NKTR	NK-tumor recognition protein	392609
P30419	P30419;P30419-2	NMT1_HUMAN	NMT1	Glycylpeptide N-tetradecanoyltransferase 1	1.86677e+06
P30519;P30519-2	P30519;P30519-2	HMOX2_HUMAN	HMOX2	Heme oxygenase 2	1.10173e+06
P30520	P30520	PURA2_HUMAN	ADSS2	Adenylosuccinate synthetase isozyme 2	2.22242e+06
P30520;Q8N142	P30520;Q8N142;Q8N142-2	PURA1_HUMAN;PURA2_HUMAN	ADSS1;ADSS2	Adenylosuccinate synthetase isozyme 2	50211
P30530;P30530-2	P30530;P30530-2	UFO_HUMAN	AXL	Tyrosine-protein kinase receptor UFO	178561
P30533	P30533	AMRP_HUMAN	LRPAP1	Alpha-2-macroglobulin receptor-associated protein	907992
P30536	P30536	TSPO_HUMAN	TSPO	Translocator protein	728920
P30566	P30566;P30566-2	PUR8_HUMAN	ADSL	Adenylosuccinate lyase	2.46424e+06
P30622;P30622-1;P30622-2	P30622;P30622-1;P30622-2	CLIP1_HUMAN	CLIP1	CAP-Gly domain-containing linker protein 1	2.21359e+06
P30622;P30622-1;P30622-2;Q9UDT6;Q9UDT6-2	P30622;P30622-1;P30622-2;Q9UDT6;Q9UDT6-2	CLIP1_HUMAN;CLIP2_HUMAN	CLIP1;CLIP2	CAP-Gly domain-containing linker protein 1	142921
P30626;P30626-2;P30626-3	P30626;P30626-2;P30626-3	SORCN_HUMAN	SRI	Sorcin	1.01661e+06
P30679	P30679	GNA15_HUMAN	GNA15	Guanine nucleotide-binding protein subunit alpha-15	220762
P30711	P30711;P30711-2	GSTT1_HUMAN	GSTT1	Glutathione S-transferase theta-1	411845
P30740	P30740	ILEU_HUMAN	SERPINB1	Leukocyte elastase inhibitor	8.03644e+06
P30740;P50452;P50453	P30740;P30740-2;O75830;P50452;P50452-2;P50453	ILEU_HUMAN;SPB8_HUMAN;SPB9_HUMAN	SERPINB1;SERPINB8;SERPINB9	Leukocyte elastase inhibitor	60766
P30825	P30825	SL7A1_HUMAN	SLC7A1	High affinity cationic amino acid transporter 1	608496
P30837	P30837;P47895	AL1B1_HUMAN	ALDH1B1	Aldehyde dehydrogenase X, mitochondrial	1.25035e+06
P30838	P30838	AL3A1_HUMAN	ALDH3A1	Aldehyde dehydrogenase, dimeric NADP-preferring	998395
P30838;P43353;P51648;P51648-2	P43353;P43353-2;P48448;P30838;P51648;P51648-2	AL3A1_HUMAN;AL3A2_HUMAN;AL3B1_HUMAN	ALDH3A1;ALDH3A2;ALDH3B1	Aldehyde dehydrogenase, dimeric NADP-preferring	308948
P30876	P30876	RPB2_HUMAN	POLR2B	DNA-directed RNA polymerase II subunit RPB2	4.13371e+06
P30876;Q9H9Y6;Q9H9Y6-3	Q9H9Y6;Q9H9Y6-2;Q9H9Y6-3;Q9H9Y6-4;Q9H9Y6-5;P30876	RPA2_HUMAN;RPB2_HUMAN	POLR1B;POLR2B	DNA-directed RNA polymerase II subunit RPB2	76887
P31040;P31040-2	P31040;P31040-2;P31040-3	SDHA_HUMAN	SDHA	Succinate dehydrogenase [ubiquinone] flavoprotein subunit, mitochondrial	3.34013e+06
P31146	P31146	COR1A_HUMAN	CORO1A	Coronin-1A	581529
P31146;Q7L014	Q7L014;P31146	COR1A_HUMAN;DDX46_HUMAN	CORO1A;DDX46	Coronin-1A	147819
P31150	P31150	GDIA_HUMAN	GDI1	Rab GDP dissociation inhibitor alpha	2.45025e+06
P31150;P50395	P31150;P50395;P50395-2	GDIA_HUMAN;GDIB_HUMAN	GDI1;GDI2	Rab GDP dissociation inhibitor alpha	9.4957e+06
P31153	P31153;P31153-2	METK2_HUMAN	MAT2A	S-adenosylmethionine synthase isoform type-2	4.10875e+06
P31153;Q00266	P31153;P31153-2;Q00266	METK1_HUMAN;METK2_HUMAN	MAT1A;MAT2A	S-adenosylmethionine synthase isoform type-2	1.16609e+06
P31271;P31276	P31276;P31271	HXA13_HUMAN;HXC13_HUMAN	HOXA13;HOXC13	Homeobox protein Hox-A13	53206
P31321	P31321	KAP1_HUMAN	PRKAR1B	cAMP-dependent protein kinase type I-beta regulatory subunit	133868
P31327;P31327-3	P31327;P31327-2;P31327-3	CPSM_HUMAN	CPS1	Carbamoyl-phosphate synthase [ammonia], mitochondrial	4.13453e+07
P31350;P31350-2	P31350;P31350-2	RIR2_HUMAN	RRM2	Ribonucleoside-diphosphate reductase subunit M2	2.00298e+06
P31350;P31350-2;Q7LG56;Q7LG56-6	Q7LG56;Q7LG56-2;Q7LG56-6;P31350;P31350-2	RIR2B_HUMAN;RIR2_HUMAN	RRM2;RRM2B	Ribonucleoside-diphosphate reductase subunit M2	175061
P31431;P31431-2	P31431;P31431-2	SDC4_HUMAN	SDC4	Syndecan-4	248888
P31483	P31483;P31483-2;P31483-3	TIA1_HUMAN	TIA1	Nucleolysin TIA-1 isoform p40	214075
P31483;Q01085	P31483;P31483-2;P31483-3;Q01085;Q01085-2	TIA1_HUMAN;TIAR_HUMAN	TIA1;TIAL1	Nucleolysin TIA-1 isoform p40	757541
P31629	P31629	ZEP2_HUMAN	HIVEP2	Transcription factor HIVEP2	690147
P31641	P31641	SC6A6_HUMAN	SLC6A6	Sodium- and chloride-dependent taurine transporter	62889
P31689	P31689	DNJA1_HUMAN	DNAJA1	DnaJ homolog subfamily A member 1	2.0846e+06
P31749	P31749;P31749-2	AKT1_HUMAN	AKT1	RAC-alpha serine/threonine-protein kinase	406047
P31749;P31751	P31749;P31749-2;Q9Y243;Q9Y243-2;P31751	AKT1_HUMAN;AKT2_HUMAN	AKT1;AKT2	RAC-alpha serine/threonine-protein kinase	178009
P31751	P31751;P31751-2	AKT2_HUMAN	AKT2	RAC-beta serine/threonine-protein kinase	218407
P31930	P31930	QCR1_HUMAN	UQCRC1	Cytochrome b-c1 complex subunit 1, mitochondrial	4.27467e+06
P31937	P31937	3HIDH_HUMAN	HIBADH	3-hydroxyisobutyrate dehydrogenase, mitochondrial	1.39936e+06
P31939;P31939-2	P31939;P31939-2	PUR9_HUMAN	ATIC	Bifunctional purine biosynthesis protein PURH	1.01774e+07
P31942;P31942-2	P31942;P31942-2;P31942-3;P31942-4	HNRH3_HUMAN	HNRNPH3	Heterogeneous nuclear ribonucleoprotein H3	6.05545e+06
P31942;P31942-2;P31943;P52597;P55795	P55795;P52597;P31943;P31942;P31942-2;P31942-3	HNRH1_HUMAN;HNRH2_HUMAN;HNRH3_HUMAN;HNRPF_HUMAN	HNRNPF;HNRNPH1;HNRNPH2;HNRNPH3	Heterogeneous nuclear ribonucleoprotein H3	392370
P31943	P31943	HNRH1_HUMAN	HNRNPH1	Heterogeneous nuclear ribonucleoprotein H	1.33971e+07
P31943;P52597	P52597;P31943	HNRH1_HUMAN;HNRPF_HUMAN	HNRNPF;HNRNPH1	Heterogeneous nuclear ribonucleoprotein H	3.80597e+06
P31943;P52597;P55795	P55795;P52597;P31943	HNRH1_HUMAN;HNRH2_HUMAN;HNRPF_HUMAN	HNRNPF;HNRNPH1;HNRNPH2	Heterogeneous nuclear ribonucleoprotein H	3.73043e+06
P31943;P55795	P55795;P31943;Q9NQA5;Reverse_sp|Q9NYZ3|GTSE1_HUMAN	HNRH1_HUMAN;HNRH2_HUMAN	HNRNPH1;HNRNPH2	Heterogeneous nuclear ribonucleoprotein H	1.06475e+07
P31946;P31946-2	P31946;P31946-2	1433B_HUMAN	YWHAB	14-3-3 protein beta/alpha	1.13207e+07
P31946;P31946-2;P61981	P61981;P31946;P31946-2	1433B_HUMAN;1433G_HUMAN	YWHAB;YWHAG	14-3-3 protein beta/alpha	807887
P31947	P31947;P31947-2	1433S_HUMAN	SFN	14-3-3 protein sigma	5.02471e+06
P31948;P31948-2	P31948;P31948-2	STIP1_HUMAN	STIP1	Stress-induced-phosphoprotein 1	1.48422e+07
P31949	P31949	S10AB_HUMAN	S100A11	Protein S100-A11	6.97744e+06
P32004;P32004-2;P32004-3	P32004;P32004-2;P32004-3	L1CAM_HUMAN	L1CAM	Neural cell adhesion molecule L1	1.98776e+06
P32019;P32019-2;P32019-4	P32019;P32019-2;P32019-3;P32019-4	I5P2_HUMAN	INPP5B	Type II inositol 1,4,5-trisphosphate 5-phosphatase	183394
P32119	P32119	PRDX2_HUMAN	PRDX2	Peroxiredoxin-2	2.95151e+06
P32119;Q06830	Q06830;P32119	PRDX1_HUMAN;PRDX2_HUMAN	PRDX1;PRDX2	Peroxiredoxin-2	4.71634e+06
P32121;P32121-2;P32121-3;P32121-4;P32121-5	P32121;P32121-3;P32121-2;P32121-4;P32121-5	ARRB2_HUMAN	ARRB2	Beta-arrestin-2	172604
P32189;P32189-1;P32189-2;P32189-4;Q14409	P32189;P32189-1;P32189-2;P32189-4;Q14409	GLPK3_HUMAN;GLPK_HUMAN	GK;GK3P	Glycerol kinase	479395
P32314;P32314-2	P32314;P32314-2	FOXN2_HUMAN	FOXN2	Forkhead box protein N2	2.346e+06
P32321;P32321-2	P32321;P32321-2	DCTD_HUMAN	DCTD	Deoxycytidylate deaminase	337050
P32322;P32322-3	P32322;P32322-2;P32322-3	P5CR1_HUMAN	PYCR1	Pyrroline-5-carboxylate reductase 1, mitochondrial	1.74644e+06
P32455	P32455	GBP1_HUMAN	GBP1	Guanylate-binding protein 1	531091
P32455;P32456	P32456;P32455	GBP1_HUMAN;GBP2_HUMAN	GBP1;GBP2	Guanylate-binding protein 1	46714
P32456	P32456	GBP2_HUMAN	GBP2	Guanylate-binding protein 2	299948
P32519;P32519-2	P32519;P32519-2	ELF1_HUMAN	ELF1	ETS-related transcription factor Elf-1	52925
P32856;P32856-2;P32856-3	P32856;P32856-2;P32856-3	STX2_HUMAN	STX2	Syntaxin-2	104161
P32929	P32929;P32929-2;P32929-3	CGL_HUMAN	CTH	Cystathionine gamma-lyase	652124
P32969	P32969	RL9_HUMAN	RPL9	60S ribosomal protein L9	6.43402e+06
P33121;P33121-2;P33121-3	P33121;P33121-2;P33121-3	ACSL1_HUMAN	ACSL1	Long-chain-fatty-acid--CoA ligase 1	68945
P33121;P33121-2;P33121-3;Q9ULC5;Q9ULC5-3	P33121;P33121-2;P33121-3;Q9ULC5;Q9ULC5-3;Q9ULC5-4	ACSL1_HUMAN;ACSL5_HUMAN	ACSL1;ACSL5	Long-chain-fatty-acid--CoA ligase 1	36920
P33176	P33176	KINH_HUMAN	KIF5B	Kinesin-1 heavy chain	5.45282e+06
P33240;P33240-2	P33240;P33240-2	CSTF2_HUMAN	CSTF2	Cleavage stimulation factor subunit 2	1.36601e+06
P33240;P33240-2;Q9H0L4	Q9H0L4;P33240;P33240-2	CSTF2_HUMAN;CSTFT_HUMAN	CSTF2;CSTF2T	Cleavage stimulation factor subunit 2	979633
P33316	P33316;P33316-2	DUT_HUMAN	DUT	Deoxyuridine 5'-triphosphate nucleotidohydrolase, mitochondrial	6.11173e+06
P33527	P33527;P33527-2;P33527-3;P33527-4;P33527-5;P33527-6;P33527-7;P33527-8	MRP1_HUMAN	ABCC1	Multidrug resistance-associated protein 1	1.55207e+06
P33552	P33552	CKS2_HUMAN	CKS2	Cyclin-dependent kinases regulatory subunit 2	168469
P33897	P33897	ABCD1_HUMAN	ABCD1	ATP-binding cassette sub-family D member 1	811472
P33908	P33908;P33908-2	MA1A1_HUMAN	MAN1A1	Mannosyl-oligosaccharide 1,2-alpha-mannosidase IA	501638
P33981;P33981-2	P33981;P33981-2	TTK_HUMAN	TTK	Dual specificity protein kinase TTK	394770
P33991	P33991	MCM4_HUMAN	MCM4	DNA replication licensing factor MCM4	8.00661e+06
P33992	P33992	MCM5_HUMAN	MCM5	DNA replication licensing factor MCM5	8.75384e+06
P33993	P33993;P33993-2	MCM7_HUMAN	MCM7	DNA replication licensing factor MCM7	8.47517e+06
P34059	P34059	GALNS_HUMAN	GALNS	N-acetylgalactosamine-6-sulfatase	106774
P34896;P34896-2	P34896;P34896-2;P34896-3	GLYC_HUMAN	SHMT1	Serine hydroxymethyltransferase, cytosolic	1.8457e+06
P34896;P34896-2;P34897;P34897-3	P34896;P34896-2;P34896-3;P34896-4;P34897;P34897-2;P34897-3	GLYC_HUMAN;GLYM_HUMAN	SHMT1;SHMT2	Serine hydroxymethyltransferase, cytosolic	551930
P34897;P34897-3	P34897;P34897-2;P34897-3	GLYM_HUMAN	SHMT2	Serine hydroxymethyltransferase, mitochondrial	1.16751e+07
P34913;P34913-2;P34913-3	P34913;P34913-2;P34913-3	HYES_HUMAN	EPHX2	Bifunctional epoxide hydrolase 2	139657
P34931	P34931;P0DMV8;P0DMV8-2;P0DMV9	HS71L_HUMAN	HSPA1L	Heat shock 70 kDa protein 1-like	8.96396e+06
P34932	P34932	HSP74_HUMAN	HSPA4	Heat shock 70 kDa protein 4	1.55127e+07
P34932;Q92598;Q92598-2	Q92598;Q92598-2;Q92598-3;Q92598-4;P34932	HS105_HUMAN;HSP74_HUMAN	HSPA4;HSPH1	Heat shock 70 kDa protein 4	134423
P34947	P34947	GRK5_HUMAN	GRK5	G protein-coupled receptor kinase 5	46554
P34949	P34949	MPI_HUMAN	MPI	Mannose-6-phosphate isomerase	1.29197e+06
P35052	P35052	GPC1_HUMAN	GPC1	Glypican-1	476226
P35080	P35080;P35080-2	PROF2_HUMAN	PFN2	Profilin-2	1.16036e+06
P35221;P35221-2	P35221;P35221-2;P35221-3	CTNA1_HUMAN	CTNNA1	Catenin alpha-1	1.58693e+06
P35222	P35222	CTNB1_HUMAN	CTNNB1	Catenin beta-1	104527
P35226	P35226	BMI1_HUMAN	BMI1	Polycomb complex protein BMI-1	47389
P35232	P35232;P35232-2	PHB_HUMAN	PHB	Prohibitin	1.18503e+07
P35237	P35237	SPB6_HUMAN	SERPINB6	Serpin B6	5.83641e+06
P35237;P50452	P50452;P50452-2;P35237	SPB6_HUMAN;SPB8_HUMAN	SERPINB6;SERPINB8	Serpin B6	625974
P35240;P35240-2;P35240-3;P35240-5;P35240-8	P35240;P35240-2;P35240-3;P35240-4;P35240-5;P35240-6;P35240-8	MERL_HUMAN	NF2	Merlin	225117
P35241	P35241;P35241-2;P35241-3;P35241-4;P35241-5	RADI_HUMAN	RDX	Radixin	4.90028e+06
P35244	P35244	RFA3_HUMAN	RPA3	Replication protein A 14 kDa subunit	835368
P35249	P35249	RFC4_HUMAN	RFC4	Replication factor C subunit 4	1.48004e+06
P35250	P35250;P35250-2	RFC2_HUMAN	RFC2	Replication factor C subunit 2	2.56066e+06
P35251;P35251-2	P35251;P35251-2	RFC1_HUMAN	RFC1	Replication factor C subunit 1	1.06867e+06
P35268	P35268	RL22_HUMAN	RPL22	60S ribosomal protein L22	5.32075e+06
P35269	P35269	T2FA_HUMAN	GTF2F1	General transcription factor IIF subunit 1	1.46241e+06
P35270	P35270	SPRE_HUMAN	SPR	Sepiapterin reductase	2.84585e+06
P35354	P35354	PGH2_HUMAN	PTGS2	Prostaglandin G/H synthase 2	449590
P35443;P49747;P49747-2	P49747;P49747-2;P35443	COMP_HUMAN;TSP4_HUMAN	COMP;THBS4	Thrombospondin-4	67560
P35527	P35527;contaminant_KERATIN02	K1C9_HUMAN	KRT9	Keratin, type I cytoskeletal 9	87359
P35573	P35573;P35573-2;P35573-3	GDE_HUMAN	AGL	Glycogen debranching enzyme	1.21854e+06
P35579	P35579;P35579-2	MYH9_HUMAN	MYH9	Myosin-9	4.53408e+07
P35579;P35580;P35580-2;P35580-3;P35580-4;P35580-5	P35579;P35580;P35580-2;P35580-3;P35580-4;P35580-5	MYH10_HUMAN;MYH9_HUMAN	MYH10;MYH9	Myosin-9	2.75232e+06
P35579;P35580;P35580-2;P35580-3;P35580-4;P35580-5;P35749;P35749-2;P35749-3;P35749-4	P35749;P35749-2;P35749-3;P35749-4;P35579;P35579-2;P35580;P35580-2;P35580-3;P35580-4;P35580-5	MYH10_HUMAN;MYH11_HUMAN;MYH9_HUMAN	MYH10;MYH11;MYH9	Myosin-9	590345
P35579;P35580;P35580-2;P35580-3;P35580-4;P35580-5;P35749;P35749-2;P35749-3;P35749-4;Q7Z406;Q7Z406-2;Q7Z406-6	P35749;P35749-2;P35749-3;P35749-4;Q7Z406;Q7Z406-2;Q7Z406-4;Q7Z406-5;Q7Z406-6;P35579;P35579-2;P35580;P35580-2;P35580-3;P35580-4;P35580-5	MYH10_HUMAN;MYH11_HUMAN;MYH14_HUMAN;MYH9_HUMAN	MYH10;MYH11;MYH14;MYH9	Myosin-9	2.36266e+06
P35579;P35749;P35749-2;P35749-3;P35749-4	P35749;P35749-2;P35749-3;P35749-4;P35579;P35579-2	MYH11_HUMAN;MYH9_HUMAN	MYH11;MYH9	Myosin-9	2.92029e+06
P35579;P35749;P35749-2;P35749-3;P35749-4;Q7Z406;Q7Z406-2;Q7Z406-6	P35749;P35749-2;P35749-3;P35749-4;Q7Z406;Q7Z406-2;Q7Z406-4;Q7Z406-5;Q7Z406-6;P35579;P35579-2	MYH11_HUMAN;MYH14_HUMAN;MYH9_HUMAN	MYH11;MYH14;MYH9	Myosin-9	2.1753e+06
P35580;P35580-2;P35580-3;P35580-4;P35580-5	P35580;P35580-2;P35580-3;P35580-4;P35580-5	MYH10_HUMAN	MYH10	Myosin-10	1.09199e+06
P35580;P35580-2;P35580-3;P35580-4;P35580-5;P35749;P35749-2;P35749-3;P35749-4	P35749;P35749-2;P35749-3;P35749-4;P35580;P35580-2;P35580-3;P35580-4;P35580-5	MYH10_HUMAN;MYH11_HUMAN	MYH10;MYH11	Myosin-10	325389
P35580;P35580-2;P35580-3;P35580-4;P35580-5;Q9HCH5;Q9HCH5-13;Q9HCH5-14;Q9HCH5-15;Q9HCH5-6	P35580;P35580-2;P35580-3;P35580-4;P35580-5;Q9HCH5;Q9HCH5-2;Q9HCH5-4;Q9HCH5-6;Q9HCH5-7;Q9HCH5-8;Q9HCH5-9;Q9HCH5-11;Q9HCH5-12;Q9HCH5-13;Q9HCH5-14;Q9HCH5-15	MYH10_HUMAN;SYTL2_HUMAN	MYH10;SYTL2	Myosin-10	130932
P35590	P35590	TIE1_HUMAN	TIE1	Tyrosine-protein kinase receptor Tie-1	990215
P35606;P35606-2	P35606;P35606-2	COPB2_HUMAN	COPB2	Coatomer subunit beta'	7.91722e+06
P35609;P35609-2	P35609;P35609-2	ACTN2_HUMAN	ACTN2	Alpha-actinin-2	4.35384e+06
P35609;P35609-2;Q08043	P35609;P35609-2;Q08043	ACTN2_HUMAN;ACTN3_HUMAN	ACTN2;ACTN3	Alpha-actinin-2	103201
P35610	P35610;P35610-2;P35610-3	SOAT1_HUMAN	SOAT1	Sterol O-acyltransferase 1	921914
P35611;P35611-2;P35611-3;P35611-4;P35611-6	P35611;P35611-2;P35611-3;P35611-4;P35611-5;P35611-6	ADDA_HUMAN	ADD1	Alpha-adducin	329925
P35612;P35612-2;P35612-3;P35612-4;P35612-9	P35612;P35612-2;P35612-3;P35612-4;P35612-8;P35612-9	ADDB_HUMAN	ADD2	Beta-adducin	97668
P35613;P35613-2	P35613;P35613-2;P35613-3;P35613-4	BASI_HUMAN	BSG	Basigin	5.74022e+06
P35625	P35625	TIMP3_HUMAN	TIMP3	Metalloproteinase inhibitor 3	67196
P35637;P35637-2	P35637;P35637-2	FUS_HUMAN	FUS	RNA-binding protein FUS	3.15297e+06
P35637;P35637-2;Q92804;Q92804-2	P35637;P35637-2;Q92804;Q92804-2	FUS_HUMAN;RBP56_HUMAN	FUS;TAF15	RNA-binding protein FUS	3.04102e+06
P35638;P35638-2	P35638;P35638-2	DDIT3_HUMAN	DDIT3	DNA damage-inducible transcript 3 protein	38445
P35658;P35658-2;P35658-3;P35658-4	P35658;P35658-2;P35658-3;P35658-4;P35658-5	NU214_HUMAN	NUP214	Nuclear pore complex protein Nup214	4.53962e+06
P35659	P35659;P35659-2	DEK_HUMAN	DEK	Protein DEK	6.2866e+06
P35711;P35711-2;P35711-3;P35711-4;P35711-5;P35712;P35712-2;P35712-3;P35712-4	P35711;P35711-2;P35711-3;P35711-4;P35711-5;P35712;P35712-2;P35712-3;P35712-4	SOX5_HUMAN;SOX6_HUMAN	SOX5;SOX6	Transcription factor SOX-5	42124
P35749;P35749-2;P35749-3;P35749-4	P35749;P35749-2;P35749-3;P35749-4	MYH11_HUMAN	MYH11	Myosin-11	314021
P35754	P35754	GLRX1_HUMAN	GLRX	Glutaredoxin-1	584455
P35790;P35790-2	P35790;P35790-2	CHKA_HUMAN	CHKA	Choline kinase alpha	33753
P35813;P35813-3	P35813;P35813-3	PPM1A_HUMAN	PPM1A	Protein phosphatase 1A	255925
P35869	P35869	AHR_HUMAN	AHR	Aryl hydrocarbon receptor	45996
P35914	P35914;P35914-2;P35914-3	HMGCL_HUMAN	HMGCL	Hydroxymethylglutaryl-CoA lyase, mitochondrial	209423
P35998	P35998;P35998-2	PRS7_HUMAN	PSMC2	26S proteasome regulatory subunit 7	4.96523e+06
P36402;P36402-2	P36402;P36402-2;P36402-3;P36402-4;P36402-9;P36402-10;P36402-11;P36402-12;P36402-13;P36402-14;P36402-15;P36402-16;P36402-5;P36402-6;P36402-7;P36402-8	TCF7_HUMAN	TCF7	Transcription factor 7	166117
P36404	P36404	ARL2_HUMAN	ARL2	ADP-ribosylation factor-like protein 2	987302
P36405	P36405	ARL3_HUMAN	ARL3	ADP-ribosylation factor-like protein 3	708643
P36406;P36406-2;P36406-3	P36406;P36406-2;P36406-3	TRI23_HUMAN	TRIM23	E3 ubiquitin-protein ligase TRIM23	77955
P36507	P36507	MP2K2_HUMAN	MAP2K2	Dual specificity mitogen-activated protein kinase kinase 2	1.20835e+06
P36507;Q02750	Q02750;Q02750-2;P36507	MP2K1_HUMAN;MP2K2_HUMAN	MAP2K1;MAP2K2	Dual specificity mitogen-activated protein kinase kinase 2	587085
P36542	P36542;P36542-2	ATPG_HUMAN	ATP5F1C	ATP synthase subunit gamma, mitochondrial	2.99754e+06
P36543	P36543;P36543-2;P36543-3	VATE1_HUMAN	ATP6V1E1	V-type proton ATPase subunit E 1	1.60313e+06
P36551	P36551	HEM6_HUMAN	CPOX	Oxygen-dependent coproporphyrinogen-III oxidase, mitochondrial	433712
P36578	P36578	RL4_HUMAN	RPL4	60S ribosomal protein L4	2.67632e+07
P36639;P36639-2;P36639-3;P36639-4	P36639;P36639-2;P36639-3;P36639-4	8ODP_HUMAN	NUDT1	7,8-dihydro-8-oxoguanine triphosphatase	209559
P36776;P36776-2	P36776;P36776-2;P36776-3	LONM_HUMAN	LONP1	Lon protease homolog, mitochondrial	6.43009e+06
P36871	P36871;P36871-2;P36871-3	PGM1_HUMAN	PGM1	Phosphoglucomutase-1	5.37977e+06
P36873;P36873-2	P36873;P36873-2	PP1G_HUMAN	PPP1CC	Serine/threonine-protein phosphatase PP1-gamma catalytic subunit	725852
P36873;P36873-2;P62136	P62136;P62136-2;P62136-3;P36873;P36873-2	PP1A_HUMAN;PP1G_HUMAN	PPP1CA;PPP1CC	Serine/threonine-protein phosphatase PP1-gamma catalytic subunit	292913
P36873;P36873-2;P62136;P62140	P62140;P62136;P62136-2;P62136-3;P36873;P36873-2	PP1A_HUMAN;PP1B_HUMAN;PP1G_HUMAN	PPP1CA;PPP1CB;PPP1CC	Serine/threonine-protein phosphatase PP1-gamma catalytic subunit	5.8042e+06
P36897;P36897-2;P36897-3	P36897;P36897-2;P36897-3	TGFR1_HUMAN	TGFBR1	TGF-beta receptor type-1	222030
P36915	P36915;P36915-2	GNL1_HUMAN	GNL1	Guanine nucleotide-binding protein-like 1	983198
P36952	P36952	SPB5_HUMAN	SERPINB5	Serpin B5	7.97659e+06
P36954	P36954	RPB9_HUMAN	POLR2I	DNA-directed RNA polymerase II subunit RPB9	48036
P36955	P36955	PEDF_HUMAN	SERPINF1	Pigment epithelium-derived factor	1.102e+06
P36956;P36956-2;P36956-3;P36956-4	P36956;P36956-2;P36956-3;P36956-4	SRBP1_HUMAN	SREBF1	Sterol regulatory element-binding protein 1	106277
P36957	P36957;P36957-2	ODO2_HUMAN	DLST	Dihydrolipoyllysine-residue succinyltransferase component of 2-oxoglutarate dehydrogenase complex, mitochondrial	2.88094e+06
P36959	P36959	GMPR1_HUMAN	GMPR	GMP reductase 1	14385
P36959;Q9P2T1;Q9P2T1-2;Q9P2T1-3	P36959;Q9P2T1;Q9P2T1-2;Q9P2T1-3	GMPR1_HUMAN;GMPR2_HUMAN	GMPR;GMPR2	GMP reductase 1	120201
P36969;P36969-2	P36969;P36969-2	GPX4_HUMAN	GPX4	Phospholipid hydroperoxide glutathione peroxidase	646993
P37108	P37108	SRP14_HUMAN	SRP14	Signal recognition particle 14 kDa protein	478890
P37198	P37198	NUP62_HUMAN	NUP62	Nuclear pore glycoprotein p62	1.60794e+06
P37235	P37235	HPCL1_HUMAN	HPCAL1	Hippocalcin-like protein 1	1.36074e+06
P37268	P37268;P37268-2;P37268-3;P37268-4;P37268-5	FDFT_HUMAN	FDFT1	Squalene synthase	524602
P37275;P37275-2;P37275-3;P37275-4;P37275-5	P37275;P37275-2;P37275-3;P37275-4;P37275-5	ZEB1_HUMAN	ZEB1	Zinc finger E-box-binding homeobox 1	605503
P37287	P37287;P37287-3	PIGA_HUMAN	PIGA	Phosphatidylinositol N-acetylglucosaminyltransferase subunit A	57938
P37802;P37802-2	P37802;P37802-2	TAGL2_HUMAN	TAGLN2	Transgelin-2	1.56795e+07
P37802;P37802-2;Q9UI15	P37802;P37802-2;Q9UI15	TAGL2_HUMAN;TAGL3_HUMAN	TAGLN2;TAGLN3	Transgelin-2	667522
P37837	P37837	TALDO_HUMAN	TALDO1	Transaldolase	8.34027e+06
P38117	P38117;P38117-2	ETFB_HUMAN	ETFB	Electron transfer flavoprotein subunit beta	7.46408e+06
P38159	P38159;P38159-2	RBMX_HUMAN	RBMX	RNA-binding motif protein, X chromosome	1.30361e+06
P38159;Q96E39	P38159;P38159-2;Q96E39	RBMX_HUMAN;RMXL1_HUMAN	RBMX;RBMXL1	RNA-binding motif protein, X chromosome	5.9222e+06
P38398;P38398-4;P38398-7;P38398-8	P38398;P38398-4;P38398-7;P38398-8	BRCA1_HUMAN	BRCA1	Breast cancer type 1 susceptibility protein	90022
P38432	P38432	COIL_HUMAN	COIL	Coilin	547300
P38435	P38435;P38435-2	VKGC_HUMAN	GGCX	Vitamin K-dependent gamma-carboxylase	418867
P38571;P38571-2	P38571;P38571-2	LICH_HUMAN	LIPA	Lysosomal acid lipase/cholesteryl ester hydrolase	183403
P38606;P38606-2	P38606;P38606-2	VATA_HUMAN	ATP6V1A	V-type proton ATPase catalytic subunit A	3.22474e+06
P38646	P38646	GRP75_HUMAN	HSPA9	Stress-70 protein, mitochondrial	3.68892e+07
P38919	P38919	IF4A3_HUMAN	EIF4A3	Eukaryotic initiation factor 4A-III	6.219e+06
P38919;P60842;Q14240;Q14240-2	Q14240;Q14240-2;P38919;P60842;P60842-2	IF4A1_HUMAN;IF4A2_HUMAN;IF4A3_HUMAN	EIF4A1;EIF4A2;EIF4A3	Eukaryotic initiation factor 4A-III	2.09842e+06
P38935	P38935	SMBP2_HUMAN	IGHMBP2	DNA-binding protein SMUBP-2	66368
P39019	P39019	RS19_HUMAN	RPS19	40S ribosomal protein S19	1.12081e+07
P39023	P39023	RL3_HUMAN	RPL3	60S ribosomal protein L3	1.51619e+07
P39060;P39060-1;P39060-2	P39060;P39060-1;P39060-2	COIA1_HUMAN	COL18A1	Collagen alpha-1(XVIII) chain	139489
P39656	P39656;P39656-2;P39656-3	OST48_HUMAN	DDOST	Dolichyl-diphosphooligosaccharide--protein glycosyltransferase 48 kDa subunit	3.68436e+06
P39687	P39687;O43423	AN32A_HUMAN	ANP32A	Acidic leucine-rich nuclear phosphoprotein 32 family member A	7.08677e+06
P39687;Q92688;Q92688-2	P39687;Q92688;Q92688-2	AN32A_HUMAN;AN32B_HUMAN	ANP32A;ANP32B	Acidic leucine-rich nuclear phosphoprotein 32 family member A	4.28463e+06
P39748	P39748;P39748-2	FEN1_HUMAN	FEN1	Flap endonuclease 1	6.8838e+06
P39880;P39880-2;P39880-3;P39880-4	P39880;P39880-2;P39880-3;P39880-4	CUX1_HUMAN	CUX1	Homeobox protein cut-like 1	434232
P39880;P39880-2;P39880-3;P39880-4;Q13948-9	Q13948;Q13948-2;Q13948-9;Q13948-10;P39880;P39880-2;P39880-3;P39880-4;P39880-5;P39880-6;P39880-9	CASP_HUMAN;CUX1_HUMAN	CUX1	Homeobox protein cut-like 1	434232
P40121	P40121;P40121-2	CAPG_HUMAN	CAPG	Macrophage-capping protein	5.92894e+06
P40123	P40123;P40123-2;P40123-3	CAP2_HUMAN	CAP2	Adenylyl cyclase-associated protein 2	352968
P40123;Q01518;Q01518-2	P40123;P40123-2;P40123-3;Q01518;Q01518-2	CAP1_HUMAN;CAP2_HUMAN	CAP1;CAP2	Adenylyl cyclase-associated protein 2	610891
P40222	P40222	TXLNA_HUMAN	TXLNA	Alpha-taxilin	1.33958e+06
P40227	P40227;P40227-2	TCPZ_HUMAN	CCT6A	T-complex protein 1 subunit zeta	7.07374e+06
P40227;Q92526-2	Q92526;Q92526-2;P40227;P40227-2	TCPW_HUMAN;TCPZ_HUMAN	CCT6A;CCT6B	T-complex protein 1 subunit zeta	1.32695e+06
P40261	P40261	NNMT_HUMAN	NNMT	Nicotinamide N-methyltransferase	3.21604e+06
P40306	P40306	PSB10_HUMAN	PSMB10	Proteasome subunit beta type-10	10042
P40337;P40337-2;P40337-3	P40337;P40337-2;P40337-3	VHL_HUMAN	VHL	von Hippel-Lindau disease tumor suppressor	16507
P40424;P40424-2;P40424-3	P40424;P40424-2;P40424-3	PBX1_HUMAN	PBX1	Pre-B-cell leukemia transcription factor 1	285828
P40424;P40424-2;P40424-3;P40425	P40426;P40426-2;P40426-5;P40424;P40424-2;P40424-3;P40425	PBX1_HUMAN;PBX2_HUMAN	PBX1;PBX2	Pre-B-cell leukemia transcription factor 1	106231
P40425	P40425	PBX2_HUMAN	PBX2	Pre-B-cell leukemia transcription factor 2	58630
P40425;Q9BYU1	P40426;P40426-2;P40426-5;Q9BYU1;P40425	PBX2_HUMAN;PBX4_HUMAN	PBX2;PBX4	Pre-B-cell leukemia transcription factor 2	43261
P40429	P40429	RL13A_HUMAN	RPL13A	60S ribosomal protein L13a	7.42976e+06
P40616;P40616-2	P40616;P40616-2	ARL1_HUMAN	ARL1	ADP-ribosylation factor-like protein 1	242815
P40692	P40692;P40692-2;P40692-3	MLH1_HUMAN	MLH1	DNA mismatch repair protein Mlh1	572434
P40763;P40763-3	P40763;P40763-3	STAT3_HUMAN	STAT3	Signal transducer and activator of transcription 3	2.0719e+06
P40818	P40818;P40818-2;contaminant_UBIQUITIN11	UBP8_HUMAN	USP8	Ubiquitin carboxyl-terminal hydrolase 8	561439
P40855	P40855;P40855-5	PEX19_HUMAN	PEX19	Peroxisomal biogenesis factor 19	650496
P40925;P40925-2;P40925-3	P40925;P40925-2;P40925-3	MDHC_HUMAN	MDH1	Malate dehydrogenase, cytoplasmic	1.37674e+07
P40926	P40926;P40926-2	MDHM_HUMAN	MDH2	Malate dehydrogenase, mitochondrial	1.64296e+07
P40937;P40937-2	P40937;P40937-2	RFC5_HUMAN	RFC5	Replication factor C subunit 5	1.14653e+06
P40938	P40938;P40938-2	RFC3_HUMAN	RFC3	Replication factor C subunit 3	1.46787e+06
P40939	P40939	ECHA_HUMAN	HADHA	Trifunctional enzyme subunit alpha, mitochondrial	9.30232e+06
P41091	P41091;Q2VIR3;Q2VIR3-2	IF2G_HUMAN	EIF2S3	Eukaryotic translation initiation factor 2 subunit 3	7.7555e+06
P41134;P41134-2	P41134;P41134-2	ID1_HUMAN	ID1	DNA-binding protein inhibitor ID-1	50622
P41162	P41162	ETV3_HUMAN	ETV3	ETS translocation variant 3	28626
P41208	P41208	CETN2_HUMAN	CETN2	Centrin-2	225201
P41214	P41214	EIF2D_HUMAN	EIF2D	Eukaryotic translation initiation factor 2D	1.37056e+06
P41221;P41221-2	P41221;P41221-2	WNT5A_HUMAN	WNT5A	Protein Wnt-5a	109201
P41223;P41223-2	P41223;P41223-2	BUD31_HUMAN	BUD31	Protein BUD31 homolog	390222
P41226	P41226;contaminant_UBIQUITIN03	UBA7_HUMAN	UBA7	Ubiquitin-like modifier-activating enzyme 7	189529
P41227	Q9BSU3;P41227;P41227-2	NAA10_HUMAN	NAA10	N-alpha-acetyltransferase 10	1.3748e+06
P41229;P41229-2;P41229-3;P41229-4;P41229-5	P41229;P41229-2;P41229-3;P41229-4;P41229-5	KDM5C_HUMAN	KDM5C	Lysine-specific demethylase 5C	283316
P41236	P41236	IPP2_HUMAN	PPP1R2	Protein phosphatase inhibitor 2	998329
P41240	P41240	CSK_HUMAN	CSK	Tyrosine-protein kinase CSK	1.03988e+06
P41247	P41247;P41247-2	PLPL4_HUMAN	PNPLA4	Patatin-like phospholipase domain-containing protein 4	293461
P41250	P41250	GARS_HUMAN	GARS1	Glycine--tRNA ligase	1.10457e+07
P41252	P41252	SYIC_HUMAN	IARS1	Isoleucine--tRNA ligase, cytoplasmic	1.44114e+07
P41440;P41440-3	P41440;P41440-2;P41440-3	S19A1_HUMAN	SLC19A1	Reduced folate transporter	52256
P41567	P41567;O60739	EIF1_HUMAN	EIF1	Eukaryotic translation initiation factor 1	3.08729e+06
P41743	P41743	KPCI_HUMAN	PRKCI	Protein kinase C iota type	553663
P42025	P42025	ACTY_HUMAN	ACTR1B	Beta-centractin	484817
P42025;P61163	P42025;P61163	ACTY_HUMAN;ACTZ_HUMAN	ACTR1A;ACTR1B	Beta-centractin	817282
P42081;P42081-3;P42081-4;P42081-6	P42081;P42081-3;P42081-4;P42081-6	CD86_HUMAN	CD86	T-lymphocyte activation antigen CD86	72387
P42126;P42126-2	P42126;P42126-2	ECI1_HUMAN	ECI1	Enoyl-CoA delta isomerase 1, mitochondrial	1.3885e+06
P42166	P42166	LAP2A_HUMAN	TMPO	Lamina-associated polypeptide 2, isoform alpha	1.31307e+07
P42166;P42167	P42167;P42167-2;P42167-3;P42166	LAP2A_HUMAN;LAP2B_HUMAN	TMPO	Lamina-associated polypeptide 2, isoform alpha	1.31307e+07
P42167	P42167;P42167-2	LAP2B_HUMAN	TMPO	Lamina-associated polypeptide 2, isoforms beta/gamma	1.31307e+07
P42224	P42224;P42224-2	STAT1_HUMAN	STAT1	Signal transducer and activator of transcription 1-alpha/beta	3.7363e+06
P42226	P42226;P42226-2;P42226-3	STAT6_HUMAN	STAT6	Signal transducer and activator of transcription 6	373673
P42285	P42285	MTREX_HUMAN	MTREX	Exosome RNA helicase MTR4	2.94662e+06
P42330	P42330;P42330-2	AK1C3_HUMAN	AKR1C3	Aldo-keto reductase family 1 member C3	7.66817e+06
P42330;P52895	P52895;P42330;P42330-2;Q04828	AK1C2_HUMAN;AK1C3_HUMAN	AKR1C2;AKR1C3	Aldo-keto reductase family 1 member C3	1.68978e+06
P42338	P42338	PK3CB_HUMAN	PIK3CB	Phosphatidylinositol 4,5-bisphosphate 3-kinase catalytic subunit beta isoform	28964
P42345	P42345	MTOR_HUMAN	MTOR	Serine/threonine-protein kinase mTOR	2.15004e+06
P42356	P42356	PI4KA_HUMAN	PI4KA	Phosphatidylinositol 4-kinase alpha	1.56202e+06
P42566	P42566	EPS15_HUMAN	EPS15	Epidermal growth factor receptor substrate 15	721551
P42568;P42568-2	P42568;P42568-2	AF9_HUMAN	MLLT3	Protein AF-9	54414
P42574	P42574	CASP3_HUMAN	CASP3	Caspase-3	506499
P42575	P42575;P42575-2	CASP2_HUMAN	CASP2	Caspase-2	131706
P42658;P42658-2	P42658;P42658-2	DPP6_HUMAN	DPP6	Dipeptidyl aminopeptidase-like protein 6	437852
P42677	P42677	RS27_HUMAN	RPS27	40S ribosomal protein S27	2.9994e+06
P42677;Q71UM5	P42677;Q71UM5	RS27L_HUMAN;RS27_HUMAN	RPS27;RPS27L	40S ribosomal protein S27	3.09792e+06
P42679	P42679;P42679-2;P42679-3	MATK_HUMAN	MATK	Megakaryocyte-associated tyrosine-protein kinase	20539
P42684;P42684-6	P42684;P42684-2;P42684-3;P42684-4;P42684-5;P42684-6;P42684-7;P42684-10;P42684-8	ABL2_HUMAN	ABL2	Tyrosine-protein kinase ABL2	406197
P42685;P42685-2	P42685;P42685-2	FRK_HUMAN	FRK	Tyrosine-protein kinase FRK	111762
P42694	P42694;P42694-2	HELZ_HUMAN	HELZ	Probable helicase with zinc finger domain	244183
P42695	P42695	CNDD3_HUMAN	NCAPD3	Condensin-2 complex subunit D3	737565
P42696	P42696	RBM34_HUMAN	RBM34	RNA-binding protein 34	771079
P42704	P42704	LPPRC_HUMAN	LRPPRC	Leucine-rich PPR motif-containing protein, mitochondrial	1.63535e+07
P42765	P42765	THIM_HUMAN	ACAA2	3-ketoacyl-CoA thiolase, mitochondrial	7.11134e+06
P42766	P42766	RL35_HUMAN	RPL35	60S ribosomal protein L35	2.70589e+06
P42771;P42771-4	P42772;P42771;P42771-2;P42771-4	CDN2A_HUMAN	CDKN2A	Cyclin-dependent kinase inhibitor 2A	2.36099e+06
P42773	P42773	CDN2C_HUMAN	CDKN2C	Cyclin-dependent kinase 4 inhibitor C	62289
P42785	P42785	PCP_HUMAN	PRCP	Lysosomal Pro-X carboxypeptidase	286680
P42858	P42858	HD_HUMAN	HTT	Huntingtin	604699
P42892;P42892-3;P42892-4	P42892;P42892-2;P42892-3;P42892-4	ECE1_HUMAN	ECE1	Endothelin-converting enzyme 1	1.02704e+06
P42898	P42898;P42898-2	MTHR_HUMAN	MTHFR	Methylenetetrahydrofolate reductase	308926
P43003;P43003-2	P43003;P43003-2	EAA1_HUMAN	SLC1A3	Excitatory amino acid transporter 1	46939
P43007	P43007;P43007-2	SATT_HUMAN	SLC1A4	Neutral amino acid transporter A	553574
P43034	P43034;P43034-2	LIS1_HUMAN	PAFAH1B1	Platelet-activating factor acetylhydrolase IB subunit alpha	4.10246e+06
P43121	P43121;P43121-2	MUC18_HUMAN	MCAM	Cell surface glycoprotein MUC18	1.14317e+06
P43155;P43155-2;P43155-3	P43155;P43155-2;P43155-3	CACP_HUMAN	CRAT	Carnitine O-acetyltransferase	12446
P43243	P43243;P43243-2	MATR3_HUMAN	MATR3	Matrin-3	1.82441e+07
P43243;Q5T481	P43243;P43243-2;Q5T481	MATR3_HUMAN;RBM20_HUMAN	MATR3;RBM20	Matrin-3	121613
P43246	P43246;P43246-2	MSH2_HUMAN	MSH2	DNA mismatch repair protein Msh2	5.86788e+06
P43251;P43251-2;P43251-3;P43251-4	P43251;P43251-2;P43251-3;P43251-4	BTD_HUMAN	BTD	Biotinidase	46053
P43304	P43304;P43304-2	GPDM_HUMAN	GPD2	Glycerol-3-phosphate dehydrogenase, mitochondrial	2.49051e+06
P43307	P43307;P43307-2	SSRA_HUMAN	SSR1	Translocon-associated protein subunit alpha	3.14818e+06
P43353	P43353;P43353-2	AL3B1_HUMAN	ALDH3B1	Aldehyde dehydrogenase family 3 member B1	320282
P43378	P43378	PTN9_HUMAN	PTPN9	Tyrosine-protein phosphatase non-receptor type 9	126149
P43487;P43487-2	P43487;P43487-2	RANG_HUMAN	RANBP1	Ran-specific GTPase-activating protein	3.12867e+06
P43490	P43490	NAMPT_HUMAN	NAMPT	Nicotinamide phosphoribosyltransferase	1.31268e+07
P43686	P43686;P43686-2	PRS6B_HUMAN	PSMC4	26S proteasome regulatory subunit 6B	3.52294e+06
P43897	P43897;P43897-2	EFTS_HUMAN	TSFM	Elongation factor Ts, mitochondrial	2.6055e+06
P45877	P45877	PPIC_HUMAN	PPIC	Peptidyl-prolyl cis-trans isomerase C	212308
P45880	P45880;P45880-1;P45880-2	VDAC2_HUMAN	VDAC2	Voltage-dependent anion-selective channel protein 2	1.20841e+07
P45954	P45954;P45954-2	ACDSB_HUMAN	ACADSB	Short/branched chain specific acyl-CoA dehydrogenase, mitochondrial	332490
P45973	P45973	CBX5_HUMAN	CBX5	Chromobox protein homolog 5	3.24612e+06
P45973;Q13185	Q13185;P45973	CBX3_HUMAN;CBX5_HUMAN	CBX3;CBX5	Chromobox protein homolog 5	171505
P45974;P45974-2	P45974;P45974-2	UBP5_HUMAN	USP5	Ubiquitin carboxyl-terminal hydrolase 5	7.23869e+06
P45974;P45974-2;Q8IWA5;Q8IWA5-2;Q8IWA5-3	Q8IWA5;Q8IWA5-2;Q8IWA5-3;P45974;P45974-2	CTL2_HUMAN;UBP5_HUMAN	SLC44A2;USP5	Ubiquitin carboxyl-terminal hydrolase 5	262121
P45974;P45974-2;Q92995	Q92995;Q92995-2;P45974;P45974-2	UBP13_HUMAN;UBP5_HUMAN	USP13;USP5	Ubiquitin carboxyl-terminal hydrolase 5	36143
P45983;P45983-2;P45983-3;P45983-4	P45983;P45983-2;P45983-3;P45983-4;P45983-5	MK08_HUMAN	MAPK8	Mitogen-activated protein kinase 8	8755
P45983;P45983-2;P45983-3;P45983-4;P45984;P45984-2;P45984-3;P45984-4;P53779;P53779-2;P53779-3	P53779;P53779-2;P53779-3;P45983;P45983-2;P45983-3;P45983-4;P45983-5;P45984;P45984-2;P45984-3;P45984-4;P45984-5	MK08_HUMAN;MK09_HUMAN;MK10_HUMAN	MAPK10;MAPK8;MAPK9	Mitogen-activated protein kinase 8	58714
P45983;P45983-2;P45983-3;P45983-4;P53779;P53779-2;P53779-3	P53779;P53779-2;P53779-3;P45983;P45983-2;P45983-3;P45983-4	MK08_HUMAN;MK10_HUMAN	MAPK10;MAPK8	Mitogen-activated protein kinase 8	85920
P45984;P45984-2;P45984-3;P45984-4	P45984;P45984-2;P45984-3;P45984-4	MK09_HUMAN	MAPK9	Mitogen-activated protein kinase 9	79555
P45984;P45984-2;P45984-3;P45984-4;P53779;P53779-2;P53779-3	P53779;P53779-2;P53779-3;P45984;P45984-2;P45984-3;P45984-4	MK09_HUMAN;MK10_HUMAN	MAPK10;MAPK9	Mitogen-activated protein kinase 9	37556
P45985;P45985-2	P45985;P45985-2	MP2K4_HUMAN	MAP2K4	Dual specificity mitogen-activated protein kinase kinase 4	462011
P45985;P45985-2;P46734;P46734-3;P52564	P46734;P46734-2;P46734-3;P45985;P45985-2;P52564;P52564-2	MP2K3_HUMAN;MP2K4_HUMAN;MP2K6_HUMAN	MAP2K3;MAP2K4;MAP2K6	Dual specificity mitogen-activated protein kinase kinase 4	140198
P46013	P46013;P46013-2	KI67_HUMAN	MKI67	Proliferation marker protein Ki-67	6.74833e+06
P46019	P46019	KPB2_HUMAN	PHKA2	Phosphorylase b kinase regulatory subunit alpha, liver isoform	408193
P46020;P46020-2;P46020-3	P46020;P46020-2;P46020-3	KPB1_HUMAN	PHKA1	Phosphorylase b kinase regulatory subunit alpha, skeletal muscle isoform	211445
P46060	P46060	RAGP1_HUMAN	RANGAP1	Ran GTPase-activating protein 1	4.50896e+06
P46063	P46063	RECQ1_HUMAN	RECQL	ATP-dependent DNA helicase Q1	6.21585e+06
P46087;P46087-4	P46087;P46087-2;P46087-3;P46087-4	NOP2_HUMAN	NOP2	Probable 28S rRNA (cytosine(4447)-C(5))-methyltransferase	7.08614e+06
P46100	P46100;P46100-2;P46100-3;P46100-4;P46100-5	ATRX_HUMAN	ATRX	Transcriptional regulator ATRX	1.5127e+06
P46108	P46108	CRK_HUMAN	CRK	Adapter molecule crk	805057
P46109	P46109	CRKL_HUMAN	CRKL	Crk-like protein	879804
P46199	P46199	IF2M_HUMAN	MTIF2	Translation initiation factor IF-2, mitochondrial	2.13068e+06
P46379;P46379-2;P46379-3	P46379;P46379-2;P46379-3;P46379-4;P46379-5	BAG6_HUMAN	BAG6	Large proline-rich protein BAG6	1.56547e+06
P46459	P46459;P46459-2	NSF_HUMAN	NSF	Vesicle-fusing ATPase	3.44418e+06
P46527	P46527	CDN1B_HUMAN	CDKN1B	Cyclin-dependent kinase inhibitor 1B	88918
P46734;P46734-3	P46734;P46734-2;P46734-3	MP2K3_HUMAN	MAP2K3	Dual specificity mitogen-activated protein kinase kinase 3	279744
P46734;P46734-3;P52564	P46734;P46734-2;P46734-3;P52564;P52564-2	MP2K3_HUMAN;MP2K6_HUMAN	MAP2K3;MAP2K6	Dual specificity mitogen-activated protein kinase kinase 3	135965
P46736;P46736-2	P46736;P46736-2;P46736-3;P46736-4;P46736-5	BRCC3_HUMAN	BRCC3	Lys-63-specific deubiquitinase BRCC36	381907
P46776	P46776	RL27A_HUMAN	RPL27A	60S ribosomal protein L27a	8.93006e+06
P46777	P46777	RL5_HUMAN	RPL5	60S ribosomal protein L5	1.5126e+07
P46778	P46778	RL21_HUMAN	RPL21	60S ribosomal protein L21	7.38855e+06
P46779	P46779;P46779-2;P46779-3	RL28_HUMAN	RPL28	60S ribosomal protein L28	1.0297e+07
P46781	P46781	RS9_HUMAN	RPS9	40S ribosomal protein S9	1.98175e+07
P46782	P46782	RS5_HUMAN	RPS5	40S ribosomal protein S5	8.06995e+06
P46783	Q9NQ39;P46783	RS10_HUMAN	RPS10	40S ribosomal protein S10	7.61992e+06
P46926	P46926;P46926-2	GNPI1_HUMAN	GNPDA1	Glucosamine-6-phosphate isomerase 1	997314
P46926;Q8TDQ7-2	P46926;P46926-2;Q8TDQ7;Q8TDQ7-2;Q8TDQ7-3	GNPI1_HUMAN;GNPI2_HUMAN	GNPDA1;GNPDA2	Glucosamine-6-phosphate isomerase 1	270990
P46934;P46934-2	P46934;P46934-2;P46934-3;P46934-4	NEDD4_HUMAN	NEDD4	E3 ubiquitin-protein ligase NEDD4	601258
P46934;P46934-2;Q76N89;Q76N89-2;Q96PU5;Q96PU5-2;Q96PU5-5;Q96PU5-6;Q96PU5-7;Q9HAU4	Q9HCE7;Q9HCE7-2;Q76N89;Q76N89-2;P46934;P46934-2;P46934-3;P46934-4;Q9P2P5;Q96PU5;Q96PU5-2;Q96PU5-3;Q96PU5-4;Q96PU5-5;Q96PU5-6;Q96PU5-7;Q96PU5-9;Q9HAU4	HECW1_HUMAN;NED4L_HUMAN;NEDD4_HUMAN;SMUF2_HUMAN	HECW1;NEDD4;NEDD4L;SMURF2	E3 ubiquitin-protein ligase NEDD4	77630
P46934;P46934-2;Q96PU5;Q96PU5-2;Q96PU5-5;Q96PU5-6;Q96PU5-7	P46934;P46934-2;P46934-3;P46934-4;Q96PU5;Q96PU5-2;Q96PU5-3;Q96PU5-4;Q96PU5-5;Q96PU5-6;Q96PU5-7;Q96PU5-9	NED4L_HUMAN;NEDD4_HUMAN	NEDD4;NEDD4L	E3 ubiquitin-protein ligase NEDD4	266680
P46937;P46937-6;P46937-7;P46937-9	P46937;P46937-2;P46937-3;P46937-4;P46937-5;P46937-6;P46937-7;P46937-8;P46937-9	YAP1_HUMAN	YAP1	Transcriptional coactivator YAP1	518448
P46939;P46939-2	P46939;P46939-2	UTRO_HUMAN	UTRN	Utrophin	1.43924e+06
P46940	P46940	IQGA1_HUMAN	IQGAP1	Ras GTPase-activating-like protein IQGAP1	2.91015e+07
P46940;Q13576;Q86VI3	Q13576;Q13576-2;Q13576-3;P46940;Q86VI3	IQGA1_HUMAN;IQGA2_HUMAN;IQGA3_HUMAN	IQGAP1;IQGAP2;IQGAP3	Ras GTPase-activating-like protein IQGAP1	722397
P46940;Q86VI3	P46940;Q86VI3	IQGA1_HUMAN;IQGA3_HUMAN	IQGAP1;IQGAP3	Ras GTPase-activating-like protein IQGAP1	271767
P46976;P46976-2	P46976;P46976-2	GLYG_HUMAN	GYG1	Glycogenin-1	1.11955e+06
P46977	P46977;P46977-2	STT3A_HUMAN	STT3A	Dolichyl-diphosphooligosaccharide--protein glycosyltransferase subunit STT3A	3.08415e+06
P46977;Q8TCJ2	Q8TCJ2;P46977;P46977-2	STT3A_HUMAN;STT3B_HUMAN	STT3A;STT3B	Dolichyl-diphosphooligosaccharide--protein glycosyltransferase subunit STT3A	160643
P47224	P47224	MSS4_HUMAN	RABIF	Guanine nucleotide exchange factor MSS4	80402
P47712	P47712	PA24A_HUMAN	PLA2G4A	Cytosolic phospholipase A2	2.03857e+06
P47736;P47736-2;P47736-3;P47736-4	P47736;P47736-2;P47736-3;P47736-4	RPGP1_HUMAN	RAP1GAP	Rap1 GTPase-activating protein 1	32408
P47755	P47755;P47755-2	CAZA2_HUMAN	CAPZA2	F-actin-capping protein subunit alpha-2	1.00854e+06
P47755;P52907	P52907;P47755;P47755-2	CAZA1_HUMAN;CAZA2_HUMAN	CAPZA1;CAPZA2	F-actin-capping protein subunit alpha-2	1.72974e+06
P47756;P47756-2	P47756;P47756-2	CAPZB_HUMAN	CAPZB	F-actin-capping protein subunit beta	5.57465e+06
P47813	O14602;P47813	IF1AX_HUMAN	EIF1AX	Eukaryotic translation initiation factor 1A, X-chromosomal	2.79192e+06
P47897	P47897;P47897-2	SYQ_HUMAN	QARS1	Glutamine--tRNA ligase	6.79386e+06
P47914	P47914	RL29_HUMAN	RPL29	60S ribosomal protein L29	2.33979e+06
P47974	P47974	TISD_HUMAN	ZFP36L2	mRNA decay activator protein ZFP36L2	32943
P47985	P0C7P4;P47985	UCRI_HUMAN	UQCRFS1	Cytochrome b-c1 complex subunit Rieske, mitochondrial	3.15184e+06
P48029	P48029;P48029-2;P48029-3;P48029-4	SC6A8_HUMAN	SLC6A8	Sodium- and chloride-dependent creatine transporter 1	123343
P48047	P48047	ATPO_HUMAN	ATP5PO	ATP synthase subunit O, mitochondrial	4.77827e+06
P48059	P48059;P48059-2;P48059-3;P48059-4;P48059-5	LIMS1_HUMAN	LIMS1	LIM and senescent cell antigen-like-containing domain protein 1	995422
P48067;P48067-2;P48067-3	P48067;P48067-2;P48067-3	SC6A9_HUMAN	SLC6A9	Sodium- and chloride-dependent glycine transporter 1	139882
P48147	P48147	PPCE_HUMAN	PREP	Prolyl endopeptidase	5.69803e+06
P48163	P48163;P48163-2	MAOX_HUMAN	ME1	NADP-dependent malic enzyme	659887
P48200	P48200	IREB2_HUMAN	IREB2	Iron-responsive element-binding protein 2	225773
P48378	P48378	RFX2_HUMAN	RFX2	DNA-binding protein RFX2	163987
P48382	P48382;P48382-2	RFX5_HUMAN	RFX5	DNA-binding protein RFX5	390268
P48426;P48426-2	P48426;P48426-2	PI42A_HUMAN	PIP4K2A	Phosphatidylinositol 5-phosphate 4-kinase type-2 alpha	520849
P48444	P48444	COPD_HUMAN	ARCN1	Coatomer subunit delta	3.67296e+06
P48449	P48449;P48449-2;P48449-3	ERG7_HUMAN	LSS	Lanosterol synthase	807730
P48454;P48454-2;P48454-3	P48454;P48454-2;P48454-3	PP2BC_HUMAN	PPP3CC	Serine/threonine-protein phosphatase 2B catalytic subunit gamma isoform	120756
P48454;P48454-2;P48454-3;Q08209;Q08209-2	P16298;P16298-2;P16298-3;P16298-4;Q08209;Q08209-2;Q08209-3;Q08209-5;P48454;P48454-2;P48454-3	PP2BA_HUMAN;PP2BC_HUMAN	PPP3CA;PPP3CC	Serine/threonine-protein phosphatase 2B catalytic subunit gamma isoform	260596
P48506	P48506	GSH1_HUMAN	GCLC	Glutamate--cysteine ligase catalytic subunit	969327
P48507	P48507;P48507-2	GSH0_HUMAN	GCLM	Glutamate--cysteine ligase regulatory subunit	994411
P48509	P48509	CD151_HUMAN	CD151	CD151 antigen	517125
P48553	P48553	TPC10_HUMAN	TRAPPC10	Trafficking protein particle complex subunit 10	196187
P48556	P48556	PSMD8_HUMAN	PSMD8	26S proteasome non-ATPase regulatory subunit 8	896099
P48634	P48634;P48634-2;P48634-3;P48634-4	PRC2A_HUMAN	PRRC2A	Protein PRRC2A	1.38103e+06
P48634;Q5JSZ5;Q9Y520;Q9Y520-5;Q9Y520-7	Q5JSZ5;Q5JSZ5-5;P48634;P48634-2;P48634-3;P48634-4;Q9Y520;Q9Y520-3;Q9Y520-4;Q9Y520-5;Q9Y520-6;Q9Y520-7	PRC2A_HUMAN;PRC2B_HUMAN;PRC2C_HUMAN	PRRC2A;PRRC2B;PRRC2C	Protein PRRC2A	55796
P48637	P48637;P48637-2	GSHB_HUMAN	GSS	Glutathione synthetase	4.0746e+06
P48643	P48643;P48643-2	TCPE_HUMAN	CCT5	T-complex protein 1 subunit epsilon	1.54282e+07
P48651	P48651;P48651-2;P48651-3	PTSS1_HUMAN	PTDSS1	Phosphatidylserine synthase 1	367193
P48681	P48681	NEST_HUMAN	NES	Nestin	1.21165e+06
P48723	P48723	HSP13_HUMAN	HSPA13	Heat shock 70 kDa protein 13	524813
P48729;P48729-2	Q8N752;P48729;P48729-2;P48729-3	KC1A_HUMAN	CSNK1A1	Casein kinase I isoform alpha	1.03573e+06
P48730;P48730-2	P48730;P48730-2	KC1D_HUMAN	CSNK1D	Casein kinase I isoform delta	178638
P48730;P48730-2;P49674	P48730;P48730-2;P49674	KC1D_HUMAN;KC1E_HUMAN	CSNK1D;CSNK1E	Casein kinase I isoform delta	295875
P48735	P48735;P48735-2	IDHP_HUMAN	IDH2	Isocitrate dehydrogenase [NADP], mitochondrial	1.73793e+06
P48739;P48739-2;P48739-3	P48739;P48739-2;P48739-3	PIPNB_HUMAN	PITPNB	Phosphatidylinositol transfer protein beta isoform	1.26204e+06
P48739;P48739-2;P48739-3;Q00169	Q00169;P48739;P48739-2;P48739-3	PIPNA_HUMAN;PIPNB_HUMAN	PITPNA;PITPNB	Phosphatidylinositol transfer protein beta isoform	372030
P48960;P48960-2;P48960-3	P48960;P48960-2;P48960-3	CD97_HUMAN	CD97	CD97 antigen	470533
P49005	P49005	DPOD2_HUMAN	POLD2	DNA polymerase delta subunit 2	2.0969e+06
P49006	P49006	MRP_HUMAN	MARCKSL1	MARCKS-related protein	128090
P49023;P49023-2;P49023-3	P49023;P49023-2;P49023-3	PAXI_HUMAN	PXN	Paxillin	373851
P49069	P49069	CAMLG_HUMAN	CAMLG	Calcium signal-modulating cyclophilin ligand	98171
P49116	P49116;P49116-2	NR2C2_HUMAN	NR2C2	Nuclear receptor subfamily 2 group C member 2	405801
P49137	P49137;P49137-2	MAPK2_HUMAN	MAPKAPK2	MAP kinase-activated protein kinase 2	132950
P49137;Q16644	Q96PN8;P49137;P49137-2;Q16644;P51817;O43930	MAPK2_HUMAN;MAPK3_HUMAN	MAPKAPK2;MAPKAPK3	MAP kinase-activated protein kinase 2	208284
P49184	P49184	DNSL1_HUMAN	DNASE1L1	Deoxyribonuclease-1-like 1	18508
P49189	P49189;P49189-2;P49189-3	AL9A1_HUMAN	ALDH9A1	4-trimethylaminobutyraldehyde dehydrogenase	6.36015e+06
P49207	P49207	RL34_HUMAN	RPL34	60S ribosomal protein L34	3.17389e+06
P49247	P49247	RPIA_HUMAN	RPIA	Ribose-5-phosphate isomerase	239870
P49257	P49257	LMAN1_HUMAN	LMAN1	Protein ERGIC-53	4.50991e+06
P49321	P49321;P49321-2;P49321-3	NASP_HUMAN	NASP	Nuclear autoantigenic sperm protein	6.49388e+06
P49327	P49327	FAS_HUMAN	FASN	Fatty acid synthase	2.06483e+07
P49336;P49336-2	P49336;P49336-2	CDK8_HUMAN	CDK8	Cyclin-dependent kinase 8	36732
P49354	P49354;P49354-2	FNTA_HUMAN	FNTA	Protein farnesyltransferase/geranylgeranyltransferase type-1 subunit alpha	572093
P49356	P49356	FNTB_HUMAN	FNTB	Protein farnesyltransferase subunit beta	229034
P49366	P49366;P49366-2;P49366-3	DHYS_HUMAN	DHPS	Deoxyhypusine synthase	202229
P49368	P49368;P49368-2	TCPG_HUMAN	CCT3	T-complex protein 1 subunit gamma	1.49143e+07
P49406	P49406	RM19_HUMAN	MRPL19	39S ribosomal protein L19, mitochondrial	845194
P49407;P49407-2	P49407;P49407-2	ARRB1_HUMAN	ARRB1	Beta-arrestin-1	19258
P49411	P49411	EFTU_HUMAN	TUFM	Elongation factor Tu, mitochondrial	1.10007e+07
P49419;P49419-2	P49419;P49419-2;P49419-4	AL7A1_HUMAN	ALDH7A1	Alpha-aminoadipic semialdehyde dehydrogenase	7.54408e+06
P49427	P49427	UB2R1_HUMAN	CDC34	Ubiquitin-conjugating enzyme E2 R1	154359
P49427;Q712K3	P49427;Q712K3	UB2R1_HUMAN;UB2R2_HUMAN	CDC34;UBE2R2	Ubiquitin-conjugating enzyme E2 R1	69367
P49441	P49441	INPP_HUMAN	INPP1	Inositol polyphosphate 1-phosphatase	115103
P49447	P49447	CY561_HUMAN	CYB561	Cytochrome b561	90392
P49454	P49454	CENPF_HUMAN	CENPF	Centromere protein F	2.88003e+06
P49458	P49458	SRP09_HUMAN	SRP9	Signal recognition particle 9 kDa protein	2.61984e+06
P49459	P49459;P49459-2;P49459-3	UBE2A_HUMAN	UBE2A	Ubiquitin-conjugating enzyme E2 A	187917
P49585	P49585	PCY1A_HUMAN	PCYT1A	Choline-phosphate cytidylyltransferase A	1.67276e+06
P49588	P49588;P49588-2	SYAC_HUMAN	AARS1	Alanine--tRNA ligase, cytoplasmic	1.39394e+07
P49589;P49589-3	P49589;P49589-2;P49589-3	SYCC_HUMAN	CARS1	Cysteine--tRNA ligase, cytoplasmic	4.42921e+06
P49590;P49590-2	P49590;P49590-2	SYHM_HUMAN	HARS2	Histidine--tRNA ligase, mitochondrial	240558
P49591	P49591	SYSC_HUMAN	SARS1	Serine--tRNA ligase, cytoplasmic	4.70681e+06
P49593	P49593;P49593-2	PPM1F_HUMAN	PPM1F	Protein phosphatase 1F	418396
P49642	P49642	PRI1_HUMAN	PRIM1	DNA primase small subunit	755461
P49643	P49643;P49643-2	PRI2_HUMAN	PRIM2	DNA primase large subunit	621894
P49662;P49662-2;P49662-4	P49662;P49662-2;P49662-4	CASP4_HUMAN	CASP4	Caspase-4	241758
P49674	P49674	KC1E_HUMAN	CSNK1E	Casein kinase I isoform epsilon	445836
P49711	P49711;P49711-2	CTCF_HUMAN	CTCF	Transcriptional repressor CTCF	888019
P49720	P49720	PSB3_HUMAN	PSMB3	Proteasome subunit beta type-3	2.18313e+06
P49721	P49721	PSB2_HUMAN	PSMB2	Proteasome subunit beta type-2	2.3851e+06
P49736	P49736	MCM2_HUMAN	MCM2	DNA replication licensing factor MCM2	8.32456e+06
P49748;P49748-3	P49748;P49748-2;P49748-3	ACADV_HUMAN	ACADVL	Very long-chain specific acyl-CoA dehydrogenase, mitochondrial	1.22904e+07
P49750	P49750;P49750-1	YLPM1_HUMAN	YLPM1	YLP motif-containing protein 1	2.59923e+06
P49753;Q86TX2	Q86TX2;P49753	ACOT1_HUMAN;ACOT2_HUMAN	ACOT1;ACOT2	Acyl-coenzyme A thioesterase 2, mitochondrial	1.03784e+06
P49754;P49754-3	P49754;P49754-2;P49754-3	VPS41_HUMAN	VPS41	Vacuolar protein sorting-associated protein 41 homolog	283784
P49755	P49755	TMEDA_HUMAN	TMED10	Transmembrane emp24 domain-containing protein 10	3.06828e+06
P49756	P49756;P49756-2;P49756-3	RBM25_HUMAN	RBM25	RNA-binding protein 25	2.38139e+06
P49757;P49757-3	P49757;P49757-2;P49757-3;P49757-4;P49757-5;P49757-6;P49757-7;P49757-8	NUMB_HUMAN	NUMB	Protein numb homolog	478496
P49757;P49757-3;Q9Y6R0	P49757;P49757-2;P49757-3;P49757-4;P49757-5;P49757-6;P49757-7;P49757-8;Q9Y6R0	NUMBL_HUMAN;NUMB_HUMAN	NUMB;NUMBL	Protein numb homolog	38917
P49759;P49759-3	P49759;P49759-2;P49759-3	CLK1_HUMAN	CLK1	Dual specificity protein kinase CLK1	28489
P49759;P49759-3;Q9HAZ1	P49759;P49759-3;Q9HAZ1	CLK1_HUMAN;CLK4_HUMAN	CLK1;CLK4	Dual specificity protein kinase CLK1	52422
P49760;P49760-3	P49760;P49760-3	CLK2_HUMAN	CLK2	Dual specificity protein kinase CLK2	24514
P49761;P49761-1	P49761;P49761-1	CLK3_HUMAN	CLK3	Dual specificity protein kinase CLK3	169076
P49768;P49768-2	P49768;P49768-2;P49768-3;P49768-4;P49768-5;P49768-6;P49768-7	PSN1_HUMAN	PSEN1	Presenilin-1	282651
P49770	P49770	EI2BB_HUMAN	EIF2B2	Translation initiation factor eIF-2B subunit beta	776097
P49773	P49773	HINT1_HUMAN	HINT1	Histidine triad nucleotide-binding protein 1	2.82987e+06
P49790	P49790;P49790-2;P49790-3	NU153_HUMAN	NUP153	Nuclear pore complex protein Nup153	3.60517e+06
P49792	P49792	RBP2_HUMAN	RANBP2	E3 SUMO-protein ligase RanBP2	8.46132e+06
P49792;Q05823;Q05823-2	O14715;A6NKT7;P0DJD1;Q99666;Q99666-2;Q05823;Q05823-2;Q7Z3J3;Q7Z3J3-2;P49792;P0DJD0	RBP2_HUMAN;RN5A_HUMAN	RANBP2;RNASEL	E3 SUMO-protein ligase RanBP2	66428
P49795	P49795	RGS19_HUMAN	RGS19	Regulator of G-protein signaling 19	14864
P49815;P49815-2;P49815-3;P49815-4;P49815-5;P49815-7	P49815;P49815-2;P49815-3;P49815-4;P49815-5;P49815-6;P49815-7	TSC2_HUMAN	TSC2	Tuberin	339793
P49821;P49821-2	P49821;P49821-2	NDUV1_HUMAN	NDUFV1	NADH dehydrogenase [ubiquinone] flavoprotein 1, mitochondrial	2.7641e+06
P49840	P49840	GSK3A_HUMAN	GSK3A	Glycogen synthase kinase-3 alpha	214998
P49840;P49841;P49841-2	P49840;P49841;P49841-2	GSK3A_HUMAN;GSK3B_HUMAN	GSK3A;GSK3B	Glycogen synthase kinase-3 alpha	218614
P49841;P49841-2	P49841;P49841-2	GSK3B_HUMAN	GSK3B	Glycogen synthase kinase-3 beta	514091
P49842;P49842-2;P49842-3;P49842-4	P49842;P49842-2;P49842-3;P49842-4	STK19_HUMAN	STK19	Serine/threonine-protein kinase 19	37619
P49848;P49848-3;P49848-4	P49848;P49848-2;P49848-3;P49848-4	TAF6_HUMAN	TAF6	Transcription initiation factor TFIID subunit 6	261015
P49888	P49888	ST1E1_HUMAN	SULT1E1	Sulfotransferase 1E1	86620
P49902	P49902;P49902-2	5NTC_HUMAN	NT5C2	Cytosolic purine 5'-nucleotidase	980125
P49903	P49903;P49903-2;P49903-3	SPS1_HUMAN	SEPHS1	Selenide, water dikinase 1	1.74021e+06
P49914;P49914-2	P49914;P49914-2	MTHFS_HUMAN	MTHFS	5-formyltetrahydrofolate cyclo-ligase	680603
P49915	P49915;P49915-2	GUAA_HUMAN	GMPS	GMP synthase [glutamine-hydrolyzing]	5.96825e+06
P49916;P49916-3	P49916;P49916-2;P49916-3;P49916-4	DNLI3_HUMAN	LIG3	DNA ligase 3	1.77658e+06
P49917	P49917	DNLI4_HUMAN	LIG4	DNA ligase 4	237186
P49918;P49918-2	P49918;P49918-2	CDN1C_HUMAN	CDKN1C	Cyclin-dependent kinase inhibitor 1C	7040
P49959;P49959-3	P49959;P49959-2;P49959-3	MRE11_HUMAN	MRE11	Double-strand break repair protein MRE11	1.70067e+06
P50135	P50135	HNMT_HUMAN	HNMT	Histamine N-methyltransferase	91636
P50148	P50148	GNAQ_HUMAN	GNAQ	Guanine nucleotide-binding protein G(q) subunit alpha	385958
P50213	P50213;P50213-2	IDH3A_HUMAN	IDH3A	Isocitrate dehydrogenase [NAD] subunit alpha, mitochondrial	2.31317e+06
P50238	P50238	CRIP1_HUMAN	CRIP1	Cysteine-rich protein 1	720331
P50336	P50336	PPOX_HUMAN	PPOX	Protoporphyrinogen oxidase	696745
P50395	P50395;P50395-2	GDIB_HUMAN	GDI2	Rab GDP dissociation inhibitor beta	9.48744e+06
P50402	P50402	EMD_HUMAN	EMD	Emerin	4.57298e+06
P50416	P50416;P50416-2	CPT1A_HUMAN	CPT1A	Carnitine O-palmitoyltransferase 1, liver isoform	6.30955e+06
P50443	P50443	S26A2_HUMAN	SLC26A2	Sulfate transporter	38858
P50452	P50452;P50452-2	SPB8_HUMAN	SERPINB8	Serpin B8	1.52227e+06
P50453	P50453	SPB9_HUMAN	SERPINB9	Serpin B9	239083
P50454	P50454	SERPH_HUMAN	SERPINH1	Serpin H1	6.1095e+06
P50502	Q8NFI4;P50502	F10A1_HUMAN	ST13	Hsc70-interacting protein	3.2278e+06
P50542;P50542-2;P50542-4	P50542;P50542-2;P50542-3;P50542-4	PEX5_HUMAN	PEX5	Peroxisomal targeting signal 1 receptor	404098
P50548;P50548-2	P50548;P50548-2	ERF_HUMAN	ERF	ETS domain-containing transcription factor ERF	8564
P50552	P50552	VASP_HUMAN	VASP	Vasodilator-stimulated phosphoprotein	2.04198e+06
P50570	P50570;P50570-2;P50570-3;P50570-4;P50570-5	DYN2_HUMAN	DNM2	Dynamin-2	2.97801e+06
P50570;Q05193;Q05193-2;Q05193-3;Q05193-5	P50570;P50570-2;P50570-3;P50570-4;P50570-5;Q05193;Q05193-2;Q05193-3;Q05193-5	DYN1_HUMAN;DYN2_HUMAN	DNM1;DNM2	Dynamin-2	184196
P50570;Q05193;Q05193-2;Q05193-3;Q05193-5;Q9UQ16;Q9UQ16-2;Q9UQ16-3;Q9UQ16-4;Q9UQ16-5	P50570;P50570-2;P50570-3;P50570-4;P50570-5;Q05193;Q05193-2;Q05193-3;Q05193-5;Q9UQ16;Q9UQ16-2;Q9UQ16-3;Q9UQ16-4;Q9UQ16-5	DYN1_HUMAN;DYN2_HUMAN;DYN3_HUMAN	DNM1;DNM2;DNM3	Dynamin-2	473783
P50570;Q9UQ16;Q9UQ16-2;Q9UQ16-3;Q9UQ16-4;Q9UQ16-5	P50570;P50570-2;P50570-3;P50570-4;P50570-5;Q9UQ16;Q9UQ16-2;Q9UQ16-3;Q9UQ16-4;Q9UQ16-5	DYN2_HUMAN;DYN3_HUMAN	DNM2;DNM3	Dynamin-2	503202
P50579;P50579-2	P50579;P50579-2	MAP2_HUMAN	METAP2	Methionine aminopeptidase 2	1.58614e+06
P50583	P50583	AP4A_HUMAN	NUDT2	Bis(5'-nucleosyl)-tetraphosphatase [asymmetrical]	356354
P50613	P50613	CDK7_HUMAN	CDK7	Cyclin-dependent kinase 7	254021
P50747	P50747	BPL1_HUMAN	HLCS	Biotin--protein ligase	210459
P50748	P50748;P50748-2	KNTC1_HUMAN	KNTC1	Kinetochore-associated protein 1	1.08429e+06
P50749	P50749	RASF2_HUMAN	RASSF2	Ras association domain-containing protein 2	189386
P50750;P50750-2	P50750;P50750-2	CDK9_HUMAN	CDK9	Cyclin-dependent kinase 9	877321
P50851	P50851;P50851-2	LRBA_HUMAN	LRBA	Lipopolysaccharide-responsive and beige-like anchor protein	3.2617e+06
P50851;Q8NFP9	P50851;P50851-2;Q8NFP9	LRBA_HUMAN;NBEA_HUMAN	LRBA;NBEA	Lipopolysaccharide-responsive and beige-like anchor protein	166626
P50897	P50897;P50897-2	PPT1_HUMAN	PPT1	Palmitoyl-protein thioesterase 1	818278
P50914	P50914	RL14_HUMAN	RPL14	60S ribosomal protein L14	6.33188e+06
P50990	P50990;P50990-2;P50990-3	TCPQ_HUMAN	CCT8	T-complex protein 1 subunit theta	1.70046e+07
P50991	P50991;P50991-2	TCPD_HUMAN	CCT4	T-complex protein 1 subunit delta	1.41765e+07
P50995;P50995-2	P50995;P50995-2	ANX11_HUMAN	ANXA11	Annexin A11	3.90972e+06
P51003	P51003	PAPOA_HUMAN	PAPOLA	Poly(A) polymerase alpha	696959
P51003;Q9BWT3;Q9BWT3-2	Q9BWT3;Q9BWT3-2;P51003	PAPOA_HUMAN;PAPOG_HUMAN	PAPOLA;PAPOLG	Poly(A) polymerase alpha	105831
P51003;Q9BWT3;Q9BWT3-2;Q9NRJ5	Q9NRJ5;Q9BWT3;Q9BWT3-2;P51003;P51003-2	PAPOA_HUMAN;PAPOB_HUMAN;PAPOG_HUMAN	PAPOLA;PAPOLB;PAPOLG	Poly(A) polymerase alpha	102927
P51003;Q9NRJ5	Q9NRJ5;P51003;P51003-2	PAPOA_HUMAN;PAPOB_HUMAN	PAPOLA;PAPOLB	Poly(A) polymerase alpha	449749
P51114	P51114;P51114-2;P51114-3	FXR1_HUMAN	FXR1	Fragile X mental retardation syndrome-related protein 1	2.23946e+06
P51114;P51116	P51114;P51114-2;P51114-3;P51116	FXR1_HUMAN;FXR2_HUMAN	FXR1;FXR2	Fragile X mental retardation syndrome-related protein 1	179137
P51114;P51116;Q06787;Q06787-3;Q06787-5	P51114;P51114-2;P51114-3;Q06787;Q06787-2;Q06787-3;Q06787-4;Q06787-5;Q06787-6;Q06787-7;Q06787-8;Q06787-9;P51116	FMR1_HUMAN;FXR1_HUMAN;FXR2_HUMAN	FMR1;FXR1;FXR2	Fragile X mental retardation syndrome-related protein 1	475466
P51116	P51116	FXR2_HUMAN	FXR2	Fragile X mental retardation syndrome-related protein 2	1.30837e+06
P51116;Q06787;Q06787-3;Q06787-5	Q06787;Q06787-2;Q06787-3;Q06787-4;Q06787-5;Q06787-6;Q06787-7;Q06787-8;Q06787-9;Q06787-10;Q06787-11;P51116	FMR1_HUMAN;FXR2_HUMAN	FMR1;FXR2	Fragile X mental retardation syndrome-related protein 2	184271
P51148;P51148-2	P51148;P51148-2	RAB5C_HUMAN	RAB5C	Ras-related protein Rab-5C	4.18802e+06
P51149	P51149	RAB7A_HUMAN	RAB7A	Ras-related protein Rab-7a	5.50701e+06
P51151	P51151	RAB9A_HUMAN	RAB9A	Ras-related protein Rab-9A	533910
P51153	P51153;Reverse_sp|Q07864|DPOE1_HUMAN	RAB13_HUMAN	RAB13	Ras-related protein Rab-13	967619
P51153;P59190;P59190-2;P61006;P61026;P62820;Q92930;Q9H0U4	P62820;P62820-2;P62820-3;P51153;Q92930;Q92928;Q9H0U4;P61006;P61006-2;P61026;P59190;P59190-2	RAB10_HUMAN;RAB13_HUMAN;RAB15_HUMAN;RAB1A_HUMAN;RAB1B_HUMAN;RAB8A_HUMAN;RAB8B_HUMAN	RAB10;RAB13;RAB15;RAB1A;RAB1B;RAB8A;RAB8B	Ras-related protein Rab-13	43189
P51153;P61026	P51153;P61026	RAB10_HUMAN;RAB13_HUMAN	RAB10;RAB13	Ras-related protein Rab-13	224253
P51159;P51159-2	P51159;P51159-2	RB27A_HUMAN	RAB27A	Ras-related protein Rab-27A	63006
P51397	P51397	DAP1_HUMAN	DAP	Death-associated protein 1	506744
P51398;P51398-2;P51398-3	P51398;P51398-2;P51398-3	RT29_HUMAN	DAP3	28S ribosomal protein S29, mitochondrial	1.14021e+06
P51452;P51452-2	P51452;P51452-2	DUS3_HUMAN	DUSP3	Dual specificity protein phosphatase 3	767680
P51531;P51531-2	P51531;P51531-2	SMCA2_HUMAN	SMARCA2	Probable global transcription activator SNF2L2	1.19919e+06
P51531;P51531-2;P51532;P51532-2;P51532-3;P51532-4;P51532-5	P51531;P51531-2;P51532;P51532-2;P51532-3;P51532-4;P51532-5	SMCA2_HUMAN;SMCA4_HUMAN	SMARCA2;SMARCA4	Probable global transcription activator SNF2L2	812153
P51532;P51532-2;P51532-3;P51532-4;P51532-5	P51532;P51532-2;P51532-3;P51532-4;P51532-5	SMCA4_HUMAN	SMARCA4	Transcription activator BRG1	926727
P51553	P51553;P51553-2	IDH3G_HUMAN	IDH3G	Isocitrate dehydrogenase [NAD] subunit gamma, mitochondrial	527686
P51570;P51570-2	P51570;P51570-2	GALK1_HUMAN	GALK1	Galactokinase	1.25548e+06
P51571	P51571	SSRD_HUMAN	SSR4	Translocon-associated protein subunit delta	3.30962e+06
P51572;P51572-2	P51572;P51572-2	BAP31_HUMAN	BCAP31	B-cell receptor-associated protein 31	2.35286e+06
P51580	P51580	TPMT_HUMAN	TPMT	Thiopurine S-methyltransferase	679205
P51587	P51587	BRCA2_HUMAN	BRCA2	Breast cancer type 2 susceptibility protein	316599
P51608;P51608-2	P51608;P51608-2	MECP2_HUMAN	MECP2	Methyl-CpG-binding protein 2	333993
P51610;P51610-4	P51610;P51610-2;P51610-3;P51610-4	HCFC1_HUMAN	HCFC1	Host cell factor 1	4.06532e+06
P51610;P51610-4;Q9Y5Z7	P51610;P51610-2;P51610-4;Q9Y5Z7	HCFC1_HUMAN;HCFC2_HUMAN	HCFC1;HCFC2	Host cell factor 1	121293
P51617;P51617-2;P51617-3;P51617-4	P51617;P51617-2;P51617-3;P51617-4	IRAK1_HUMAN	IRAK1	Interleukin-1 receptor-associated kinase 1	177675
P51636;P51636-2	P51636;P51636-2	CAV2_HUMAN	CAV2	Caveolin-2	45599
P51648;P51648-2	P51648;P51648-2	AL3A2_HUMAN	ALDH3A2	Aldehyde dehydrogenase family 3 member A2	2.16812e+06
P51649;P51649-2	P51649;P51649-2	SSDH_HUMAN	ALDH5A1	Succinate-semialdehyde dehydrogenase, mitochondrial	551312
P51659	P51659;P51659-2;P51659-3;Q9UJQ7	DHB4_HUMAN	HSD17B4	Peroxisomal multifunctional enzyme type 2	9.50154e+06
P51665	P51665	PSMD7_HUMAN	PSMD7	26S proteasome non-ATPase regulatory subunit 7	1.01454e+06
P51665;Q05519;Q05519-2;Q05682	Q05682;Q05682-2;Q05682-3;Q05682-4;Q05682-5;Q05682-6;P51665;Q05519;Q05519-2	CALD1_HUMAN;PSMD7_HUMAN;SRS11_HUMAN	CALD1;PSMD7;SRSF11	26S proteasome non-ATPase regulatory subunit 7	231065
P51687	P51687	SUOX_HUMAN	SUOX	Sulfite oxidase, mitochondrial	390992
P51692	P51692	STA5B_HUMAN	STAT5B	Signal transducer and activator of transcription 5B	855655
P51784	P51784	UBP11_HUMAN	USP11	Ubiquitin carboxyl-terminal hydrolase 11	590732
P51784;Q13107;Q13107-2	Q13107;Q13107-2;P51784	UBP11_HUMAN;UBP4_HUMAN	USP11;USP4	Ubiquitin carboxyl-terminal hydrolase 11	31668
P51788;P51788-3;P51788-4;P51788-5	P51788;P51788-3;P51788-4;P51788-5	CLCN2_HUMAN	CLCN2	Chloride channel protein 2	85990
P51790;P51790-2;P51790-4;P51790-5	P51790;P51790-2;P51790-4;P51790-5;P51795;P51795-2;P51793;P51793-2	CLCN3_HUMAN	CLCN3	H(+)/Cl(-) exchange transporter 3	98576
P51797;P51797-5	P51797;P51797-5;P51797-6	CLCN6_HUMAN	CLCN6	Chloride transport protein 6	234564
P51798;P51798-2	P51798;P51798-2	CLCN7_HUMAN	CLCN7	H(+)/Cl(-) exchange transporter 7	426653
P51805	P51805	PLXA3_HUMAN	PLXNA3	Plexin-A3	3.5339e+06
P51808	P51808	DYLT3_HUMAN	DYNLT3	Dynein light chain Tctex-type 3	212903
P51809;P51809-3	P51809;P51809-2;P51809-3	VAMP7_HUMAN	VAMP7	Vesicle-associated membrane protein 7	345255
P51812	P51812	KS6A3_HUMAN	RPS6KA3	Ribosomal protein S6 kinase alpha-3	1.61213e+06
P51812;Q15418;Q15418-2;Q15418-4	P51812;Q15418;Q15418-2;Q15418-3;Q15418-4;Q15349;Q15349-2;Q15349-3	KS6A1_HUMAN;KS6A3_HUMAN	RPS6KA1;RPS6KA3	Ribosomal protein S6 kinase alpha-3	783435
P51812;Q15418;Q15418-2;Q15418-4;Q9UK32;Q9UK32-2	P51812;Q15418;Q15418-2;Q15418-3;Q15418-4;Q9UK32;Q9UK32-2;Q15349;Q15349-2;Q15349-3	KS6A1_HUMAN;KS6A3_HUMAN;KS6A6_HUMAN	RPS6KA1;RPS6KA3;RPS6KA6	Ribosomal protein S6 kinase alpha-3	276367
P51812;Q9UK32;Q9UK32-2	P51812;Q9UK32;Q9UK32-2;Q15349;Q15349-2;Q15349-3	KS6A3_HUMAN;KS6A6_HUMAN	RPS6KA3;RPS6KA6	Ribosomal protein S6 kinase alpha-3	102830
P51815;P51815-2	P51815;P51815-2	ZN75D_HUMAN	ZNF75D	Zinc finger protein 75D	137888
P51857;P51857-2	P51857;P51857-2	AK1D1_HUMAN	AKR1D1	Aldo-keto reductase family 1 member D1	485300
P51858	P51858;P51858-2;P51858-3	HDGF_HUMAN	HDGF	Hepatoma-derived growth factor	7.55267e+06
P51884	P51884	LUM_HUMAN	LUM	Lumican	134331
P51946	P51946	CCNH_HUMAN	CCNH	Cyclin-H	119126
P51948	P51948;P51948-2	MAT1_HUMAN	MNAT1	CDK-activating kinase assembly factor MAT1	163663
P51965;P51965-2	Q96LR5;Q969T4;P51965;P51965-2;P51965-3	UB2E1_HUMAN	UBE2E1	Ubiquitin-conjugating enzyme E2 E1	1.21113e+06
P51970	P51970	NDUA8_HUMAN	NDUFA8	NADH dehydrogenase [ubiquinone] 1 alpha subcomplex subunit 8	1.87471e+06
P51991	P51991;P51991-2	ROA3_HUMAN	HNRNPA3	Heterogeneous nuclear ribonucleoprotein A3	4.99428e+06
P52209;P52209-2	P52209;P52209-2	6PGD_HUMAN	PGD	6-phosphogluconate dehydrogenase, decarboxylating	7.27103e+06
P52272;P52272-2	P52272;P52272-2	HNRPM_HUMAN	HNRNPM	Heterogeneous nuclear ribonucleoprotein M	2.13819e+07
P52292	P52292	IMA1_HUMAN	KPNA2	Importin subunit alpha-1	4.24625e+06
P52294	P52294	IMA5_HUMAN	KPNA1	Importin subunit alpha-5	493549
P52298;P52298-3	P52298;P52298-2;P52298-3	NCBP2_HUMAN	NCBP2	Nuclear cap-binding protein subunit 2	467504
P52306;P52306-5	P52306;P52306-2;P52306-3;P52306-4;P52306-5;P52306-6	GDS1_HUMAN	RAP1GDS1	Rap1 GTPase-GDP dissociation stimulator 1	1.22757e+06
P52429	P52429	DGKE_HUMAN	DGKE	Diacylglycerol kinase epsilon	35721
P52434	P52434;P52434-3;P52434-4	RPAB3_HUMAN	POLR2H	DNA-directed RNA polymerases I, II, and III subunit RPABC3	1.18376e+06
P52435;Q9GZM3;Q9H1A7	P52435;Q9GZM3;Q9H1A7	RPB11_HUMAN;RPB1B_HUMAN;RPB1C_HUMAN	POLR2J;POLR2J2;POLR2J3	DNA-directed RNA polymerase II subunit RPB11-a	77694
P52564	P52564;P52564-2	MP2K6_HUMAN	MAP2K6	Dual specificity mitogen-activated protein kinase kinase 6	486323
P52565	P52565;P52565-2	GDIR1_HUMAN	ARHGDIA	Rho GDP-dissociation inhibitor 1	5.67495e+06
P52569;P52569-2;P52569-3	P52569;P52569-2;P52569-3	CTR2_HUMAN	SLC7A2	Cationic amino acid transporter 2	535117
P52594;P52594-2;P52594-3;P52594-4	P52594;P52594-2;P52594-3;P52594-4	AGFG1_HUMAN	AGFG1	Arf-GAP domain and FG repeat-containing protein 1	765173
P52597	P52597	HNRPF_HUMAN	HNRNPF	Heterogeneous nuclear ribonucleoprotein F	6.37934e+06
P52630;P52630-4	P52630;P52630-4	STAT2_HUMAN	STAT2	Signal transducer and activator of transcription 2	1.12299e+06
P52655	P52655	TF2AA_HUMAN	GTF2A1	Transcription initiation factor IIA subunit 1	63873
P52657	P52657	T2AG_HUMAN	GTF2A2	Transcription initiation factor IIA subunit 2	38006
P52701	P52701;P52701-2;P52701-3;P52701-4	MSH6_HUMAN	MSH6	DNA mismatch repair protein Msh6	4.8413e+06
P52732	P52732	KIF11_HUMAN	KIF11	Kinesin-like protein KIF11	1.05214e+06
P52735;P52735-2;P52735-3	P52735;P52735-2;P52735-3	VAV2_HUMAN	VAV2	Guanine nucleotide exchange factor VAV2	698220
P52747;P52747-2;P52747-3	P52747;P52747-2;P52747-3	ZN143_HUMAN	ZNF143	Zinc finger protein 143	25036
P52756	P52756;P52756-2;P52756-3;P52756-4;P52756-5	RBM5_HUMAN	RBM5	RNA-binding protein 5	324551
P52756;P98175;P98175-2;P98175-5	P98175;P98175-2;P98175-3;P98175-4;P98175-5;P52756	RBM10_HUMAN;RBM5_HUMAN	RBM10;RBM5	RNA-binding protein 5	57145
P52758	P52758	RIDA_HUMAN	RIDA	2-iminobutanoate/2-iminopropanoate deaminase	514259
P52788	P52788;P52788-2	SPSY_HUMAN	SMS	Spermine synthase	2.45387e+06
P52789	P52789	HXK2_HUMAN	HK2	Hexokinase-2	1.65476e+06
P52815	P52815	RM12_HUMAN	MRPL12	39S ribosomal protein L12, mitochondrial	1.92681e+06
P52888	P52888	THOP1_HUMAN	THOP1	Thimet oligopeptidase	3.61308e+06
P52895	P52895;P52895-2;Q04828	AK1C2_HUMAN	AKR1C2	Aldo-keto reductase family 1 member C2	256774
P52907	P52907	CAZA1_HUMAN	CAPZA1	F-actin-capping protein subunit alpha-1	4.8119e+06
P52926;P52926-2;P52926-3;P52926-4;P52926-5;P52926-6	P52926;P52926-2;P52926-3;P52926-4;P52926-5;P52926-6	HMGA2_HUMAN	HMGA2	High mobility group protein HMGI-C	7144
P52943;P52943-2	P52943;P52943-2	CRIP2_HUMAN	CRIP2	Cysteine-rich protein 2	1.14563e+06
P52948;P52948-5	P52948;P52948-2;P52948-5;P52948-6	NUP98_HUMAN	NUP98	Nuclear pore complex protein Nup98-Nup96	8.97546e+06
P53004	P53004	BIEA_HUMAN	BLVRA	Biliverdin reductase A	1.32485e+06
P53007	P53007	TXTP_HUMAN	SLC25A1	Tricarboxylate transport protein, mitochondrial	1.23257e+06
P53041	P53041	PPP5_HUMAN	PPP5C	Serine/threonine-protein phosphatase 5	1.01515e+06
P53350	P53350	PLK1_HUMAN	PLK1	Serine/threonine-protein kinase PLK1	170902
P53355;P53355-3;P53355-4	P53355;P53355-3;P53355-4	DAPK1_HUMAN	DAPK1	Death-associated protein kinase 1	362422
P53365	P53365;P53365-3	ARFP2_HUMAN	ARFIP2	Arfaptin-2	315660
P53367	P53367;P53367-2;P53367-3	ARFP1_HUMAN	ARFIP1	Arfaptin-1	730057
P53384;P53384-2	P53384;P53384-2	NUBP1_HUMAN	NUBP1	Cytosolic Fe-S cluster assembly factor NUBP1	260849
P53396	P53396;P53396-2;P53396-3	ACLY_HUMAN	ACLY	ATP-citrate synthase	9.2919e+06
P53539;P53539-10;P53539-3;P53539-4;P53539-7	P53539;P53539-3;P53539-4;P53539-7;P53539-10	FOSB_HUMAN	FOSB	Protein fosB	45609
P53582	P53582	MAP11_HUMAN	METAP1	Methionine aminopeptidase 1	1.44014e+06
P53597	P53597	SUCA_HUMAN	SUCLG1	Succinate--CoA ligase [ADP/GDP-forming] subunit alpha, mitochondrial	1.63001e+06
P53602	P53602	MVD1_HUMAN	MVD	Diphosphomevalonate decarboxylase	375999
P53609;P53609-2	P53609;P53609-2	PGTB1_HUMAN	PGGT1B	Geranylgeranyl transferase type-1 subunit beta	308757
P53611	P53611	PGTB2_HUMAN	RABGGTB	Geranylgeranyl transferase type-2 subunit beta	434801
P53618	P53618	COPB_HUMAN	COPB1	Coatomer subunit beta	6.18089e+06
P53621	P53621;P53621-2	COPA_HUMAN	COPA	Coatomer subunit alpha	9.69434e+06
P53634	P53634	CATC_HUMAN	CTSC	Dipeptidyl peptidase 1	574002
P53667;P53667-2;P53667-4	P53667;P53667-2;P53667-4	LIMK1_HUMAN	LIMK1	LIM domain kinase 1	1.53464e+06
P53671-3	P53671;P53671-2;P53671-3	LIMK2_HUMAN	LIMK2	Isoform 3 of LIM domain kinase 2	152254
P53671-3;Q96C90	P53671-3;Q96C90	LIMK2_HUMAN;PP14B_HUMAN	LIMK2;PPP1R14B	Isoform 3 of LIM domain kinase 2	61266
P53677	P53677;P53677-2	AP3M2_HUMAN	AP3M2	AP-3 complex subunit mu-2	828751
P53677;Q9Y2T2	Q9Y2T2;P53677	AP3M1_HUMAN;AP3M2_HUMAN	AP3M1;AP3M2	AP-3 complex subunit mu-2	114025
P53680	P53680;P53680-2	AP2S1_HUMAN	AP2S1	AP-2 complex subunit sigma	164341
P53701	P53701	CCHL_HUMAN	HCCS	Cytochrome c-type heme lyase	1.68151e+06
P53778;P53778-2	P53778;P53778-2	MK12_HUMAN	MAPK12	Mitogen-activated protein kinase 12	52811
P53779;P53779-2;P53779-3	P53779;P53779-2;P53779-3	MK10_HUMAN	MAPK10	Mitogen-activated protein kinase 10	64931
P53804;P53804-2;P53804-3	P53804;P53804-2;P53804-3	TTC3_HUMAN	TTC3	E3 ubiquitin-protein ligase TTC3	1.75244e+06
P53985	P53985;P53985-2	MOT1_HUMAN	SLC16A1	Monocarboxylate transporter 1	1.55454e+06
P53990;P53990-2;P53990-4;P53990-5	P53990;P53990-2;P53990-5;P53990-4;P53990-3	IST1_HUMAN	IST1	IST1 homolog	448172
P53992	P53992	SC24C_HUMAN	SEC24C	Protein transport protein Sec24C	3.38183e+06
P53999	P53999	TCP4_HUMAN	SUB1	Activated RNA polymerase II transcriptional coactivator p15	8.51432e+06
P54098	P54098	DPOG1_HUMAN	POLG	DNA polymerase subunit gamma-1	452902
P54105	P54105	ICLN_HUMAN	CLNS1A	Methylosome subunit pICln	1.32406e+06
P54132	P54132	BLM_HUMAN	BLM	Bloom syndrome protein	615944
P54136	P54136;P54136-2	SYRC_HUMAN	RARS1	Arginine--tRNA ligase, cytoplasmic	1.11437e+07
P54198	P54198;P54198-2	HIRA_HUMAN	HIRA	Protein HIRA	3.00599e+06
P54252;P54252-1;P54252-4	P54252;P54252-1;P54252-3;P54252-4;P54252-5	ATX3_HUMAN	ATXN3	Ataxin-3	172921
P54253	P54253	ATX1_HUMAN	ATXN1	Ataxin-1	24268
P54274;P54274-2	P54274;P54274-2	TERF1_HUMAN	TERF1	Telomeric repeat-binding factor 1	8519
P54277;P54277-2;P54277-3	P54277;P54277-2;P54277-3;P54277-4	PMS1_HUMAN	PMS1	PMS1 protein homolog 1	163442
P54278	P54278	PMS2_HUMAN	PMS2	Mismatch repair endonuclease PMS2	370987
P54278;Q13670	Q13401;Q13401-2;P54278;P54278-2;P54278-3;P54278-4;A4D2B8;A4D2B8-2;A4D2B8-3;Q13670	PM2PB_HUMAN;PMS2_HUMAN	PMS2;PMS2P11	Mismatch repair endonuclease PMS2	37346
P54284;P54284-2;P54284-3;P54284-4;P54284-5	P54284;P54284-2;P54284-3;P54284-4;P54284-5	CACB3_HUMAN	CACNB3	Voltage-dependent L-type calcium channel subunit beta-3	85250
P54289;P54289-2;P54289-3;P54289-4;P54289-5	P54289;P54289-2;P54289-3;P54289-4;P54289-5	CA2D1_HUMAN	CACNA2D1	Voltage-dependent calcium channel subunit alpha-2/delta-1	967200
P54296	P54296	MYOM2_HUMAN	MYOM2	Myomesin-2	227355
P54577	P54577	SYYC_HUMAN	YARS1	Tyrosine--tRNA ligase, cytoplasmic	1.10827e+07
P54578	P54578;P54578-2;P54578-3	UBP14_HUMAN	USP14	Ubiquitin carboxyl-terminal hydrolase 14	3.55125e+06
P54619;P54619-2;P54619-3	P54619;P54619-2;P54619-3	AAKG1_HUMAN	PRKAG1	5'-AMP-activated protein kinase subunit gamma-1	801048
P54646	P54646	AAPK2_HUMAN	PRKAA2	5'-AMP-activated protein kinase catalytic subunit alpha-2	65158
P54646;Q13131;Q13131-2	Q13131;Q13131-2;P54646	AAPK1_HUMAN;AAPK2_HUMAN	PRKAA1;PRKAA2	5'-AMP-activated protein kinase catalytic subunit alpha-2	367372
P54652	P54652	HSP72_HUMAN	HSPA2	Heat shock-related 70 kDa protein 2	861020
P54707;P54707-2	P54707;P54707-2	AT12A_HUMAN	ATP12A	Potassium-transporting ATPase alpha chain 2	17710
P54709	P54709;P54709-2	AT1B3_HUMAN	ATP1B3	Sodium/potassium-transporting ATPase subunit beta-3	3.1044e+06
P54725;P54725-2;P54725-3	P54725;P54725-2;P54725-3	RD23A_HUMAN	RAD23A	UV excision repair protein RAD23 homolog A	459375
P54725;P54725-2;P54725-3;P54727	P54727;P54725;P54725-2;P54725-3	RD23A_HUMAN;RD23B_HUMAN	RAD23A;RAD23B	UV excision repair protein RAD23 homolog A	367809
P54727	P54727	RD23B_HUMAN	RAD23B	UV excision repair protein RAD23 homolog B	2.75704e+06
P54760	P29322;P54760;P54756;P54756-2;P54756-3	EPHB4_HUMAN	EPHB4	Ephrin type-B receptor 4	234636
P54792;P54792-2	P54792;P54792-2	DVLP1_HUMAN	DVL1P1	Putative segment polarity protein dishevelled homolog DVL1P1	44389
P54802	P54802	ANAG_HUMAN	NAGLU	Alpha-N-acetylglucosaminidase	156630
P54819;P54819-2	P54819;P54819-2;P54819-3;P54819-4;P54819-5;P54819-6	KAD2_HUMAN	AK2	Adenylate kinase 2, mitochondrial	5.0059e+06
P54840	P54840	GYS2_HUMAN	GYS2	Glycogen [starch] synthase, liver	127537
P54886	P54886;P54886-2	P5CS_HUMAN	ALDH18A1	Delta-1-pyrroline-5-carboxylate synthase	4.57491e+06
P54920	P54920	SNAA_HUMAN	NAPA	Alpha-soluble NSF attachment protein	1.28699e+06
P55010	P55010	IF5_HUMAN	EIF5	Eukaryotic translation initiation factor 5	3.3196e+06
P55011;P55011-3	P55011;P55011-3	S12A2_HUMAN	SLC12A2	Solute carrier family 12 member 2	748282
P55036	P55036;P55036-2;A2A3N6	PSMD4_HUMAN	PSMD4	26S proteasome non-ATPase regulatory subunit 4	3.98579e+06
P55039	P55039	DRG2_HUMAN	DRG2	Developmentally-regulated GTP-binding protein 2	613962
P55055	P55055;P55055-2	NR1H2_HUMAN	NR1H2	Oxysterols receptor LXR-beta	57127
P55058;P55058-2;P55058-3;P55058-4	P55058;P55058-2;P55058-3;P55058-4	PLTP_HUMAN	PLTP	Phospholipid transfer protein	415867
P55060;P55060-3	P55060;P55060-3;P55060-4	XPO2_HUMAN	CSE1L	Exportin-2	2.10036e+07
P55061;P55061-2	P55061;P55061-2	BI1_HUMAN	TMBIM6	Bax inhibitor 1	128464
P55072	P55072	TERA_HUMAN	VCP	Transitional endoplasmic reticulum ATPase	3.47049e+07
P55081	P55081	MFAP1_HUMAN	MFAP1	Microfibrillar-associated protein 1	627257
P55084;P55084-2	P55084;P55084-2	ECHB_HUMAN	HADHB	Trifunctional enzyme subunit beta, mitochondrial	4.8743e+06
P55145	P55145	MANF_HUMAN	MANF	Mesencephalic astrocyte-derived neurotrophic factor	1.70503e+06
P55196;P55196-5	P55196;P55196-2;P55196-1;P55196-3;P55196-6;P55196-5	AFAD_HUMAN	AFDN	Afadin	720186
P55197;P55197-1	P55197;P55197-1	AF10_HUMAN	MLLT10	Protein AF-10	241464
P55198	P55198	AF17_HUMAN	MLLT6	Protein AF-17	15096
P55199	P55199	ELL_HUMAN	ELL	RNA polymerase II elongation factor ELL	50460
P55201;P55201-2;P55201-3;P55201-4	P55201;P55201-2;P55201-3;P55201-4	BRPF1_HUMAN	BRPF1	Peregrin	400865
P55209;P55209-2	P55209;P55209-2	NP1L1_HUMAN	NAP1L1	Nucleosome assembly protein 1-like 1	4.15353e+06
P55209;P55209-2;Q99733;Q99733-2	Q99733;Q99733-2;P55209;P55209-2;P55209-3	NP1L1_HUMAN;NP1L4_HUMAN	NAP1L1;NAP1L4	Nucleosome assembly protein 1-like 1	801808
P55210;P55210-3;P55210-4	P55210;P55210-2;P55210-3;P55210-4	CASP7_HUMAN	CASP7	Caspase-7	342830
P55211;P55211-4	P55211;P55211-2;P55211-4	CASP9_HUMAN	CASP9	Caspase-9	112969
P55212	P55212;P55212-2	CASP6_HUMAN	CASP6	Caspase-6	91391
P55263	P55263;P55263-2;P55263-3	ADK_HUMAN	ADK	Adenosine kinase	2.01968e+06
P55265;P55265-4	P55265;P55265-2;P55265-3;P55265-4;P55265-5	DSRAD_HUMAN	ADAR	Double-stranded RNA-specific adenosine deaminase	6.84273e+06
P55268	P55268	LAMB2_HUMAN	LAMB2	Laminin subunit beta-2	267253
P55273	P55273	CDN2D_HUMAN	CDKN2D	Cyclin-dependent kinase 4 inhibitor D	33429
P55287;P55287-2;Q9Y6N8	Q9Y6N8;P55287;P55287-2	CAD10_HUMAN;CAD11_HUMAN	CDH10;CDH11	Cadherin-11	60445
P55327;P55327-2;P55327-3;P55327-4;P55327-5;P55327-6;P55327-7	P55327;P55327-2;P55327-3;P55327-4;P55327-5;P55327-6;P55327-7	TPD52_HUMAN	TPD52	Tumor protein D52	2.03961e+06
P55347;P55347-2	P55347;P55347-2	PKNX1_HUMAN	PKNOX1	Homeobox protein PKNOX1	39078
P55735;P55735-2;P55735-3;P55735-4	P55735;P55735-2;P55735-3;P55735-4	SEC13_HUMAN	SEC13	Protein SEC13 homolog	2.49691e+06
P55769	P55769	NH2L1_HUMAN	SNU13	NHP2-like protein 1	3.53065e+06
P55786	P55786;P55786-2;A6NEC2	PSA_HUMAN	NPEPPS	Puromycin-sensitive aminopeptidase	7.29352e+06
P55789	P55789	ALR_HUMAN	GFER	FAD-linked sulfhydryl oxidase ALR	33766
P55795	P55795	HNRH2_HUMAN	HNRNPH2	Heterogeneous nuclear ribonucleoprotein H2	2.92326e+06
P55809	Q9BYC2;P55809;P55809-2	SCOT1_HUMAN	OXCT1	Succinyl-CoA:3-ketoacid coenzyme A transferase 1, mitochondrial	3.71417e+06
P55854;P55854-2	P55854;P55854-2	SUMO3_HUMAN	SUMO3	Small ubiquitin-related modifier 3	162206
P55854;P55854-2;P61956;P61956-2	P61956;P61956-2;P55854;P55854-2	SUMO2_HUMAN;SUMO3_HUMAN	SUMO2;SUMO3	Small ubiquitin-related modifier 3	280381
P55854;P55854-2;P61956;P61956-2;Q6EEV6	Q6EEV6;P61956;P61956-2;P55854;P55854-2	SUMO2_HUMAN;SUMO3_HUMAN;SUMO4_HUMAN	SUMO2;SUMO3;SUMO4	Small ubiquitin-related modifier 3	774667
P55884;P55884-2	P55884;P55884-2	EIF3B_HUMAN	EIF3B	Eukaryotic translation initiation factor 3 subunit B	8.00695e+06
P55957;P55957-2	P55957;P55957-2;P55957-4	BID_HUMAN	BID	BH3-interacting domain death agonist	500489
P56134;P56134-2;P56134-3;P56134-4	P56134;P56134-2;P56134-3;P56134-4	ATPK_HUMAN	ATP5MF	ATP synthase subunit f, mitochondrial	1.31805e+06
P56159;P56159-2	P56159;P56159-2	GFRA1_HUMAN	GFRA1	GDNF family receptor alpha-1	551651
P56181	P56181	NDUV3_HUMAN	NDUFV3	NADH dehydrogenase [ubiquinone] flavoprotein 3, mitochondrial	31657
P56182	P56182	RRP1_HUMAN	RRP1	Ribosomal RNA processing protein 1 homolog A	2.20248e+06
P56192	P56192;P56192-2	SYMC_HUMAN	MARS1	Methionine--tRNA ligase, cytoplasmic	6.98446e+06
P56199	P56199	ITA1_HUMAN	ITGA1	Integrin alpha-1	2.03622e+06
P56211;P56211-2	P56211;P56211-2	ARP19_HUMAN	ARPP19	cAMP-regulated phosphoprotein 19	906141
P56270;P56270-2;P56270-3	P56270;P56270-2;P56270-3	MAZ_HUMAN	MAZ	Myc-associated zinc finger protein	50210
P56270;P56270-2;P56270-3;Q14119;Q9HBE1;Q9HBE1-2;Q9HBE1-3	Q14119;P56270;P56270-2;P56270-3;Q9HBE1;Q9HBE1-2;Q9HBE1-3;Q9HBE1-4	MAZ_HUMAN;PATZ1_HUMAN;VEZF1_HUMAN	MAZ;PATZ1;VEZF1	Myc-associated zinc finger protein	178349
P56270;P56270-2;P56270-3;Q9HBE1;Q9HBE1-2;Q9HBE1-3	P56270;P56270-2;P56270-3;Q9HBE1;Q9HBE1-2;Q9HBE1-3;Q9HBE1-4	MAZ_HUMAN;PATZ1_HUMAN	MAZ;PATZ1	Myc-associated zinc finger protein	89849
P56277	P56277	CMC4_HUMAN	CMC4	Cx9C motif-containing protein 4	24403
P56282;P56282-2;P56282-3	P56282;P56282-2;P56282-3	DPOE2_HUMAN	POLE2	DNA polymerase epsilon subunit 2	203570
P56377	P56377;P56377-2	AP1S2_HUMAN	AP1S2	AP-1 complex subunit sigma-2	96798
P56377;P61966	P56377;P56377-2;P61966;P61966-2	AP1S1_HUMAN;AP1S2_HUMAN	AP1S1;AP1S2	AP-1 complex subunit sigma-2	46946
P56377;P61966;Q96PC3;Q96PC3-2;Q96PC3-3;Q96PC3-4	P56377;P56377-2;P61966;P61966-2;Q96PC3;Q96PC3-2;Q96PC3-4;Q96PC3-3	AP1S1_HUMAN;AP1S2_HUMAN;AP1S3_HUMAN	AP1S1;AP1S2;AP1S3	AP-1 complex subunit sigma-2	128808
P56378	P56378	ATP68_HUMAN	ATP5MPL	ATP synthase subunit ATP5MPL, mitochondrial	263160
P56381;Q5VTU8	Q5VTU8;P56381	AT5EL_HUMAN;ATP5E_HUMAN	ATP5F1E;ATP5F1EP2	ATP synthase subunit epsilon, mitochondrial	385741
P56385	P56385	ATP5I_HUMAN	ATP5ME	ATP synthase subunit e, mitochondrial	761246
P56524	P56524;P56524-2	HDAC4_HUMAN	HDAC4	Histone deacetylase 4	888373
P56537	P56537;P56537-2	IF6_HUMAN	EIF6	Eukaryotic translation initiation factor 6	7.24474e+06
P56545;P56545-2;P56545-3	P56545;P56545-2;P56545-3	CTBP2_HUMAN	CTBP2	C-terminal-binding protein 2	1.13478e+06
P56545;P56545-2;P56545-3;Q13363;Q13363-2	P56545;P56545-2;P56545-3;Q13363;Q13363-2	CTBP1_HUMAN;CTBP2_HUMAN	CTBP1;CTBP2	C-terminal-binding protein 2	882223
P56556	P56556	NDUA6_HUMAN	NDUFA6	NADH dehydrogenase [ubiquinone] 1 alpha subcomplex subunit 6	399527
P56589	P56589	PEX3_HUMAN	PEX3	Peroxisomal biogenesis factor 3	275418
P56645;P56645-2	P56645;P56645-2	PER3_HUMAN	PER3	Period circadian protein homolog 3	240919
P56749	P56749	CLD12_HUMAN	CLDN12	Claudin-12	27756
P56937;P56937-2;P56937-3	P56937;P56937-2;P56937-3	DHB7_HUMAN	HSD17B7	3-keto-steroid reductase	102660
P56945;P56945-2;P56945-3;P56945-5;P56945-6;P56945-7;P56945-8	P56945;P56945-2;P56945-3;P56945-4;P56945-5;P56945-6;P56945-7;P56945-8	BCAR1_HUMAN	BCAR1	Breast cancer anti-estrogen resistance protein 1	163169
P56962	P56962	STX17_HUMAN	STX17	Syntaxin-17	117081
P57071;P57071-2;P57071-3;P57071-5;P57071-6	P57071;P57071-2;P57071-3;P57071-5;P57071-6	PRD15_HUMAN	PRDM15	PR domain zinc finger protein 15	285535
P57076	P57076	CF298_HUMAN	CFAP298	Cilia- and flagella-associated protein 298	372439
P57081;P57081-2	P57081;P57081-2	WDR4_HUMAN	WDR4	tRNA (guanine-N(7)-)-methyltransferase non-catalytic subunit WDR4	739543
P57088	P57088	TMM33_HUMAN	TMEM33	Transmembrane protein 33	1.16709e+06
P57105	P57105	SYJ2B_HUMAN	SYNJ2BP	Synaptojanin-2-binding protein	943963
P57678	P57678	GEMI4_HUMAN	GEMIN4	Gem-associated protein 4	1.32576e+06
P57737-3	P57737;P57737-2;P57737-3;P57737-4	CORO7_HUMAN	CORO7	Isoform 3 of Coronin-7	934846
P57740	P57740;P57740-2;P57740-3	NU107_HUMAN	NUP107	Nuclear pore complex protein Nup107	2.45208e+06
P57764	P57764	GSDMD_HUMAN	GSDMD	Gasdermin-D	458348
P57772	P57772	SELB_HUMAN	EEFSEC	Selenocysteine-specific elongation factor	956006
P58004	P58004;P58005;P58005-4	SESN2_HUMAN	SESN2	Sestrin-2	164991
P58107	P58107	EPIPL_HUMAN	EPPK1	Epiplakin	2.8751e+06
P58107;Q15149	P58107;Q15149;Q15149-2;Q15149-3;Q15149-4;Q15149-5;Q15149-6;Q15149-7;Q15149-8;Q15149-9	EPIPL_HUMAN;PLEC_HUMAN	EPPK1;PLEC	Epiplakin	3.54e+06
P58546	P58546	MTPN_HUMAN	MTPN	Myotrophin	1.92365e+06
P58557	P58557	YBEY_HUMAN	YBEY	Endoribonuclease YbeY	169994
P59074	P59074	CHM4P_HUMAN	CHMP4BP1	Putative charged multivesicular body protein 4B-like protein CHMP4BP1	100910
P59074;Q9H444	Q9H444;P59074	CHM4B_HUMAN;CHM4P_HUMAN	CHMP4B;CHMP4BP1	Putative charged multivesicular body protein 4B-like protein CHMP4BP1	83174
P59190;P59190-2	P59190;P59190-2	RAB15_HUMAN	RAB15	Ras-related protein Rab-15	3.00841e+06
P59780	P59780;P59780-2	AP3S2_HUMAN	AP3S2	AP-3 complex subunit sigma-2	34295
P59780;Q7Z6K5-2	P59780;Q7Z6K5-2	AP3S2_HUMAN;ARPIN_HUMAN	AP3S2;ARPIN	AP-3 complex subunit sigma-2	46478
P59998;P59998-3	P59998;P59998-2;P59998-3	ARPC4_HUMAN	ARPC4	Actin-related protein 2/3 complex subunit 4	1.63978e+06
P60033	P60033	CD81_HUMAN	CD81	CD81 antigen	412468
P60059	P60059	SC61G_HUMAN	SEC61G	Protein transport protein Sec61 subunit gamma	48079
P60174;P60174-1	P60174;P60174-1;P60174-4	TPIS_HUMAN	TPI1	Triosephosphate isomerase	2.49919e+07
P60228	P60228	EIF3E_HUMAN	EIF3E	Eukaryotic translation initiation factor 3 subunit E	5.65493e+06
P60468	P60468	SC61B_HUMAN	SEC61B	Protein transport protein Sec61 subunit beta	1.44171e+06
P60484;P60484-2	P60484;P60484-2	PTEN_HUMAN	PTEN	Phosphatidylinositol 3,4,5-trisphosphate 3-phosphatase and dual-specificity protein phosphatase PTEN	344731
P60510	P60510	PP4C_HUMAN	PPP4C	Serine/threonine-protein phosphatase 4 catalytic subunit	514591
P60510;P62714;P67775	P67775;P67775-2;P62714;P60510	PP2AA_HUMAN;PP2AB_HUMAN;PP4C_HUMAN	PPP2CA;PPP2CB;PPP4C	Serine/threonine-protein phosphatase 4 catalytic subunit	308378
P60520	P60520	GBRL2_HUMAN	GABARAPL2	Gamma-aminobutyric acid receptor-associated protein-like 2	184389
P60604;P60604-2	P60604;P60604-2	UB2G2_HUMAN	UBE2G2	Ubiquitin-conjugating enzyme E2 G2	235193
P60660;P60660-2	P60660;P60660-2	MYL6_HUMAN	MYL6	Myosin light polypeptide 6	5.09922e+06
P60673	P60673	PROF3_HUMAN	PFN3	Profilin-3	108543
P60709;P63261	P60709;P63261	ACTB_HUMAN;ACTG_HUMAN	ACTB;ACTG1	Actin, cytoplasmic 1	1.78064e+07
P60842	P60842;P60842-2	IF4A1_HUMAN	EIF4A1	Eukaryotic initiation factor 4A-I	1.47827e+07
P60842;Q14240;Q14240-2	Q14240;Q14240-2;P60842	IF4A1_HUMAN;IF4A2_HUMAN	EIF4A1;EIF4A2	Eukaryotic initiation factor 4A-I	1.14772e+07
P60852	P60852	ZP1_HUMAN	ZP1	Zona pellucida sperm-binding protein 1	61086
P60866;P60866-2	P60866;P60866-2	RS20_HUMAN	RPS20	40S ribosomal protein S20	5.2843e+06
P60891	P11908;P60891;P60891-2	PRPS1_HUMAN	PRPS1	Ribose-phosphate pyrophosphokinase 1	2.12963e+06
P60900	P60900;P60900-2;P60900-3	PSA6_HUMAN	PSMA6	Proteasome subunit alpha type-6	4.71445e+06
P60903	P60903	S10AA_HUMAN	S100A10	Protein S100-A10	2.09848e+06
P60953	P60953	CDC42_HUMAN	CDC42	Cell division control protein 42 homolog	2.26556e+06
P60981	P60981;P60981-2	DEST_HUMAN	DSTN	Destrin	3.03999e+06
P60983	P60983	GMFB_HUMAN	GMFB	Glia maturation factor beta	407008
P61006	P61006;P61006-2	RAB8A_HUMAN	RAB8A	Ras-related protein Rab-8A	1.22859e+06
P61006;Q92930	Q92930;P61006;P61006-2	RAB8A_HUMAN;RAB8B_HUMAN	RAB8A;RAB8B	Ras-related protein Rab-8A	413909
P61009	P61009	SPCS3_HUMAN	SPCS3	Signal peptidase complex subunit 3	1.46326e+06
P61011	P61011;P61011-2	SRP54_HUMAN	SRP54	Signal recognition particle 54 kDa protein	1.72904e+06
P61018;P61018-2	P61018;P61018-2	RAB4B_HUMAN	RAB4B	Ras-related protein Rab-4B	50663
P61019	P61019;P61019-2	RAB2A_HUMAN	RAB2A	Ras-related protein Rab-2A	2.42193e+06
P61019;Q8WUD1	P61019;Q8WUD1	RAB2A_HUMAN;RAB2B_HUMAN	RAB2A;RAB2B	Ras-related protein Rab-2A	1.1206e+06
P61020	P61020;P61020-2	RAB5B_HUMAN	RAB5B	Ras-related protein Rab-5B	499844
P61024	P61024	CKS1_HUMAN	CKS1B	Cyclin-dependent kinases regulatory subunit 1	226099
P61026	P61026	RAB10_HUMAN	RAB10	Ras-related protein Rab-10	1.10579e+06
P61073;P61073-2	P61073;P61073-2	CXCR4_HUMAN	CXCR4	C-X-C chemokine receptor type 4	169741
P61077;P61077-2;P61077-3;P62837;P62837-2	P61077;P61077-2;P61077-3;P62837;P62837-2	UB2D2_HUMAN;UB2D3_HUMAN	UBE2D2;UBE2D3	Ubiquitin-conjugating enzyme E2 D3	953806
P61081	P61081	UBC12_HUMAN	UBE2M	NEDD8-conjugating enzyme Ubc12	4.62815e+06
P61086	P61086;P61086-3	UBE2K_HUMAN	UBE2K	Ubiquitin-conjugating enzyme E2 K	1.91109e+06
P61088	P61088	UBE2N_HUMAN	UBE2N	Ubiquitin-conjugating enzyme E2 N	5.92476e+06
P61106	P61106	RAB14_HUMAN	RAB14	Ras-related protein Rab-14	6.60724e+06
P61129	P61129	ZC3H6_HUMAN	ZC3H6	Zinc finger CCCH domain-containing protein 6	76564
P61158	P61158	ARP3_HUMAN	ACTR3	Actin-related protein 3	3.78398e+06
P61158;Q9P1U1;Q9P1U1-2	P61158;Q9P1U1;Q9P1U1-2	ARP3B_HUMAN;ARP3_HUMAN	ACTR3;ACTR3B	Actin-related protein 3	675584
P61160	P61160;P61160-2	ARP2_HUMAN	ACTR2	Actin-related protein 2	7.68325e+06
P61163	P61163	ACTZ_HUMAN	ACTR1A	Alpha-centractin	933267
P61201;P61201-2	P61201;P61201-2	CSN2_HUMAN	COPS2	COP9 signalosome complex subunit 2	3.89166e+06
P61221	P61221	ABCE1_HUMAN	ABCE1	ATP-binding cassette sub-family E member 1	3.65743e+06
P61224	P61224;P61224-2;P61224-3;P61224-4;A6NIZ1	RAP1B_HUMAN	RAP1B	Ras-related protein Rap-1b	1.23264e+06
P61224;P62834	P62834;P61224;P61224-2;P61224-3	RAP1A_HUMAN;RAP1B_HUMAN	RAP1A;RAP1B	Ras-related protein Rap-1b	1.86057e+06
P61225	P61225	RAP2B_HUMAN	RAP2B	Ras-related protein Rap-2b	164777
P61244;P61244-2	P61244;P61244-2	MAX_HUMAN	MAX	Protein max	256065
P61247	P61247	RS3A_HUMAN	RPS3A	40S ribosomal protein S3a	2.41361e+07
P61254	P61254	RL26_HUMAN	RPL26	60S ribosomal protein L26	1.1987e+06
P61254;Q2PPJ7;Q2PPJ7-2;Q2PPJ7-3;Q9UNX3	Q2PPJ7;Q2PPJ7-2;Q2PPJ7-3;P61254;Q9UNX3	RGPA2_HUMAN;RL26L_HUMAN;RL26_HUMAN	RALGAPA2;RPL26;RPL26L1	60S ribosomal protein L26	160053
P61254;Q9UNX3	P61254;Q9UNX3	RL26L_HUMAN;RL26_HUMAN	RPL26;RPL26L1	60S ribosomal protein L26	3.34899e+06
P61289;P61289-2;P61289-3	P61289;P61289-2;P61289-3	PSME3_HUMAN	PSME3	Proteasome activator complex subunit 3	4.1687e+06
P61313	P61313;P61313-2	RL15_HUMAN	RPL15	60S ribosomal protein L15	1.48832e+07
P61326;Q96A72	Q96A72;P61326;P61326-2	MGN2_HUMAN;MGN_HUMAN	MAGOH;MAGOHB	Protein mago nashi homolog	1.69311e+06
P61353	P61353	RL27_HUMAN	RPL27	60S ribosomal protein L27	7.45038e+06
P61421	P61421	VA0D1_HUMAN	ATP6V0D1	V-type proton ATPase subunit d 1	740125
P61457	P61457	PHS_HUMAN	PCBD1	Pterin-4-alpha-carbinolamine dehydratase	778347
P61513	P61513	RL37A_HUMAN	RPL37A	60S ribosomal protein L37a	1.64827e+06
P61586	P61586	RHOA_HUMAN	RHOA	Transforming protein RhoA	363899
P61587	P61587	RND3_HUMAN	RND3	Rho-related GTP-binding protein RhoE	13539
P61599	P61599	NAA20_HUMAN	NAA20	N-alpha-acetyltransferase 20	375072
P61604	P61604	CH10_HUMAN	HSPE1	10 kDa heat shock protein, mitochondrial	1.6059e+07
P61619	P61619;P61619-3;Q9H9S3;Q9H9S3-2;Q9H9S3-3	S61A1_HUMAN	SEC61A1	Protein transport protein Sec61 subunit alpha isoform 1	2.47971e+06
P61758	P61758;P61758-2	PFD3_HUMAN	VBP1	Prefoldin subunit 3	1.75669e+06
P61764	P61764;P61764-2	STXB1_HUMAN	STXBP1	Syntaxin-binding protein 1	666644
P61769	P61769	B2MG_HUMAN	B2M	Beta-2-microglobulin	700594
P61803	P61803	DAD1_HUMAN	DAD1	Dolichyl-diphosphooligosaccharide--protein glycosyltransferase subunit DAD1	366561
P61916;P61916-2	P61916;P61916-2	NPC2_HUMAN	NPC2	NPC intracellular cholesterol transporter 2	157149
P61923;P61923-4	P61923;P61923-4;P61923-5	COPZ1_HUMAN	COPZ1	Coatomer subunit zeta-1	2.27032e+06
P61927	P61927	RL37_HUMAN	RPL37	60S ribosomal protein L37	399700
P61956;P61956-2	P61956;P61956-2	SUMO2_HUMAN	SUMO2	Small ubiquitin-related modifier 2	827482
P61960	P61960;P61960-2	UFM1_HUMAN	UFM1	Ubiquitin-fold modifier 1	882603
P61962	P61962	DCAF7_HUMAN	DCAF7	DDB1- and CUL4-associated factor 7	370421
P61964	P61964	WDR5_HUMAN	WDR5	WD repeat-containing protein 5	1.83963e+06
P61966	P61966;P61966-2	AP1S1_HUMAN	AP1S1	AP-1 complex subunit sigma-1A	261440
P61970	P61970	NTF2_HUMAN	NUTF2	Nuclear transport factor 2	3.30739e+06
P61978;P61978-2	P61978;P61978-2;P61978-3	HNRPK_HUMAN	HNRNPK	Heterogeneous nuclear ribonucleoprotein K	2.63909e+07
P61981	P61981	1433G_HUMAN	YWHAG	14-3-3 protein gamma	8.73856e+06
P62070;P62070-3;P62070-4	P62070;P62070-2;P62070-3;P62070-4	RRAS2_HUMAN	RRAS2	Ras-related protein R-Ras2	358909
P62072	P62072	TIM10_HUMAN	TIMM10	Mitochondrial import inner membrane translocase subunit Tim10	468380
P62081	P62081	RS7_HUMAN	RPS7	40S ribosomal protein S7	2.91903e+06
P62136	P62136;P62136-2;P62136-3	PP1A_HUMAN	PPP1CA	Serine/threonine-protein phosphatase PP1-alpha catalytic subunit	1.55685e+06
P62136;P62140	P62140;P62136;P62136-2;P62136-3	PP1A_HUMAN;PP1B_HUMAN	PPP1CA;PPP1CB	Serine/threonine-protein phosphatase PP1-alpha catalytic subunit	282878
P62140	P62140	PP1B_HUMAN	PPP1CB	Serine/threonine-protein phosphatase PP1-beta catalytic subunit	2.20852e+06
P62166	P62166;P62166-2	NCS1_HUMAN	NCS1	Neuronal calcium sensor 1	474644
P62191	P62191;P62191-2	PRS4_HUMAN	PSMC1	26S proteasome regulatory subunit 4	4.52083e+06
P62195;P62195-2	P62195;P62195-2	PRS8_HUMAN	PSMC5	26S proteasome regulatory subunit 8	4.52083e+06
P62195;P62195-2;Q8NB90;Q8NB90-2	P62195;P62195-2;Q8NB90;Q8NB90-2;Q8NB90-3	AFG2H_HUMAN;PRS8_HUMAN	PSMC5;SPATA5	26S proteasome regulatory subunit 8	280102
P62241	P62241	RS8_HUMAN	RPS8	40S ribosomal protein S8	1.67613e+07
P62244	P62244	RS15A_HUMAN	RPS15A	40S ribosomal protein S15a	1.09453e+07
P62249	P62249	RS16_HUMAN	RPS16	40S ribosomal protein S16	1.10475e+07
P62253	P62253	UB2G1_HUMAN	UBE2G1	Ubiquitin-conjugating enzyme E2 G1	130481
P62256	P62256;P62256-2;contaminant_UBIQUITIN05	UBE2H_HUMAN	UBE2H	Ubiquitin-conjugating enzyme E2 H	560779
P62258	P62258;P62258-2	1433E_HUMAN	YWHAE	14-3-3 protein epsilon	1.67233e+07
P62263	P62263	RS14_HUMAN	RPS14	40S ribosomal protein S14	1.09986e+07
P62266	P62266	RS23_HUMAN	RPS23	40S ribosomal protein S23	1.60826e+06
P62269	P62269	RS18_HUMAN	RPS18	40S ribosomal protein S18	1.3754e+07
P62273;P62273-2	P62273;P62273-2	RS29_HUMAN	RPS29	40S ribosomal protein S29	1.59716e+06
P62277	P62277	RS13_HUMAN	RPS13	40S ribosomal protein S13	5.6733e+06
P62280	P62280	RS11_HUMAN	RPS11	40S ribosomal protein S11	8.15708e+06
P62304	P62304	RUXE_HUMAN	SNRPE	Small nuclear ribonucleoprotein E	973505
P62306	P62306	RUXF_HUMAN	SNRPF	Small nuclear ribonucleoprotein F	1.23656e+06
P62310	P62310	LSM3_HUMAN	LSM3	U6 snRNA-associated Sm-like protein LSm3	372284
P62312	P62312	LSM6_HUMAN	LSM6	U6 snRNA-associated Sm-like protein LSm6	480560
P62314	P62314	SMD1_HUMAN	SNRPD1	Small nuclear ribonucleoprotein Sm D1	2.11537e+06
P62316	P62316	SMD2_HUMAN	SNRPD2	Small nuclear ribonucleoprotein Sm D2	5.79891e+06
P62318;P62318-2	P62318;P62318-2	SMD3_HUMAN	SNRPD3	Small nuclear ribonucleoprotein Sm D3	3.5846e+06
P62330	P62330	ARF6_HUMAN	ARF6	ADP-ribosylation factor 6	964954
P62330;P84077;P84085	P84077;P61204;P62330;P84085	ARF1_HUMAN;ARF5_HUMAN;ARF6_HUMAN	ARF1;ARF5;ARF6	ADP-ribosylation factor 6	838166
P62333	P62333	PRS10_HUMAN	PSMC6	26S proteasome regulatory subunit 10B	5.64694e+06
P62341	P62341	SELT_HUMAN	SELENOT	Thioredoxin reductase-like selenoprotein T	154981
P62380	P62380	TBPL1_HUMAN	TBPL1	TATA box-binding protein-like protein 1	25695
P62424	P62424	RL7A_HUMAN	RPL7A	60S ribosomal protein L7a	1.33335e+07
P62487	P62487	RPB7_HUMAN	POLR2G	DNA-directed RNA polymerase II subunit RPB7	428948
P62495	P62495;P62495-2	ERF1_HUMAN	ETF1	Eukaryotic peptide chain release factor subunit 1	4.77675e+06
P62633;P62633-2;P62633-4;P62633-5;P62633-6;P62633-8	P62633;P62633-2;P62633-3;P62633-4;P62633-5;P62633-6;P62633-7;P62633-8	CNBP_HUMAN	CNBP	Cellular nucleic acid-binding protein	2.14861e+06
P62699	P62699	YPEL5_HUMAN	YPEL5	Protein yippee-like 5	26599
P62701	Q8TD47;P62701	RS4X_HUMAN	RPS4X	40S ribosomal protein S4, X isoform	2.68874e+07
P62714	P62714	PP2AB_HUMAN	PPP2CB	Serine/threonine-protein phosphatase 2A catalytic subunit beta isoform	70997
P62714;P67775	P67775;P67775-2;P62714	PP2AA_HUMAN;PP2AB_HUMAN	PPP2CA;PPP2CB	Serine/threonine-protein phosphatase 2A catalytic subunit beta isoform	3.24038e+06
P62736;P63267;P63267-2;P68032	P62736;P68032;P63267;P63267-2	ACTA_HUMAN;ACTC_HUMAN;ACTH_HUMAN	ACTA2;ACTC1;ACTG2	Actin, aortic smooth muscle	426712
P62745	P62745	RHOB_HUMAN	RHOB	Rho-related GTP-binding protein RhoB	181351
P62750	P62750	RL23A_HUMAN	RPL23A	60S ribosomal protein L23a	9.21358e+06
P62753	P62753	RS6_HUMAN	RPS6	40S ribosomal protein S6	1.46624e+07
P62805	P62805	H4_HUMAN	H4C1	Histone H4	3.08163e+07
P62820	P62820;P62820-2;P62820-3	RAB1A_HUMAN	RAB1A	Ras-related protein Rab-1A	1.4135e+06
P62820;Q9H0U4	P62820;Q9H0U4	RAB1A_HUMAN;RAB1B_HUMAN	RAB1A;RAB1B	Ras-related protein Rab-1A	1.9731e+06
P62826	P62826	RAN_HUMAN	RAN	GTP-binding nuclear protein Ran	2.191e+07
P62829	P62829	RL23_HUMAN	RPL23	60S ribosomal protein L23	3.79873e+06
P62834	P62834	RAP1A_HUMAN	RAP1A	Ras-related protein Rap-1A	219630
P62841	P62841	RS15_HUMAN	RPS15	40S ribosomal protein S15	4.97027e+06
P62847;P62847-2;P62847-3;P62847-4	P62847;P62847-2;P62847-3;P62847-4	RS24_HUMAN	RPS24	40S ribosomal protein S24	5.16897e+06
P62851	P62851	RS25_HUMAN	RPS25	40S ribosomal protein S25	4.71933e+06
P62854	Q5JNZ5;P62854	RS26_HUMAN	RPS26	40S ribosomal protein S26	3.02586e+06
P62857	P62857	RS28_HUMAN	RPS28	40S ribosomal protein S28	3.69403e+06
P62861	P62861	RS30_HUMAN	FAU	40S ribosomal protein S30	1.50882e+06
P62873	P62873;P62873-2	GBB1_HUMAN	GNB1	Guanine nucleotide-binding protein G(I)/G(S)/G(T) subunit beta-1	1.07895e+06
P62873;P62879	P62879;P62879-2;P62873	GBB1_HUMAN;GBB2_HUMAN	GNB1;GNB2	Guanine nucleotide-binding protein G(I)/G(S)/G(T) subunit beta-1	652743
P62873;P62879;Q9HAV0	P62879;Q9HAV0;P62873;P62873-2;P16520;P16520-2	GBB1_HUMAN;GBB2_HUMAN;GBB4_HUMAN	GNB1;GNB2;GNB4	Guanine nucleotide-binding protein G(I)/G(S)/G(T) subunit beta-1	1.22743e+06
P62875	P62875	RPAB5_HUMAN	POLR2L	DNA-directed RNA polymerases I, II, and III subunit RPABC5	28082
P62877	P62877	RBX1_HUMAN	RBX1	E3 ubiquitin-protein ligase RBX1	305900
P62879	P62879;P62879-2	GBB2_HUMAN	GNB2	Guanine nucleotide-binding protein G(I)/G(S)/G(T) subunit beta-2	1.54749e+06
P62888	P62888	RL30_HUMAN	RPL30	60S ribosomal protein L30	7.14817e+06
P62891;Q59GN2	Q59GN2;P62891	R39L5_HUMAN;RL39_HUMAN	RPL39;RPL39P5	60S ribosomal protein L39	3.25246e+06
P62899;P62899-2;P62899-3	P62899;P62899-2;P62899-3	RL31_HUMAN	RPL31	60S ribosomal protein L31	5.99714e+06
P62906	P62906	RL10A_HUMAN	RPL10A	60S ribosomal protein L10a	7.41965e+06
P62910	P62910	RL32_HUMAN	RPL32	60S ribosomal protein L32	7.02347e+06
P62913;P62913-2	P62913;P62913-2	RL11_HUMAN	RPL11	60S ribosomal protein L11	6.4365e+06
P62917	P62917	RL8_HUMAN	RPL8	60S ribosomal protein L8	4.30371e+06
P62937	P62937	PPIA_HUMAN	PPIA	Peptidyl-prolyl cis-trans isomerase A	2.37427e+07
P62942	P62942	FKB1A_HUMAN	FKBP1A	Peptidyl-prolyl cis-trans isomerase FKBP1A	1.79478e+06
P62979	P62979	RS27A_HUMAN	RPS27A	Ubiquitin-40S ribosomal protein S27a	28791
P62979;P62987	P0CG47;P62987;P0CG48;P62979;contaminant_UBIQUITIN08	RL40_HUMAN;RS27A_HUMAN	RPS27A;UBA52	Ubiquitin-40S ribosomal protein S27a	1.84547e+07
P62987	P62987	RL40_HUMAN	UBA52	Ubiquitin-60S ribosomal protein L40	299274
P62993	P62993;P62993-2	GRB2_HUMAN	GRB2	Growth factor receptor-bound protein 2	1.6931e+06
P62995;P62995-3	P62995;P62995-3	TRA2B_HUMAN	TRA2B	Transformer-2 protein homolog beta	1.78018e+06
P62995;P62995-3;Q13595;Q13595-2;Q13595-3;Q13595-4	P62995;P62995-3;Q13595;Q13595-2;Q13595-3;Q13595-4	TRA2A_HUMAN;TRA2B_HUMAN	TRA2A;TRA2B	Transformer-2 protein homolog beta	272494
P63000;P63000-2	P15153;P63000;P63000-2;P60763	RAC1_HUMAN	RAC1	Ras-related C3 botulinum toxin substrate 1	5.80994e+06
P63010;P63010-2	P63010;P63010-2;P63010-3	AP2B1_HUMAN	AP2B1	AP-2 complex subunit beta	4.40329e+06
P63010;P63010-2;Q10567;Q10567-2	Q10567;Q10567-2;Q10567-3;Q10567-4;P63010;P63010-2;P63010-3	AP1B1_HUMAN;AP2B1_HUMAN	AP1B1;AP2B1	AP-2 complex subunit beta	4.96276e+06
P63027	P63027	VAMP2_HUMAN	VAMP2	Vesicle-associated membrane protein 2	40098
P63027;Q15836	Q15836;P63027;P23763;P23763-3;P23763-2	VAMP2_HUMAN;VAMP3_HUMAN	VAMP2;VAMP3	Vesicle-associated membrane protein 2	728589
P63096;P63096-2	P63096;P63096-2	GNAI1_HUMAN	GNAI1	Guanine nucleotide-binding protein G(i) subunit alpha-1	463552
P63098	P63098	CANB1_HUMAN	PPP3R1	Calcineurin subunit B type 1	162162
P63104	P63104;P63104-2	1433Z_HUMAN	YWHAZ	14-3-3 protein zeta/delta	1.57601e+07
P63146	P63146;contaminant_UBIQUITIN04	UBE2B_HUMAN	UBE2B	Ubiquitin-conjugating enzyme E2 B	42756
P63151;P63151-2	P63151;P63151-2	2ABA_HUMAN	PPP2R2A	Serine/threonine-protein phosphatase 2A 55 kDa regulatory subunit B alpha isoform	2.22295e+06
P63167	P63167	DYL1_HUMAN	DYNLL1	Dynein light chain 1, cytoplasmic	1.07719e+06
P63167;Q96FJ2	Q96FJ2;P63167	DYL1_HUMAN;DYL2_HUMAN	DYNLL1;DYNLL2	Dynein light chain 1, cytoplasmic	407680
P63172	P63172	DYLT1_HUMAN	DYNLT1	Dynein light chain Tctex-type 1	253181
P63173	P63173	RL38_HUMAN	RPL38	60S ribosomal protein L38	543317
P63208	P63208;P63208-2	SKP1_HUMAN	SKP1	S-phase kinase-associated protein 1	3.67746e+06
P63220	P63220	RS21_HUMAN	RPS21	40S ribosomal protein S21	4.51448e+06
P63241;P63241-2	Q6IS14;Q9GZV4;P63241;P63241-2	IF5A1_HUMAN	EIF5A	Eukaryotic translation initiation factor 5A-1	9.42122e+06
P63244	P63244	RACK1_HUMAN	RACK1	Receptor of activated protein C kinase 1	2.47835e+07
P63272	P63272	SPT4H_HUMAN	SUPT4H1	Transcription elongation factor SPT4	19812
P63279	P63279	UBC9_HUMAN	UBE2I	SUMO-conjugating enzyme UBC9	3.51993e+06
P63313	P63313	TYB10_HUMAN	TMSB10	Thymosin beta-10	35998
P67775	P67775;P67775-2	PP2AA_HUMAN	PPP2CA	Serine/threonine-protein phosphatase 2A catalytic subunit alpha isoform	314128
P67809	P67809	YBOX1_HUMAN	YBX1	Y-box-binding protein 1	8.77447e+06
P67812;P67812-3;P67812-4	P67812;P67812-2;P67812-3;P67812-4	SC11A_HUMAN	SEC11A	Signal peptidase complex catalytic subunit SEC11A	957044
P67870	P67870	CSK2B_HUMAN	CSNK2B	Casein kinase II subunit beta	2.94765e+06
P67936	P67936;P67936-2	TPM4_HUMAN	TPM4	Tropomyosin alpha-4 chain	5.29763e+06
P68036	P68036;P68036-3	UB2L3_HUMAN	UBE2L3	Ubiquitin-conjugating enzyme E2 L3	1.08324e+06
P68104;Q5VTE0	Q5VTE0;P68104;P68104-2	EF1A1_HUMAN;EF1A3_HUMAN	EEF1A1;EEF1A1P5	Elongation factor 1-alpha 1	1.93619e+07
P68133	P62736;P68133;P68032;P63267	ACTS_HUMAN	ACTA1	Actin, alpha skeletal muscle	2.06777e+07
P68133;Q562R1	Q562R1;P60709;P62736;P68133;P63261;P68032;P63267;P63267-2	ACTBL_HUMAN;ACTS_HUMAN	ACTA1;ACTBL2	Actin, alpha skeletal muscle	1.23476e+07
P68366;P68366-2	P68366;P68366-2	TBA4A_HUMAN	TUBA4A	Tubulin alpha-4A chain	4.35587e+06
P68366;P68366-2;Q9BQE3	Q71U36;Q71U36-2;P68363;Q9BQE3;P0DPH7;P0DPH7-2;P0DPH8;P68366;P68366-2	TBA1C_HUMAN;TBA4A_HUMAN	TUBA1C;TUBA4A	Tubulin alpha-4A chain	4.14726e+06
P68366;P68366-2;Q9BQE3;Q9H853;Q9NY65;Q9NY65-2	Q9H853;Q71U36;Q71U36-2;P68363;Q6PEY2;Q9BQE3;Q9NY65;Q9NY65-2;P0DPH7;P0DPH7-2;P0DPH8;P68366;P68366-2	TBA1C_HUMAN;TBA4A_HUMAN;TBA4B_HUMAN;TBA8_HUMAN	TUBA1C;TUBA4A;TUBA4B;TUBA8	Tubulin alpha-4A chain	645239
P68366;P68366-2;Q9BQE3;Q9NY65;Q9NY65-2	Q71U36;Q71U36-2;P68363;P68363-2;Q6PEY2;Q9BQE3;Q9NY65;Q9NY65-2;P0DPH7;P0DPH7-2;P0DPH8;P68366;P68366-2	TBA1C_HUMAN;TBA4A_HUMAN;TBA8_HUMAN	TUBA1C;TUBA4A;TUBA8	Tubulin alpha-4A chain	1.75576e+07
P68366;P68366-2;Q9NY65;Q9NY65-2	Q71U36;Q71U36-2;P68363;P68363-2;Q6PEY2;Q9NY65;Q9NY65-2;P0DPH7;P0DPH7-2;P0DPH8;P68366;P68366-2	TBA4A_HUMAN;TBA8_HUMAN	TUBA4A;TUBA8	Tubulin alpha-4A chain	2.91542e+06
P68371	P68371	TBB4B_HUMAN	TUBB4B	Tubulin beta-4B chain	2.68302e+06
P68371;Q13885	Q9BVA1;P68371;Q13885	TBB2A_HUMAN;TBB4B_HUMAN	TUBB2A;TUBB4B	Tubulin beta-4B chain	1.55777e+06
P68400	Q8NEV1;P68400	CSK21_HUMAN	CSNK2A1	Casein kinase II subunit alpha	1.7116e+06
P68402	P68402	PA1B2_HUMAN	PAFAH1B2	Platelet-activating factor acetylhydrolase IB subunit beta	228588
P68543;P68543-2	P68543;P68543-2	UBX2A_HUMAN	UBXN2A	UBX domain-containing protein 2A	1283
P69905	P69905	HBA_HUMAN	HBA1	Hemoglobin subunit alpha	8.24495e+06
P78310	P78310;P78310-2;P78310-6	CXAR_HUMAN	CXADR	Coxsackievirus and adenovirus receptor	672058
P78312;P78312-2;P78312-6	P78312;P78312-2;P78312-3;P78312-6	F193A_HUMAN	FAM193A	Protein FAM193A	59988
P78316	P78316;P78316-2	NOP14_HUMAN	NOP14	Nucleolar protein 14	1.28104e+06
P78318	P78318	IGBP1_HUMAN	IGBP1	Immunoglobulin-binding protein 1	593097
P78330	P78330	SERB_HUMAN	PSPH	Phosphoserine phosphatase	2.44217e+06
P78332	P78332;P78332-2	RBM6_HUMAN	RBM6	RNA-binding protein 6	494787
P78344	P78344;P78344-2	IF4G2_HUMAN	EIF4G2	Eukaryotic translation initiation factor 4 gamma 2	3.9002e+06
P78345	P78345	RPP38_HUMAN	RPP38	Ribonuclease P protein subunit p38	438049
P78346;P78346-2	P78346;P78346-2	RPP30_HUMAN	RPP30	Ribonuclease P protein subunit p30	681920
P78347;P78347-2;P78347-3;P78347-4	P78347;P78347-2;P78347-3;P78347-4;P78347-5	GTF2I_HUMAN	GTF2I	General transcription factor II-I	6.4799e+06
P78356	P78356;P78356-2	PI42B_HUMAN	PIP4K2B	Phosphatidylinositol 5-phosphate 4-kinase type-2 beta	204208
P78357	P78357	CNTP1_HUMAN	CNTNAP1	Contactin-associated protein 1	554635
P78362;P78362-2	P78362;P78362-2	SRPK2_HUMAN	SRPK2	SRSF protein kinase 2	345424
P78362;P78362-2;Q96SB4;Q96SB4-3;Q96SB4-4	Q96SB4;Q96SB4-3;Q96SB4-4;P78362;P78362-2	SRPK1_HUMAN;SRPK2_HUMAN	SRPK1;SRPK2	SRSF protein kinase 2	356848
P78364	P78364	PHC1_HUMAN	PHC1	Polyhomeotic-like protein 1	344654
P78368	P78368	KC1G2_HUMAN	CSNK1G2	Casein kinase I isoform gamma-2	6777
P78368;Q9HCP0;Q9HCP0-2;Q9Y6M4;Q9Y6M4-2;Q9Y6M4-3;Q9Y6M4-4	Q9HCP0;Q9HCP0-2;Q9Y6M4;Q9Y6M4-2;Q9Y6M4-3;Q9Y6M4-4;Q9Y6M4-5;Q9Y6M4-6;P78368	KC1G1_HUMAN;KC1G2_HUMAN;KC1G3_HUMAN	CSNK1G1;CSNK1G2;CSNK1G3	Casein kinase I isoform gamma-2	97392
P78368;Q9Y6M4;Q9Y6M4-2;Q9Y6M4-3;Q9Y6M4-4	Q9Y6M4;Q9Y6M4-2;Q9Y6M4-3;Q9Y6M4-4;Q9Y6M4-5;Q9Y6M4-6;P78368	KC1G2_HUMAN;KC1G3_HUMAN	CSNK1G2;CSNK1G3	Casein kinase I isoform gamma-2	83051
P78371	P78371;P78371-2	TCPB_HUMAN	CCT2	T-complex protein 1 subunit beta	1.51415e+07
P78382;P78382-2	P78382;P78382-2	S35A1_HUMAN	SLC35A1	CMP-sialic acid transporter	8540
P78383;P78383-2	P78383;P78383-2	S35B1_HUMAN	SLC35B1	Solute carrier family 35 member B1	22128
P78386	O43790;A6NCN2;P78385;P78386;Q14533	KRT85_HUMAN	KRT85	Keratin, type II cuticular Hb5	3.63417e+06
P78406	P78406	RAE1L_HUMAN	RAE1	mRNA export factor	3.42789e+06
P78417;P78417-3	P78417;P78417-3	GSTO1_HUMAN	GSTO1	Glutathione S-transferase omega-1	3.44758e+06
P78423	P78423	X3CL1_HUMAN	CX3CL1	Fractalkine	21115
P78424;P78424-2	P78424;P78424-2	PO6F2_HUMAN	POU6F2	POU domain, class 6, transcription factor 2	105336
P78524	P78524;P78524-2;P78524-3	DEN2B_HUMAN	DENND2B	DENN domain-containing protein 2B	51682
P78527	P78527;P78527-2	PRKDC_HUMAN	PRKDC	DNA-dependent protein kinase catalytic subunit	7.36944e+07
P78536	P78536;P78536-2	ADA17_HUMAN	ADAM17	Disintegrin and metalloproteinase domain-containing protein 17	262734
P78537;P78537-2	P78537;P78537-2	BL1S1_HUMAN	BLOC1S1	Biogenesis of lysosome-related organelles complex 1 subunit 1	134924
P78540	P78540	ARGI2_HUMAN	ARG2	Arginase-2, mitochondrial	219082
P78549;P78549-2;P78549-3	P78549;P78549-2;P78549-3	NTH_HUMAN	NTHL1	Endonuclease III-like protein 1	272197
P78559;P78559-2	P78559;P78559-2	MAP1A_HUMAN	MAP1A	Microtubule-associated protein 1A	437559
P78560	P78560;P78560-2	CRADD_HUMAN	CRADD	Death domain-containing protein CRADD	63762
P78563;P78563-3;P78563-5	P78563;P78563-2;P78563-3;P78563-4;P78563-5;P78563-6	RED1_HUMAN	ADARB1	Double-stranded RNA-specific editase 1	489007
P80188;P80188-2	P80188;P80188-2	NGAL_HUMAN	LCN2	Neutrophil gelatinase-associated lipocalin	26554
P80217;P80217-2	P80217;P80217-2	IN35_HUMAN	IFI35	Interferon-induced 35 kDa protein	443938
P80303;P80303-2	P80303;P80303-2	NUCB2_HUMAN	NUCB2	Nucleobindin-2	2.19701e+06
P80723	P80723;P80723-2	BASP1_HUMAN	BASP1	Brain acid soluble protein 1	1.4199e+07
P82094;P82094-2	P82094;P82094-2	TMF1_HUMAN	TMF1	TATA element modulatory factor	227209
P82650	P82650;P82650-2	RT22_HUMAN	MRPS22	28S ribosomal protein S22, mitochondrial	1.79764e+06
P82663	P82663;P82663-2;P82663-3	RT25_HUMAN	MRPS25	28S ribosomal protein S25, mitochondrial	865641
P82664	P82664	RT10_HUMAN	MRPS10	28S ribosomal protein S10, mitochondrial	429950
P82673	P82673;P82673-2	RT35_HUMAN	MRPS35	28S ribosomal protein S35, mitochondrial	1.31792e+06
P82675	P82675;P82675-2	RT05_HUMAN	MRPS5	28S ribosomal protein S5, mitochondrial	1.36659e+06
P82909	P82909	RT36_HUMAN	MRPS36	28S ribosomal protein S36, mitochondrial	777048
P82912;P82912-2	P82912;P82912-2	RT11_HUMAN	MRPS11	28S ribosomal protein S11, mitochondrial	513307
P82914	P82914	RT15_HUMAN	MRPS15	28S ribosomal protein S15, mitochondrial	586762
P82921	P82921	RT21_HUMAN	MRPS21	28S ribosomal protein S21, mitochondrial	195576
P82930	P82930	RT34_HUMAN	MRPS34	28S ribosomal protein S34, mitochondrial	1.36191e+06
P82932	P82932	RT06_HUMAN	MRPS6	28S ribosomal protein S6, mitochondrial	617240
P82933	P82933	RT09_HUMAN	MRPS9	28S ribosomal protein S9, mitochondrial	971747
P82970	P82970	HMGN5_HUMAN	HMGN5	High mobility group nucleosome-binding domain-containing protein 5	3.23908e+06
P82979	P82979	SARNP_HUMAN	SARNP	SAP domain-containing ribonucleoprotein	2.24999e+06
P83111	P83111;P83111-2	LACTB_HUMAN	LACTB	Serine beta-lactamase-like protein LACTB, mitochondrial	314947
P83369	P83369	LSM11_HUMAN	LSM11	U7 snRNA-associated Sm-like protein LSm11	92611
P83436	P83436	COG7_HUMAN	COG7	Conserved oligomeric Golgi complex subunit 7	624191
P83731	P83731	RL24_HUMAN	RPL24	60S ribosomal protein L24	4.07335e+06
P83876	P83876	TXN4A_HUMAN	TXNL4A	Thioredoxin-like protein 4A	674570
P83916	P83916	CBX1_HUMAN	CBX1	Chromobox protein homolog 1	642530
P83916;Q13185	P83916;Q13185	CBX1_HUMAN;CBX3_HUMAN	CBX1;CBX3	Chromobox protein homolog 1	353837
P84077	P84077;P61204;P61204-2	ARF1_HUMAN	ARF1	ADP-ribosylation factor 1	6.60413e+06
P84077;P84085	P84077;P61204;P61204-2;P84085	ARF1_HUMAN;ARF5_HUMAN	ARF1;ARF5	ADP-ribosylation factor 1	31322
P84085	P84085	ARF5_HUMAN	ARF5	ADP-ribosylation factor 5	872739
P84090	P84090	ERH_HUMAN	ERH	Enhancer of rudimentary homolog	3.50267e+06
P84095	P84095	RHOG_HUMAN	RHOG	Rho-related GTP-binding protein RhoG	1.23381e+06
P84098	P84098	RL19_HUMAN	RPL19	60S ribosomal protein L19	6.09588e+06
P84101;P84101-2;P84101-3;P84101-4	P84101;P84101-2;P84101-3;P84101-4	SERF2_HUMAN	SERF2	Small EDRK-rich factor 2	31734
P84103;P84103-2	P84103;P84103-2	SRSF3_HUMAN	SRSF3	Serine/arginine-rich splicing factor 3	7.0899e+06
P84103;P84103-2;Q16629;Q16629-2;Q16629-3;Q16629-4	P84103;P84103-2;Q16629;Q16629-2;Q16629-3;Q16629-4	SRSF3_HUMAN;SRSF7_HUMAN	SRSF3;SRSF7	Serine/arginine-rich splicing factor 3	3.12006e+06
P84157;P84157-2;P84157-3	P84157;P84157-2;P84157-3	MXRA7_HUMAN	MXRA7	Matrix-remodeling-associated protein 7	88264
P85037	P85037;P85037-2	FOXK1_HUMAN	FOXK1	Forkhead box protein K1	1.32068e+06
P86397	P86397	HTD2_HUMAN	HTD2	Hydroxyacyl-thioester dehydratase type 2, mitochondrial	13716
P86790;P86791	P86791;P86790	CCZ1B_HUMAN;CCZ1_HUMAN	CCZ1;CCZ1B	Vacuolar fusion protein CCZ1 homolog B	589835
P98082;P98082-2;P98082-3	P98082;P98082-2;P98082-3	DAB2_HUMAN	DAB2	Disabled homolog 2	537286
P98088	P98088	MUC5A_HUMAN	MUC5AC	Mucin-5AC	1.7902e+06
P98155;P98155-2	P98155;P98155-2	VLDLR_HUMAN	VLDLR	Very low-density lipoprotein receptor	247636
P98160	P98160	PGBM_HUMAN	HSPG2	Basement membrane-specific heparan sulfate proteoglycan core protein	388588
P98170	P98170	XIAP_HUMAN	XIAP	E3 ubiquitin-protein ligase XIAP	170770
P98172	P98172	EFNB1_HUMAN	EFNB1	Ephrin-B1	2.68625e+06
P98175;P98175-2;P98175-5	P98175;P98175-2;P98175-3;P98175-4;P98175-5	RBM10_HUMAN	RBM10	RNA-binding protein 10	2.14797e+06
P98179	P98179	RBM3_HUMAN	RBM3	RNA-binding protein 3	963286
P98194;P98194-2;P98194-3;P98194-4;P98194-5;P98194-6;P98194-7;P98194-9	P98194;P98194-2;P98194-3;P98194-4;P98194-5;P98194-6;P98194-7;P98194-8;P98194-9	AT2C1_HUMAN	ATP2C1	Calcium-transporting ATPase type 2C member 1	591798
P98196	P98196	AT11A_HUMAN	ATP11A	Probable phospholipid-transporting ATPase IH	80556
P98198;P98198-3	P98198;P98198-3	AT8B2_HUMAN	ATP8B2	Phospholipid-transporting ATPase ID	1.22368e+06
P99999	P99999	CYC_HUMAN	CYCS	Cytochrome c	7.16554e+06
Q00013;Q00013-2;Q00013-3	Q00013;Q00013-2;Q00013-3	EM55_HUMAN	MPP1	55 kDa erythrocyte membrane protein	237029
Q00059	Q00059;Q00059-2	TFAM_HUMAN	TFAM	Transcription factor A, mitochondrial	1.99341e+06
Q00169	Q00169	PIPNA_HUMAN	PITPNA	Phosphatidylinositol transfer protein alpha isoform	780846
Q00266	Q00266	METK1_HUMAN	MAT1A	S-adenosylmethionine synthase isoform type-1	63775
Q00325;Q00325-2	Q00325;Q00325-2	MPCP_HUMAN	SLC25A3	Phosphate carrier protein, mitochondrial	9.35503e+06
Q00341	Q00341;Q00341-2	VIGLN_HUMAN	HDLBP	Vigilin	8.50962e+06
Q00403	Q00403	TF2B_HUMAN	GTF2B	Transcription initiation factor IIB	477448
Q00534	Q00534	CDK6_HUMAN	CDK6	Cyclin-dependent kinase 6	495652
Q00535	Q00535;Q00535-2	CDK5_HUMAN	CDK5	Cyclin-dependent-like kinase 5	880258
Q00536;Q00536-2;Q00536-3	Q00536;Q00536-2;Q00536-3	CDK16_HUMAN	CDK16	Cyclin-dependent kinase 16	305951
Q00536;Q00536-2;Q00536-3;Q00537	Q00536;Q00536-2;Q00536-3;Q00537;Q00537-2	CDK16_HUMAN;CDK17_HUMAN	CDK16;CDK17	Cyclin-dependent kinase 16	150132
Q00537	Q00537	CDK17_HUMAN	CDK17	Cyclin-dependent kinase 17	102916
Q00577	Q00577	PURA_HUMAN	PURA	Transcriptional activator protein Pur-alpha	176387
Q00587;Q00587-2	Q00587;Q00587-2	BORG5_HUMAN	CDC42EP1	Cdc42 effector protein 1	465779
Q00610;Q00610-2	Q00610;Q00610-2;P53675;P53675-2	CLH1_HUMAN	CLTC	Clathrin heavy chain 1	4.30897e+07
Q00613;Q00613-2	Q00613;Q00613-2	HSF1_HUMAN	HSF1	Heat shock factor protein 1	174598
Q00653;Q00653-4	Q00653;Q00653-3;Q00653-4	NFKB2_HUMAN	NFKB2	Nuclear factor NF-kappa-B p100 subunit	1.71055e+06
Q00688	Q00688	FKBP3_HUMAN	FKBP3	Peptidyl-prolyl cis-trans isomerase FKBP3	7.35119e+06
Q00722;Q00722-2;Q00722-3	Q00722;Q00722-2;Q00722-3	PLCB2_HUMAN	PLCB2	1-phosphatidylinositol 4,5-bisphosphate phosphodiesterase beta-2	390545
Q00765	Q00765	REEP5_HUMAN	REEP5	Receptor expression-enhancing protein 5	800056
Q00796	Q00796	DHSO_HUMAN	SORD	Sorbitol dehydrogenase	4.50636e+06
Q00839	Q00839;Q00839-2	HNRPU_HUMAN	HNRNPU	Heterogeneous nuclear ribonucleoprotein U	3.16897e+07
Q00839;Q9BUJ2;Q9BUJ2-2	Q9BUJ2;Q9BUJ2-2;Q9BUJ2-3;Q9BUJ2-4;Q00839;Q00839-2	HNRL1_HUMAN;HNRPU_HUMAN	HNRNPU;HNRNPUL1	Heterogeneous nuclear ribonucleoprotein U	301315
Q00978	Q00978	IRF9_HUMAN	IRF9	Interferon regulatory factor 9	15298
Q01082	Q01082;Q01082-2;Q01082-3	SPTB2_HUMAN	SPTBN1	Spectrin beta chain, non-erythrocytic 1	2.50632e+07
Q01085	Q01085;Q01085-2	TIAR_HUMAN	TIAL1	Nucleolysin TIAR	745114
Q01105	P0DME0;Q01105;Q01105-2;Q01105-3;Q01105-4	SET_HUMAN	SET	Protein SET	1.03702e+07
Q01130	Q01130;Q01130-2	SRSF2_HUMAN	SRSF2	Serine/arginine-rich splicing factor 2	766389
Q01130;Q9BRL6;Q9BRL6-2	Q9BRL6;Q9BRL6-2;Q01130;Q01130-2	SRSF2_HUMAN;SRSF8_HUMAN	SRSF2;SRSF8	Serine/arginine-rich splicing factor 2	884256
Q01167;Q01167-2	Q01167;Q01167-2	FOXK2_HUMAN	FOXK2	Forkhead box protein K2	113552
Q01201	Q01201	RELB_HUMAN	RELB	Transcription factor RelB	155382
Q01415;Q01415-2	Q01415;Q01415-2	GALK2_HUMAN	GALK2	N-acetylgalactosamine kinase	382446
Q01433;Q01433-2	Q01433;Q01433-2;Q01433-3;Q01433-4;Q01433-5	AMPD2_HUMAN	AMPD2	AMP deaminase 2	900506
Q01469	Q01469	FABP5_HUMAN	FABP5	Fatty acid-binding protein 5	2.3056e+06
Q01518;Q01518-2	Q01518;Q01518-2	CAP1_HUMAN	CAP1	Adenylyl cyclase-associated protein 1	9.9962e+06
Q01546;Q9NSB2	Q9NSB2;Q01546;contaminant_KERATIN14	K22O_HUMAN;KRT84_HUMAN	KRT76;KRT84	Keratin, type II cytoskeletal 2 oral	795272
Q01628	Q01629;P13164;Q01628	IFM3_HUMAN	IFITM3	Interferon-induced transmembrane protein 3	1.33286e+06
Q01650	Q01650	LAT1_HUMAN	SLC7A5	Large neutral amino acids transporter small subunit 1	5.90008e+06
Q01658	Q01658	NC2B_HUMAN	DR1	Protein Dr1	68821
Q01664	Q01664	TFAP4_HUMAN	TFAP4	Transcription factor AP-4	215807
Q01780	Q01780;Q01780-2	EXOSX_HUMAN	EXOSC10	Exosome component 10	2.92747e+06
Q01804;Q01804-3;Q01804-5	Q01804;Q01804-5;Q01804-3	OTUD4_HUMAN	OTUD4	OTU domain-containing protein 4	96296
Q01813	Q01813;Q01813-2	PFKAP_HUMAN	PFKP	ATP-dependent 6-phosphofructokinase, platelet type	6.61298e+06
Q01814;Q01814-5;Q01814-6;Q01814-8	Q01814;Q01814-2;Q01814-3;Q01814-4;Q01814-5;Q01814-6;Q01814-7;Q01814-8	AT2B2_HUMAN	ATP2B2	Plasma membrane calcium-transporting ATPase 2	99842
Q01831;Q01831-2	Q01831;Q01831-2	XPC_HUMAN	XPC	DNA repair protein complementing XP-C cells	460034
Q01844;Q01844-2;Q01844-3;Q01844-5;Q01844-6	Q01844;Q01844-2;Q01844-3;Q01844-5;Q01844-6	EWS_HUMAN	EWSR1	RNA-binding protein EWS	1.57161e+06
Q01968;Q01968-2	Q01968;Q01968-2	OCRL_HUMAN	OCRL	Inositol polyphosphate 5-phosphatase OCRL	944275
Q01970	Q01970;Q01970-2	PLCB3_HUMAN	PLCB3	1-phosphatidylinositol 4,5-bisphosphate phosphodiesterase beta-3	2.17158e+06
Q01995	Q01995	TAGL_HUMAN	TAGLN	Transgelin	464932
Q02040	Q02040	AK17A_HUMAN	AKAP17A	A-kinase anchor protein 17A	425126
Q02086;Q02086-2	Q02086;Q02086-2	SP2_HUMAN	SP2	Transcription factor Sp2	64930
Q02127	Q02127	PYRD_HUMAN	DHODH	Dihydroorotate dehydrogenase (quinone), mitochondrial	612399
Q02218;Q02218-2	Q02218;Q02218-2	ODO1_HUMAN	OGDH	2-oxoglutarate dehydrogenase, mitochondrial	6.27699e+06
Q02224	Q02224;Q02224-3	CENPE_HUMAN	CENPE	Centromere-associated protein E	914349
Q02241	Q02241;Q02241-2;Q02241-3	KIF23_HUMAN	KIF23	Kinesin-like protein KIF23	906684
Q02252;Q02252-2	Q02252;Q02252-2	MMSA_HUMAN	ALDH6A1	Methylmalonate-semialdehyde dehydrogenase [acylating], mitochondrial	1.31645e+06
Q02338	Q02338	BDH_HUMAN	BDH1	D-beta-hydroxybutyrate dehydrogenase, mitochondrial	16084
Q02388;Q02388-2	Q02388;Q02388-2	CO7A1_HUMAN	COL7A1	Collagen alpha-1(VII) chain	543412
Q02447;Q02447-2;Q02447-5;Q02447-6	Q02447;Q02447-2;Q02447-5;Q02447-6	SP3_HUMAN	SP3	Transcription factor Sp3	22163
Q02543	Q02543	RL18A_HUMAN	RPL18A	60S ribosomal protein L18a	8.35503e+06
Q02750	Q02750;Q02750-2	MP2K1_HUMAN	MAP2K1	Dual specificity mitogen-activated protein kinase kinase 1	1.23398e+06
Q02790	Q02790	FKBP4_HUMAN	FKBP4	Peptidyl-prolyl cis-trans isomerase FKBP4	1.02753e+07
Q02809;Q02809-2	Q02809;Q02809-2	PLOD1_HUMAN	PLOD1	Procollagen-lysine,2-oxoglutarate 5-dioxygenase 1	3.57278e+06
Q02818	Q02818	NUCB1_HUMAN	NUCB1	Nucleobindin-1	2.16527e+06
Q02878	Q02878	RL6_HUMAN	RPL6	60S ribosomal protein L6	1.34892e+07
Q02880;Q02880-2	Q02880;Q02880-2	TOP2B_HUMAN	TOP2B	DNA topoisomerase 2-beta	3.0938e+06
Q02930	Q02930	CREB5_HUMAN	CREB5	Cyclic AMP-responsive element-binding protein 5	202921
Q02952;Q02952-2;Q02952-3	Q02952;Q02952-2;Q02952-3	AKA12_HUMAN	AKAP12	A-kinase anchor protein 12	1.66361e+06
Q02978	Q02978;Q02978-2	M2OM_HUMAN	SLC25A11	Mitochondrial 2-oxoglutarate/malate carrier protein	1.73314e+06
Q03001	Q03001;Q03001-8;Q03001-14	DYST_HUMAN	DST	Dystonin	3.09312e+06
Q03111	Q03111	ENL_HUMAN	MLLT1	Protein ENL	437840
Q03135	Q03135	CAV1_HUMAN	CAV1	Caveolin-1	4802
Q03154	Q03154;Q03154-2;Q03154-4	ACY1_HUMAN	ACY1	Aminoacylase-1	1.06161e+06
Q03164;Q03164-2;Q03164-3	Q03164;Q03164-2;Q03164-3	KMT2A_HUMAN	KMT2A	Histone-lysine N-methyltransferase 2A	458682
Q03169	Q03169;Reverse_sp|Q03169|TNAP2_HUMAN	TNAP2_HUMAN	TNFAIP2	Tumor necrosis factor alpha-induced protein 2	406499
Q03188	Q03188;Q03188-2	CENPC_HUMAN	CENPC	Centromere protein C	1.21668e+06
Q03252	Q03252	LMNB2_HUMAN	LMNB2	Lamin-B2	4.59302e+06
Q03393	Q03393	PTPS_HUMAN	PTS	6-pyruvoyl tetrahydrobiopterin synthase	98028
Q03405	Q03405;Q03405-2	UPAR_HUMAN	PLAUR	Urokinase plasminogen activator surface receptor	448798
Q03426	Q03426	KIME_HUMAN	MVK	Mevalonate kinase	330669
Q03468	Q03468	ERCC6_HUMAN	ERCC6	DNA excision repair protein ERCC-6	3.18318e+06
Q03518	Q03518	TAP1_HUMAN	TAP1	Antigen peptide transporter 1	446634
Q03519	Q03519;Q03519-2	TAP2_HUMAN	TAP2	Antigen peptide transporter 2	305129
Q03519;Q9NRK6;Q9NUT2;Q9NUT2-2;Q9NUT2-4;Q9NUT2-5	Q9NRK6;Q9NUT2;Q9NUT2-2;Q9NUT2-4;Q9NUT2-5;Q03519	ABCBA_HUMAN;MITOS_HUMAN;TAP2_HUMAN	ABCB10;ABCB8;TAP2	Antigen peptide transporter 2	163886
Q03701	Q03701	CEBPZ_HUMAN	CEBPZ	CCAAT/enhancer-binding protein zeta	2.33449e+06
Q03936;Q03936-3	Q03936;Q03936-2;Q03936-3	ZNF92_HUMAN	ZNF92	Zinc finger protein 92	127555
Q03938	Q03938	ZNF90_HUMAN	ZNF90	Zinc finger protein 90	399487
Q04206;Q04206-2;Q04206-3	Q04206;Q04206-2;Q04206-3;Q04206-4	TF65_HUMAN	RELA	Transcription factor p65	1.16809e+06
Q04323	Q04323;Q04323-2	UBXN1_HUMAN	UBXN1	UBX domain-containing protein 1	1.29963e+06
Q04446	Q04446	GLGB_HUMAN	GBE1	1,4-alpha-glucan-branching enzyme	2.9459e+06
Q04637;Q04637-3;Q04637-4;Q04637-5;Q04637-9	Q04637;Q04637-3;Q04637-4;Q04637-5;Q04637-6;Q04637-7;Q04637-8;Q04637-9	IF4G1_HUMAN	EIF4G1	Eukaryotic translation initiation factor 4 gamma 1	1.73027e+07
Q04656;Q04656-2;Q04656-3;Q04656-5	Q04656;Q04656-2;Q04656-3;Q04656-5	ATP7A_HUMAN	ATP7A	Copper-transporting ATPase 1	512718
Q04695	Q04695;contaminant_KERATIN12	K1C17_HUMAN	KRT17	Keratin, type I cytoskeletal 17	2.47304e+07
Q04721	Q04721	NOTC2_HUMAN	NOTCH2	Neurogenic locus notch homolog protein 2	376050
Q04724	Q04724	TLE1_HUMAN	TLE1	Transducin-like enhancer protein 1	22611
Q04724;Q04726	Q04726;Q04726-2;Q04726-3;Q04726-4;Q04726-5;Q04726-6;Q04726-7;Q04724;Q04725;Q04725-2;Q04727;Q04727-2;Q04727-3;Q04727-4	TLE1_HUMAN;TLE3_HUMAN	TLE1;TLE3	Transducin-like enhancer protein 1	272681
Q04726	Q04726;Q04726-2;Q04726-3;Q04726-4;Q04726-5;Q04726-6;Q04726-7	TLE3_HUMAN	TLE3	Transducin-like enhancer protein 3	917763
Q04759;Q04759-2;Q04759-3	Q04759;Q04759-2;Q04759-3	KPCT_HUMAN	PRKCQ	Protein kinase C theta type	150883
Q04760	Q04760;Q04760-2	LGUL_HUMAN	GLO1	Lactoylglutathione lyase	2.79175e+06
Q04837	Q04837	SSBP_HUMAN	SSBP1	Single-stranded DNA-binding protein, mitochondrial	3.53275e+06
Q04864;Q04864-2	Q04864;Q04864-2	REL_HUMAN	REL	Proto-oncogene c-Rel	121332
Q04912;Q04912-2;Q04912-3;Q04912-4;Q04912-5;Q04912-6;Q04912-7	Q04912;Q04912-2;Q04912-3;Q04912-4;Q04912-5;Q04912-6;Q04912-7	RON_HUMAN	MST1R	Macrophage-stimulating protein receptor	76450
Q04917	Q04917	1433F_HUMAN	YWHAH	14-3-3 protein eta	3.88728e+06
Q04941	Q04941	PLP2_HUMAN	PLP2	Proteolipid protein 2	977884
Q05048	Q05048	CSTF1_HUMAN	CSTF1	Cleavage stimulation factor subunit 1	1.40589e+06
Q05086;Q05086-2;Q05086-3	Q05086;Q05086-2;Q05086-3	UBE3A_HUMAN	UBE3A	Ubiquitin-protein ligase E3A	561791
Q05193;Q05193-2;Q05193-3;Q05193-5	Q05193;Q05193-2;Q05193-3;Q05193-5	DYN1_HUMAN	DNM1	Dynamin-1	394839
Q05193;Q05193-2;Q05193-3;Q05193-5;Q9UQ16;Q9UQ16-2;Q9UQ16-3;Q9UQ16-4;Q9UQ16-5	Q05193;Q05193-2;Q05193-3;Q05193-5;Q9UQ16;Q9UQ16-2;Q9UQ16-3;Q9UQ16-4;Q9UQ16-5	DYN1_HUMAN;DYN3_HUMAN	DNM1;DNM3	Dynamin-1	246432
Q05209	Q05209;Q05209-2;Q05209-3	PTN12_HUMAN	PTPN12	Tyrosine-protein phosphatase non-receptor type 12	819348
Q05397;Q05397-5;Q05397-7	Q05397;Q05397-2;Q05397-3;Q05397-4;Q05397-5;Q05397-7	FAK1_HUMAN	PTK2	Focal adhesion kinase 1	904600
Q05519;Q05519-2	Q05519;Q05519-2	SRS11_HUMAN	SRSF11	Serine/arginine-rich splicing factor 11	666064
Q05639	Q05639	EF1A2_HUMAN	EEF1A2	Elongation factor 1-alpha 2	2.13068e+07
Q05655	Q05655;Q05655-2	KPCD_HUMAN	PRKCD	Protein kinase C delta type	294966
Q05682	Q05682;Q05682-2;Q05682-3;Q05682-4;Q05682-5;Q05682-6	CALD1_HUMAN	CALD1	Caldesmon	4.26626e+06
Q05823;Q05823-2	Q05823;Q05823-2	RN5A_HUMAN	RNASEL	2-5A-dependent ribonuclease	8196
Q05932;Q05932-2;Q05932-3;Q05932-4	Q05932;Q05932-2;Q05932-3;Q05932-4	FOLC_HUMAN	FPGS	Folylpolyglutamate synthase, mitochondrial	111724
Q05BV3;Q05BV3-5	Q05BV3;Q05BV3-2;Q05BV3-4;Q05BV3-5	EMAL5_HUMAN	EML5	Echinoderm microtubule-associated protein-like 5	194564
Q05D32	Q05D32;Q05D32-2	CTSL2_HUMAN	CTDSPL2	CTD small phosphatase-like protein 2	348929
Q06033;Q06033-2	Q06033;Q06033-2	ITIH3_HUMAN	ITIH3	Inter-alpha-trypsin inhibitor heavy chain H3	2.45045e+06
Q06124;Q06124-1	Q06124;Q06124-1;Q06124-3	PTN11_HUMAN	PTPN11	Tyrosine-protein phosphatase non-receptor type 11	2.04602e+06
Q06136	Q06136;Q06136-2	KDSR_HUMAN	KDSR	3-ketodihydrosphingosine reductase	531592
Q06187;Q06187-2	Q06187;Q06187-2	BTK_HUMAN	BTK	Tyrosine-protein kinase BTK	10570
Q06190	Q06190	P2R3A_HUMAN	PPP2R3A	Serine/threonine-protein phosphatase 2A regulatory subunit B'' subunit alpha	102233
Q06203	Q06203	PUR1_HUMAN	PPAT	Amidophosphoribosyltransferase	1.65126e+06
Q06210;Q06210-2	Q06210;Q06210-2	GFPT1_HUMAN	GFPT1	Glutamine--fructose-6-phosphate aminotransferase [isomerizing] 1	4.60623e+06
Q06265;Q06265-2	Q06265;Q06265-2;Q06265-3;Q06265-4	EXOS9_HUMAN	EXOSC9	Exosome complex component RRP45	614188
Q06323	Q06323;Q06323-2;Q06323-3	PSME1_HUMAN	PSME1	Proteasome activator complex subunit 1	4.38522e+06
Q06330;Q06330-4;Q06330-5;Q06330-6;Q06330-7	Q06330;Q06330-2;Q06330-3;Q06330-4;Q06330-5;Q06330-6;Q06330-7	SUH_HUMAN	RBPJ	Recombining binding protein suppressor of hairless	275463
Q06413;Q06413-2;Q06413-3;Q06413-4;Q06413-5;Q06413-6	Q06413;Q06413-2;Q06413-3;Q06413-4;Q06413-5;Q06413-6	MEF2C_HUMAN	MEF2C	Myocyte-specific enhancer factor 2C	112564
Q06413;Q06413-2;Q06413-3;Q06413-4;Q06413-5;Q06413-6;Q14814;Q14814-4	Q02078;Q02078-2;Q02078-3;Q02078-4;Q02078-5;Q02078-6;Q06413;Q06413-2;Q06413-3;Q06413-4;Q06413-5;Q06413-6;Q14814;Q14814-2;Q14814-3;Q14814-4;Q14814-5;Q14814-6	MEF2C_HUMAN;MEF2D_HUMAN	MEF2C;MEF2D	Myocyte-specific enhancer factor 2C	42295
Q06481;Q06481-2;Q06481-3;Q06481-4;Q06481-5;Q06481-6	Q06481;Q06481-2;Q06481-3;Q06481-4;Q06481-5;Q06481-6	APLP2_HUMAN	APLP2	Amyloid-like protein 2	29608
Q06546	Q06546	GABPA_HUMAN	GABPA	GA-binding protein alpha chain	819113
Q06587	Q06587;Q06587-2	RING1_HUMAN	RING1	E3 ubiquitin-protein ligase RING1	297658
Q06587;Q99496	Q99496;Q06587;Q06587-2	RING1_HUMAN;RING2_HUMAN	RING1;RNF2	E3 ubiquitin-protein ligase RING1	274818
Q06787;Q06787-3;Q06787-5	Q06787;Q06787-2;Q06787-3;Q06787-4;Q06787-5;Q06787-6;Q06787-7;Q06787-8;Q06787-9;Q06787-10;Q06787-11	FMR1_HUMAN	FMR1	Synaptic functional regulator FMR1	1.09163e+06
Q06830	Q06830	PRDX1_HUMAN	PRDX1	Peroxiredoxin-1	1.7279e+07
Q06830;Q13162	Q06830;Q13162	PRDX1_HUMAN;PRDX4_HUMAN	PRDX1;PRDX4	Peroxiredoxin-1	2.23427e+06
Q07020	Q07020;Q07020-2	RL18_HUMAN	RPL18	60S ribosomal protein L18	1.20445e+07
Q07021	Q07021	C1QBP_HUMAN	C1QBP	Complement component 1 Q subcomponent-binding protein, mitochondrial	3.82256e+06
Q07065	Q07065	CKAP4_HUMAN	CKAP4	Cytoskeleton-associated protein 4	4.63771e+06
Q07157;Q07157-2	Q07157;Q07157-2	ZO1_HUMAN	TJP1	Tight junction protein ZO-1	1.93766e+06
Q07283	Q14678;Q14678-2;Q07283	TRHY_HUMAN	TCHH	Trichohyalin	263406
Q07343;Q07343-3	Q07343;Q07343-2;Q07343-3;Q07343-4	PDE4B_HUMAN	PDE4B	cAMP-specific 3',5'-cyclic phosphodiesterase 4B	287332
Q07343;Q07343-3;Q08499;Q08499-10;Q08499-11;Q08499-2;Q08499-6;Q08499-9	Q08499;Q08499-2;Q08499-6;Q08499-7;Q08499-9;Q08499-10;Q08499-11;Q08499-12;Q07343;Q07343-3	PDE4B_HUMAN;PDE4D_HUMAN	PDE4B;PDE4D	cAMP-specific 3',5'-cyclic phosphodiesterase 4B	16984
Q07617	Q07617	SPAG1_HUMAN	SPAG1	Sperm-associated antigen 1	1.74519e+06
Q07666;Q07666-2	Q07666;Q07666-2;Q07666-3	KHDR1_HUMAN	KHDRBS1	KH domain-containing, RNA-binding, signal transduction-associated protein 1	4.70798e+06
Q07812;Q07812-2;Q07812-5;Q07812-8	Q07812;Q07812-2;Q07812-4;Q07812-5;Q07812-6;Q07812-7;Q07812-8	BAX_HUMAN	BAX	Apoptosis regulator BAX	1.94821e+06
Q07817;Q07817-2;Q07817-3	Q07817;Q07817-2;Q07817-3	B2CL1_HUMAN	BCL2L1	Bcl-2-like protein 1	61042
Q07820	Q07820;Q07820-2	MCL1_HUMAN	MCL1	Induced myeloid leukemia cell differentiation protein Mcl-1	159918
Q07864	Q07864	DPOE1_HUMAN	POLE	DNA polymerase epsilon catalytic subunit A	408993
Q07866;Q07866-10;Q07866-2;Q07866-3;Q07866-4;Q07866-5;Q07866-6;Q07866-7;Q07866-8;Q07866-9	Q07866;Q07866-2;Q07866-3;Q07866-4;Q07866-5;Q07866-6;Q07866-7;Q07866-8;Q07866-9;Q07866-10	KLC1_HUMAN	KLC1	Kinesin light chain 1	1.01407e+06
Q07866;Q07866-10;Q07866-2;Q07866-3;Q07866-4;Q07866-5;Q07866-6;Q07866-7;Q07866-8;Q07866-9;Q9H0B6	Q07866;Q07866-2;Q07866-3;Q07866-4;Q07866-5;Q07866-6;Q07866-7;Q07866-8;Q07866-9;Q07866-10;Q9H0B6;Q9H0B6-2	KLC1_HUMAN;KLC2_HUMAN	KLC1;KLC2	Kinesin light chain 1	466509
Q07866;Q07866-10;Q07866-2;Q07866-3;Q07866-4;Q07866-5;Q07866-6;Q07866-7;Q07866-8;Q07866-9;Q9H0B6;Q9NSK0;Q9NSK0-3	Q9NSK0;Q9NSK0-3;Q9NSK0-4;Q9NSK0-5;Q07866;Q07866-2;Q07866-3;Q07866-4;Q07866-5;Q07866-6;Q07866-7;Q07866-8;Q07866-9;Q07866-10;Q9H0B6;Q9H0B6-2	KLC1_HUMAN;KLC2_HUMAN;KLC4_HUMAN	KLC1;KLC2;KLC4	Kinesin light chain 1	243187
Q07866;Q07866-10;Q07866-2;Q07866-3;Q07866-4;Q07866-5;Q07866-6;Q07866-7;Q07866-8;Q07866-9;Q9NSK0;Q9NSK0-3	Q9NSK0;Q9NSK0-3;Q9NSK0-5;Q07866;Q07866-2;Q07866-3;Q07866-4;Q07866-5;Q07866-6;Q07866-7;Q07866-8;Q07866-9;Q07866-10;Q6P597;Q6P597-2;Q6P597-3	KLC1_HUMAN;KLC4_HUMAN	KLC1;KLC4	Kinesin light chain 1	257794
Q07889	Q07889	SOS1_HUMAN	SOS1	Son of sevenless homolog 1	529558
Q07889;Q07890;Q07890-2	Q07889;Q07889-2;Q07890;Q07890-2	SOS1_HUMAN;SOS2_HUMAN	SOS1;SOS2	Son of sevenless homolog 1	24607
Q07890;Q07890-2	Q07890;Q07890-2	SOS2_HUMAN	SOS2	Son of sevenless homolog 2	96004
Q07912;Q07912-3	Q07912;Q07912-3	ACK1_HUMAN	TNK2	Activated CDC42 kinase 1	165248
Q07954	Q07954	LRP1_HUMAN	LRP1	Prolow-density lipoprotein receptor-related protein 1	205599
Q07955	Q07955;Q07955-2;Q07955-3	SRSF1_HUMAN	SRSF1	Serine/arginine-rich splicing factor 1	9.09748e+06
Q07955;Q13242	Q13242;Q07955;Q07955-2;Q07955-3	SRSF1_HUMAN;SRSF9_HUMAN	SRSF1;SRSF9	Serine/arginine-rich splicing factor 1	191230
Q07960	Q07960	RHG01_HUMAN	ARHGAP1	Rho GTPase-activating protein 1	2.63673e+06
Q08043	Q08043	ACTN3_HUMAN	ACTN3	Alpha-actinin-3	9.01635e+06
Q08050;Q08050-2;Q08050-3	Q08050;Q08050-2;Q08050-3	FOXM1_HUMAN	FOXM1	Forkhead box protein M1	207755
Q08117;Q08117-2	Q08117;Q08117-2	TLE5_HUMAN	TLE5	TLE family member 5	127365
Q08170	Q08170	SRSF4_HUMAN	SRSF4	Serine/arginine-rich splicing factor 4	1.26546e+06
Q08170;Q13243;Q13247;Q13247-3	Q13243;Q13243-3;Q13247;Q13247-3;Q08170	SRSF4_HUMAN;SRSF5_HUMAN;SRSF6_HUMAN	SRSF4;SRSF5;SRSF6	Serine/arginine-rich splicing factor 4	3.01445e+06
Q08170;Q13247;Q13247-3	Q13247;Q13247-2;Q13247-3;Q08170	SRSF4_HUMAN;SRSF6_HUMAN	SRSF4;SRSF6	Serine/arginine-rich splicing factor 4	613746
Q08174;Q08174-2	Q08174;Q08174-2	PCDH1_HUMAN	PCDH1	Protocadherin-1	28139
Q08209;Q08209-2	Q08209;Q08209-2;Q08209-3;Q08209-5	PP2BA_HUMAN	PPP3CA	Serine/threonine-protein phosphatase 2B catalytic subunit alpha isoform	824530
Q08211	Q08211	DHX9_HUMAN	DHX9	ATP-dependent RNA helicase A	2.71982e+07
Q08257	Q08257;Q08257-3	QOR_HUMAN	CRYZ	Quinone oxidoreductase	3.29586e+06
Q08357	Q08357	S20A2_HUMAN	SLC20A2	Sodium-dependent phosphate transporter 2	27534
Q08378	Q08378;Q08378-2	GOGA3_HUMAN	GOLGA3	Golgin subfamily A member 3	1.26489e+06
Q08379	Q08379	GOGA2_HUMAN	GOLGA2	Golgin subfamily A member 2	1.43407e+06
Q08379;Q9NVV4-2	Q08379;Q08379-2;Q9NVV4-2	GOGA2_HUMAN;PAPD1_HUMAN	GOLGA2;MTPAP	Golgin subfamily A member 2	35257
Q08380	Q08380	LG3BP_HUMAN	LGALS3BP	Galectin-3-binding protein	757471
Q08426	Q08426;Q08426-2	ECHP_HUMAN	EHHADH	Peroxisomal bifunctional enzyme	473451
Q08495;Q08495-2;Q08495-3;Q08495-4	Q08495;Q08495-2;Q08495-3;Q08495-4	DEMA_HUMAN	DMTN	Dematin	100569
Q08499;Q08499-10;Q08499-11;Q08499-2;Q08499-6;Q08499-9	Q08499;Q08499-2;Q08499-3;Q08499-4;Q08499-5;Q08499-6;Q08499-8;Q08499-9;Q08499-10;Q08499-11	PDE4D_HUMAN	PDE4D	cAMP-specific 3',5'-cyclic phosphodiesterase 4D	263933
Q08554;Q08554-2	Q08554;Q08554-2	DSC1_HUMAN	DSC1	Desmocollin-1	44043
Q08623;Q08623-3;Q08623-4	Q08623;Q08623-2;Q08623-3;Q08623-4	HDHD1_HUMAN	PUDP	Pseudouridine-5'-phosphatase	198463
Q08722;Q08722-2;Q08722-3;Q08722-4	Q08722;Q08722-2;Q08722-3;Q08722-4	CD47_HUMAN	CD47	Leukocyte surface antigen CD47	283870
Q08752	Q08752	PPID_HUMAN	PPID	Peptidyl-prolyl cis-trans isomerase D	518588
Q08945	Q08945	SSRP1_HUMAN	SSRP1	FACT complex subunit SSRP1	6.19708e+06
Q08AD1;Q08AD1-2;Q08AD1-3	Q08AD1;Q08AD1-2;Q08AD1-3	CAMP2_HUMAN	CAMSAP2	Calmodulin-regulated spectrin-associated protein 2	1.47082e+06
Q08AE8;Q08AE8-2;Q08AE8-3;Q08AE8-4;Q08AE8-5	Q08AE8;Q08AE8-5;Q08AE8-2;Q08AE8-3;Q08AE8-4	SPIR1_HUMAN	SPIRE1	Protein spire homolog 1	17875
Q08AF3	Q08AF3;Q08AF3-2	SLFN5_HUMAN	SLFN5	Schlafen family member 5	817557
Q08AF3;Q7Z7L1	Q08AF3;Q7Z7L1	SLFN5_HUMAN;SLN11_HUMAN	SLFN11;SLFN5	Schlafen family member 5	360750
Q08AG7	Q08AG7	MZT1_HUMAN	MZT1	Mitotic-spindle organizing protein 1	96017
Q08AM6	Q08AM6	VAC14_HUMAN	VAC14	Protein VAC14 homolog	652959
Q08J23	Q08J23;Q08J23-2;Q08J23-3	NSUN2_HUMAN	NSUN2	RNA cytosine C(5)-methyltransferase NSUN2	8.50912e+06
Q09028;Q09028-3	Q09028;Q09028-2;Q09028-3;Q09028-4	RBBP4_HUMAN	RBBP4	Histone-binding protein RBBP4	2.35967e+06
Q09028;Q09028-3;Q16576	Q09028;Q09028-2;Q09028-3;Q16576;Q16576-2	RBBP4_HUMAN;RBBP7_HUMAN	RBBP4;RBBP7	Histone-binding protein RBBP4	4.22344e+06
Q09161	Q09161	NCBP1_HUMAN	NCBP1	Nuclear cap-binding protein subunit 1	2.9147e+06
Q09328	Q09328	MGT5A_HUMAN	MGAT5	Alpha-1,6-mannosylglycoprotein 6-beta-N-acetylglucosaminyltransferase A	262698
Q09472	Q09472	EP300_HUMAN	EP300	Histone acetyltransferase p300	40489
Q09472;Q92793;Q92793-2	Q09472;Q92793;Q92793-2	CBP_HUMAN;EP300_HUMAN	CREBBP;EP300	Histone acetyltransferase p300	192968
Q09666	Q09666	AHNK_HUMAN	AHNAK	Neuroblast differentiation-associated protein AHNAK	8.44398e+07
Q0IIM8	Q0IIM8	TBC8B_HUMAN	TBC1D8B	TBC1 domain family member 8B	68631
Q0JRZ9	Q0JRZ9;Q0JRZ9-2;Q0JRZ9-3	FCHO2_HUMAN	FCHO2	F-BAR domain only protein 2	279701
Q0P6H9	Q0P6H9	TMM62_HUMAN	TMEM62	Transmembrane protein 62	89481
Q0PNE2;Q0PNE2-2	Q0PNE2;Q0PNE2-2	ELP6_HUMAN	ELP6	Elongator complex protein 6	267110
Q0VDF9	Q0VDF9	HSP7E_HUMAN	HSPA14	Heat shock 70 kDa protein 14	643904
Q0VDG4;Q0VDG4-2	Q0VDG4;Q0VDG4-2	SCRN3_HUMAN	SCRN3	Secernin-3	86204
Q0VG06;Q0VG06-3	Q0VG06;Q0VG06-3	FP100_HUMAN	FAAP100	Fanconi anemia core complex-associated protein 100	24558
Q10469	Q10469	MGAT2_HUMAN	MGAT2	Alpha-1,6-mannosyl-glycoprotein 2-beta-N-acetylglucosaminyltransferase	604200
Q10471	Q10471	GALT2_HUMAN	GALNT2	Polypeptide N-acetylgalactosaminyltransferase 2	3.19074e+06
Q10471;Q8N4A0	Q10471;Q8N4A0;Q8N4A0-2	GALT2_HUMAN;GALT4_HUMAN	GALNT2;GALNT4	Polypeptide N-acetylgalactosaminyltransferase 2	259832
Q10472	Q10472	GALT1_HUMAN	GALNT1	Polypeptide N-acetylgalactosaminyltransferase 1	553320
Q10472;Q8IUC8	Q8IUC8;Q8IUC8-2;Q8IUC8-3;Q10472	GALT1_HUMAN;GLT13_HUMAN	GALNT1;GALNT13	Polypeptide N-acetylgalactosaminyltransferase 1	68670
Q10567;Q10567-2	Q10567;Q10567-2;Q10567-3;Q10567-4	AP1B1_HUMAN	AP1B1	AP-1 complex subunit beta-1	2.54444e+06
Q10570	Q10570	CPSF1_HUMAN	CPSF1	Cleavage and polyadenylation specificity factor subunit 1	2.54741e+06
Q10589;Q10589-2	Q10589;Q10589-2	BST2_HUMAN	BST2	Bone marrow stromal antigen 2	740527
Q10713	Q10713;Q10713-2	MPPA_HUMAN	PMPCA	Mitochondrial-processing peptidase subunit alpha	1.97086e+06
Q11206;Q11206-2;Q11206-3;Q11206-4;Q11206-5;Q11206-6;Q11206-7	Q11206;Q11206-2;Q11206-3;Q11206-4;Q11206-5;Q11206-6;Q11206-7	SIA4C_HUMAN	ST3GAL4	CMP-N-acetylneuraminate-beta-galactosamide-alpha-2,3-sialyltransferase 4	22172
Q12756;Q12756-2;Q12756-3	Q12756;Q12756-2;Q12756-3	KIF1A_HUMAN	KIF1A	Kinesin-like protein KIF1A	1.10245e+06
Q12765;Q12765-2	Q12765;Q12765-2	SCRN1_HUMAN	SCRN1	Secernin-1	180056
Q12768	Q12768	WASC5_HUMAN	WASHC5	WASH complex subunit 5	3.66834e+06
Q12769	Q12769;Q12769-2	NU160_HUMAN	NUP160	Nuclear pore complex protein Nup160	2.45158e+06
Q12770;Q12770-2;Q12770-4	Q12770;Q12770-2;Q12770-4	SCAP_HUMAN	SCAP	Sterol regulatory element-binding protein cleavage-activating protein	33562
Q12774	Q12774;Q12774-2	ARHG5_HUMAN	ARHGEF5	Rho guanine nucleotide exchange factor 5	84505
Q12788	Q12788	TBL3_HUMAN	TBL3	Transducin beta-like protein 3	3.54367e+06
Q12789	Q12789;Q12789-3	TF3C1_HUMAN	GTF3C1	General transcription factor 3C polypeptide 1	898859
Q12792	Q12792;Q12792-3;Q12792-4	TWF1_HUMAN	TWF1	Twinfilin-1	1.8018e+06
Q12792;Q6IBS0	Q12792;Q12792-3;Q12792-4;Q9NR96-4;Q6IBS0	TWF1_HUMAN;TWF2_HUMAN	TWF1;TWF2	Twinfilin-1	116212
Q12797	Q12797;Q12797-10	ASPH_HUMAN	ASPH	Aspartyl/asparaginyl beta-hydroxylase	4.59952e+06
Q12800	Q12800;Q12800-2;Q12800-3;Q12800-4	TFCP2_HUMAN	TFCP2	Alpha-globin transcription factor CP2	415306
Q12800;Q9NZI6	Q9NZI6;Q12800;Q12800-2;Q12800-3;Q12800-4	TF2L1_HUMAN;TFCP2_HUMAN	TFCP2;TFCP2L1	Alpha-globin transcription factor CP2	40095
Q12800;Q9NZI7	Q9NZI7;Q9NZI7-4;Q12800;Q12800-2;Q12800-3;Q12800-4	TFCP2_HUMAN;UBIP1_HUMAN	TFCP2;UBP1	Alpha-globin transcription factor CP2	76063
Q12802;Q12802-2;Q12802-4	Q12802;Q12802-2;Q12802-4	AKP13_HUMAN	AKAP13	A-kinase anchor protein 13	1.13306e+06
Q12805;Q12805-2;Q12805-3;Q12805-4;Q12805-5	Q12805;Q12805-2;Q12805-3;Q12805-4;Q12805-5	FBLN3_HUMAN	EFEMP1	EGF-containing fibulin-like extracellular matrix protein 1	430894
Q12824	Q12824;Q12824-2	SNF5_HUMAN	SMARCB1	SWI/SNF-related matrix-associated actin-dependent regulator of chromatin subfamily B member 1	444170
Q12830;Q12830-2	Q12830;Q12830-2;Q12830-4	BPTF_HUMAN	BPTF	Nucleosome-remodeling factor subunit BPTF	1.6394e+06
Q12841;Q12841-2	Q12841;Q12841-2	FSTL1_HUMAN	FSTL1	Follistatin-related protein 1	140135
Q12846	Q12846	STX4_HUMAN	STX4	Syntaxin-4	748077
Q12849	Q12849;Q12849-5	GRSF1_HUMAN	GRSF1	G-rich sequence factor 1	575523
Q12851;Q12851-2	Q12851;Q12851-2	M4K2_HUMAN	MAP4K2	Mitogen-activated protein kinase kinase kinase kinase 2	47306
Q12860;Q12860-2	Q12860;Q12860-2;Q12860-3	CNTN1_HUMAN	CNTN1	Contactin-1	95608
Q12872;Q12872-2	Q12872;Q12872-2	SFSWA_HUMAN	SFSWAP	Splicing factor, suppressor of white-apricot homolog	273807
Q12872;Q12872-2;Q92598;Q92598-2	Q92598;Q92598-2;Q92598-3;Q92598-4;Q12872;Q12872-2;Reverse_sp|Q8NB25|F184A_HUMAN;Reverse_sp|Q8NB25-2|F184A_HUMAN;Reverse_sp|Q8NB25-3|F184A_HUMAN;Reverse_sp|Q8NB25-4|F184A_HUMAN	HS105_HUMAN;SFSWA_HUMAN	HSPH1;SFSWAP	Splicing factor, suppressor of white-apricot homolog	57130
Q12873;Q12873-2;Q12873-3	Q12873;Q12873-2;Q12873-3	CHD3_HUMAN	CHD3	Chromodomain-helicase-DNA-binding protein 3	1.08566e+06
Q12873;Q12873-2;Q12873-3;Q14839;Q14839-2	Q12873;Q12873-2;Q12873-3;Q14839;Q14839-2	CHD3_HUMAN;CHD4_HUMAN	CHD3;CHD4	Chromodomain-helicase-DNA-binding protein 3	66198
Q12873;Q12873-2;Q12873-3;Q14839;Q14839-2;Q8TDI0	Q12873;Q12873-2;Q12873-3;Q14839;Q14839-2;Q8TDI0	CHD3_HUMAN;CHD4_HUMAN;CHD5_HUMAN	CHD3;CHD4;CHD5	Chromodomain-helicase-DNA-binding protein 3	1.14954e+06
Q12873;Q12873-2;Q12873-3;Q8TDI0	Q12873;Q12873-2;Q12873-3;Q8TDI0	CHD3_HUMAN;CHD5_HUMAN	CHD3;CHD5	Chromodomain-helicase-DNA-binding protein 3	47902
Q12874	Q12874	SF3A3_HUMAN	SF3A3	Splicing factor 3A subunit 3	1.93165e+06
Q12882	Q12882	DPYD_HUMAN	DPYD	Dihydropyrimidine dehydrogenase [NADP(+)]	138569
Q12888;Q12888-2;Q12888-3	Q12888;Q12888-2;Q12888-3	TP53B_HUMAN	TP53BP1	TP53-binding protein 1	2.95778e+06
Q12893	Q12893	TM115_HUMAN	TMEM115	Transmembrane protein 115	97570
Q12894;Q12894-2	Q12894;Q12894-2	IFRD2_HUMAN	IFRD2	Interferon-related developmental regulator 2	185303
Q12899	Q12899	TRI26_HUMAN	TRIM26	Tripartite motif-containing protein 26	276837
Q12904;Q12904-2	Q12904;Q12904-2	AIMP1_HUMAN	AIMP1	Aminoacyl tRNA synthase complex-interacting multifunctional protein 1	2.97733e+06
Q12905	Q12905	ILF2_HUMAN	ILF2	Interleukin enhancer-binding factor 2	7.68947e+06
Q12906	Q12906;Q12906-2;Q12906-3;Q12906-4;Q12906-5;Q12906-6;Q12906-7	ILF3_HUMAN	ILF3	Interleukin enhancer-binding factor 3	2.0437e+07
Q12906;Q96SI9;Q96SI9-2	Q96SI9;Q96SI9-2;Q12906;Q12906-2;Q12906-3;Q12906-4;Q12906-5;Q12906-6;Q12906-7	ILF3_HUMAN;STRBP_HUMAN	ILF3;STRBP	Interleukin enhancer-binding factor 3	1.24312e+06
Q12907	Q12907	LMAN2_HUMAN	LMAN2	Vesicular integral-membrane protein VIP36	3.77505e+06
Q12913	Q12913	PTPRJ_HUMAN	PTPRJ	Receptor-type tyrosine-protein phosphatase eta	513272
Q12926;Q12926-2	Q12926;Q12926-2	ELAV2_HUMAN	ELAVL2	ELAV-like protein 2	414889
Q12926;Q12926-2;Q15717;Q15717-2	P26378;P26378-1;P26378-2;P26378-3;P26378-4;P26378-5;Q12926;Q12926-2;Q15717;Q15717-2	ELAV1_HUMAN;ELAV2_HUMAN	ELAVL1;ELAVL2	ELAV-like protein 2	556290
Q12931;Q12931-2	Q12931;Q12931-2	TRAP1_HUMAN	TRAP1	Heat shock protein 75 kDa, mitochondrial	1.93083e+07
Q12933;Q12933-2;Q12933-3;Q12933-4	Q12933;Q12933-2;Q12933-3;Q12933-4	TRAF2_HUMAN	TRAF2	TNF receptor-associated factor 2	527445
Q12948	Q12948	FOXC1_HUMAN	FOXC1	Forkhead box protein C1	77080
Q12950;Q3SYB3;Q5VV16;Q8WXT5	Q8WXT5;Q3SYB3;Q12950;Q5VV16	FOXD4_HUMAN;FX4L4_HUMAN;FX4L5_HUMAN;FX4L6_HUMAN	FOXD4;FOXD4L4;FOXD4L5;FOXD4L6	Forkhead box protein D4	80389
Q12955	Q12955	ANK3_HUMAN	ANK3	Ankyrin-3	178376
Q12959;Q12959-2;Q12959-3;Q12959-4;Q12959-5;Q12959-6;Q12959-7	Q12959;Q12959-2;Q12959-3;Q12959-4;Q12959-5;Q12959-6;Q12959-7	DLG1_HUMAN	DLG1	Disks large homolog 1	1.11203e+06
Q12959;Q12959-2;Q12959-3;Q12959-4;Q12959-5;Q12959-6;Q12959-7;Q92796;Q92796-2;Q92796-3	Q12959;Q12959-2;Q12959-3;Q12959-4;Q12959-5;Q12959-6;Q12959-7;Q12959-8;Q12959-9;Q15700;Q15700-2;Q15700-3;Q15700-4;Q15700-5;Q92796;Q92796-2;Q92796-3	DLG1_HUMAN;DLG3_HUMAN	DLG1;DLG3	Disks large homolog 1	165314
Q12962	Q12962	TAF10_HUMAN	TAF10	Transcription initiation factor TFIID subunit 10	130348
Q12965	Q12965	MYO1E_HUMAN	MYO1E	Unconventional myosin-Ie	3.59504e+06
Q12968;Q12968-2;Q12968-3;Q12968-4;Q12968-5;Q12968-6	Q12968;Q12968-2;Q12968-3;Q12968-4;Q12968-5;Q12968-6	NFAC3_HUMAN	NFATC3	Nuclear factor of activated T-cells, cytoplasmic 3	133070
Q12972	Q12972;Q12972-2	PP1R8_HUMAN	PPP1R8	Nuclear inhibitor of protein phosphatase 1	912232
Q12974	Q12974;Q12974-2;Q12974-4	TP4A2_HUMAN	PTP4A2	Protein tyrosine phosphatase type IVA 2	223057
Q12974;Q93096	Q93096;Q12974;Q12974-3	TP4A1_HUMAN;TP4A2_HUMAN	PTP4A1;PTP4A2	Protein tyrosine phosphatase type IVA 2	1.36827e+06
Q12979;Q12979-2;Q12979-4	Q12979;Q12979-2;Q12979-4	ABR_HUMAN	ABR	Active breakpoint cluster region-related protein	662349
Q12980	Q12980	NPRL3_HUMAN	NPRL3	GATOR complex protein NPRL3	21697
Q12981;Q12981-1	Q12981;Q12981-2;Q12981-1;Q12981-3	SEC20_HUMAN	BNIP1	Vesicle transport protein SEC20	149489
Q12982;Q12982-2	Q12982;Q12982-2	BNIP2_HUMAN	BNIP2	BCL2/adenovirus E1B 19 kDa protein-interacting protein 2	110966
Q12986	Q12986	NFX1_HUMAN	NFX1	Transcriptional repressor NF-X1	395045
Q12996	Q12996	CSTF3_HUMAN	CSTF3	Cleavage stimulation factor subunit 3	2.23931e+06
Q13007;Q13007-2;Q13007-3	Q13007;Q13007-2;Q13007-3	IL24_HUMAN	IL24	Interleukin-24	22387
Q13011	Q13011	ECH1_HUMAN	ECH1	Delta(3,5)-Delta(2,4)-dienoyl-CoA isomerase, mitochondrial	3.98352e+06
Q13017;Q13017-2	Q13017;Q13017-2	RHG05_HUMAN	ARHGAP5	Rho GTPase-activating protein 5	227372
Q13029;Q13029-2;Q13029-3;Q13029-5	Q13029;Q13029-2;Q13029-3;Q13029-5	PRDM2_HUMAN	PRDM2	PR domain zinc finger protein 2	141733
Q13033;Q13033-2	Q13033;Q13033-2	STRN3_HUMAN	STRN3	Striatin-3	625940
Q13033;Q13033-2;Q9NRL3;Q9NRL3-3	Q13033;Q13033-2;Q9NRL3;Q9NRL3-3	STRN3_HUMAN;STRN4_HUMAN	STRN3;STRN4	Striatin-3	50739
Q13042;Q13042-2;Q13042-3	Q13042;Q13042-2;Q13042-3;Q13042-4	CDC16_HUMAN	CDC16	Cell division cycle protein 16 homolog	669726
Q13043	Q13043;Q13043-2	STK4_HUMAN	STK4	Serine/threonine-protein kinase 4	720601
Q13043;Q13188;Q13188-2	Q13043;Q13043-2;Q13188;Q13188-2	STK3_HUMAN;STK4_HUMAN	STK3;STK4	Serine/threonine-protein kinase 4	156593
Q13045	Q13045;Q13045-2;Q13045-3	FLII_HUMAN	FLII	Protein flightless-1 homolog	3.59606e+06
Q13049	Q13049	TRI32_HUMAN	TRIM32	E3 ubiquitin-protein ligase TRIM32	329941
Q13057;Q13057-2	Q13057;Q13057-2	COASY_HUMAN	COASY	Bifunctional coenzyme A synthase	1.02645e+06
Q13077;Q13077-2	Q13077;Q13077-2	TRAF1_HUMAN	TRAF1	TNF receptor-associated factor 1	2.7885e+06
Q13084	Q13084	RM28_HUMAN	MRPL28	39S ribosomal protein L28, mitochondrial	479570
Q13085;Q13085-4	Q13085;Q13085-2;Q13085-3;Q13085-4	ACACA_HUMAN	ACACA	Acetyl-CoA carboxylase 1	4.95217e+06
Q13098;Q13098-5;Q13098-7	Q13098;Q13098-5;Q13098-6;Q13098-7	CSN1_HUMAN	GPS1	COP9 signalosome complex subunit 1	1.56788e+06
Q13107;Q13107-2	Q13107;Q13107-2	UBP4_HUMAN	USP4	Ubiquitin carboxyl-terminal hydrolase 4	81556
Q13111	Q13111;Q13111-2;Q13111-3	CAF1A_HUMAN	CHAF1A	Chromatin assembly factor 1 subunit A	427173
Q13112	Q13112	CAF1B_HUMAN	CHAF1B	Chromatin assembly factor 1 subunit B	378675
Q13123	Q13123	RED_HUMAN	IK	Protein Red	1.66852e+06
Q13126	Q13126;Q13126-2;Q13126-3;Q13126-4;Q13126-5;Q13126-6;Q13126-7	MTAP_HUMAN	MTAP	S-methyl-5'-thioadenosine phosphorylase	2.83246e+06
Q13129	Q13129	RLF_HUMAN	RLF	Zinc finger protein Rlf	415744
Q13131;Q13131-2	Q13131;Q13131-2	AAPK1_HUMAN	PRKAA1	5'-AMP-activated protein kinase catalytic subunit alpha-1	464814
Q13136	Q13136;Q13136-2	LIPA1_HUMAN	PPFIA1	Liprin-alpha-1	1.34314e+06
Q13137;Q13137-2;Q13137-3;Q13137-4;Q13137-5	Q13137;Q13137-2;Q13137-3;Q13137-4;Q13137-5	CACO2_HUMAN	CALCOCO2	Calcium-binding and coiled-coil domain-containing protein 2	205165
Q13144	Q13144	EI2BE_HUMAN	EIF2B5	Translation initiation factor eIF-2B subunit epsilon	557070
Q13148	Q13148	TADBP_HUMAN	TARDBP	TAR DNA-binding protein 43	3.24492e+06
Q13151	Q13151	ROA0_HUMAN	HNRNPA0	Heterogeneous nuclear ribonucleoprotein A0	4.04644e+06
Q13153;Q13153-2	Q13153;Q13153-2	PAK1_HUMAN	PAK1	Serine/threonine-protein kinase PAK 1	34467
Q13153;Q13153-2;Q13177	O75914;O75914-2;O75914-3;O75914-4;Q13177;Q13153;Q13153-2	PAK1_HUMAN;PAK2_HUMAN	PAK1;PAK2	Serine/threonine-protein kinase PAK 1	752713
Q13155	Q13155;Q13155-2	AIMP2_HUMAN	AIMP2	Aminoacyl tRNA synthase complex-interacting multifunctional protein 2	3.54592e+06
Q13158	Q13158	FADD_HUMAN	FADD	FAS-associated death domain protein	189163
Q13162	Q13162	PRDX4_HUMAN	PRDX4	Peroxiredoxin-4	4.48557e+06
Q13163;Q13163-2;Q13163-3;Q13163-4	Q13163;Q13163-2;Q13163-3;Q13163-4	MP2K5_HUMAN	MAP2K5	Dual specificity mitogen-activated protein kinase kinase 5	68530
Q13164;Q13164-3	Q13164;Q13164-2;Q13164-3;Q13164-4	MK07_HUMAN	MAPK7	Mitogen-activated protein kinase 7	36378
Q13177	Q13177	PAK2_HUMAN	PAK2	Serine/threonine-protein kinase PAK 2	2.88843e+06
Q13185	Q13185	CBX3_HUMAN	CBX3	Chromobox protein homolog 3	2.98808e+06
Q13188;Q13188-2	Q13188;Q13188-2	STK3_HUMAN	STK3	Serine/threonine-protein kinase 3	78975
Q13190	Q13190;Q13190-2;Q13190-3;Q13190-4	STX5_HUMAN	STX5	Syntaxin-5	1.51694e+06
Q13200	Q13200;Q13200-2;Q13200-3	PSMD2_HUMAN	PSMD2	26S proteasome non-ATPase regulatory subunit 2	7.23155e+06
Q13206	Q13206	DDX10_HUMAN	DDX10	Probable ATP-dependent RNA helicase DDX10	538973
Q13217	Q13217	DNJC3_HUMAN	DNAJC3	DnaJ homolog subfamily C member 3	1.10529e+06
Q13217;Q13555;Q13555-10;Q13555-11;Q13555-2;Q13555-3;Q13555-4;Q13555-5;Q13555-6;Q13555-7;Q13555-8;Q13555-9;Q13557;Q13557-10;Q13557-11;Q13557-12;Q13557-6;Q13557-8	Q9UQM7;Q9UQM7-2;Q13217;Q13555;Q13555-2;Q13555-3;Q13555-4;Q13555-5;Q13555-6;Q13555-7;Q13555-8;Q13555-9;Q13555-10;Q13555-11;Q13554;Q13554-2;Q13554-3;Q13554-4;Q13554-5;Q13554-6;Q13554-7;Q13554-8;Q13557;Q13557-3;Q13557-4;Q13557-8;Q13557-9;Q13557-5;Q13557-6;Q13557-10;Q13557-11;Q13557-12	DNJC3_HUMAN;KCC2D_HUMAN;KCC2G_HUMAN	CAMK2D;CAMK2G;DNAJC3	DnaJ homolog subfamily C member 3	341129
Q13224	Q13224	NMDE2_HUMAN	GRIN2B	Glutamate receptor ionotropic, NMDA 2B	119432
Q13227;Q13227-2	Q13227;Q13227-2	GPS2_HUMAN	GPS2	G protein pathway suppressor 2	261582
Q13228;Q13228-4	Q13228;Q13228-2;Q13228-3;Q13228-4	SBP1_HUMAN	SELENBP1	Methanethiol oxidase	2.03914e+06
Q13232	Q13232	NDK3_HUMAN	NME3	Nucleoside diphosphate kinase 3	168544
Q13233	Q13233	M3K1_HUMAN	MAP3K1	Mitogen-activated protein kinase kinase kinase 1	331992
Q13242	Q13242	SRSF9_HUMAN	SRSF9	Serine/arginine-rich splicing factor 9	4.23987e+06
Q13243	Q13243;Q13243-2;Q13243-3	SRSF5_HUMAN	SRSF5	Serine/arginine-rich splicing factor 5	986997
Q13247;Q13247-3	Q13247;Q13247-3	SRSF6_HUMAN	SRSF6	Serine/arginine-rich splicing factor 6	2.11024e+06
Q13255;Q13255-2;Q13255-3	Q13255;Q13255-2;Q13255-3	GRM1_HUMAN	GRM1	Metabotropic glutamate receptor 1	35784
Q13257	Q13257;Q13257-2	MD2L1_HUMAN	MAD2L1	Mitotic spindle assembly checkpoint protein MAD2A	869742
Q13263	Q13263;Q13263-2	TIF1B_HUMAN	TRIM28	Transcription intermediary factor 1-beta	1.4572e+07
Q13277;Q13277-2;Q13277-3	Q13277;Q13277-2;Q13277-3	STX3_HUMAN	STX3	Syntaxin-3	71390
Q13283	Q13283	G3BP1_HUMAN	G3BP1	Ras GTPase-activating protein-binding protein 1	1.19748e+07
Q13283;Q9UN86	Q13283;Q13283-2;Q9UN86;Q9UN86-2	G3BP1_HUMAN;G3BP2_HUMAN	G3BP1;G3BP2	Ras GTPase-activating protein-binding protein 1	2.00431e+06
Q13287	Q13287	NMI_HUMAN	NMI	N-myc-interactor	604738
Q13303;Q13303-2;Q13303-3;Q13303-4	Q13303;Q13303-2;Q13303-3;Q13303-4;Q13303-5	KCAB2_HUMAN	KCNAB2	Voltage-gated potassium channel subunit beta-2	170440
Q13309	Q13309;Q13309-4	SKP2_HUMAN	SKP2	S-phase kinase-associated protein 2	54105
Q13310	Q13310;Q13310-2;Q13310-3	PABP4_HUMAN	PABPC4	Polyadenylate-binding protein 4	4.44292e+06
Q13315	Q13315	ATM_HUMAN	ATM	Serine-protein kinase ATM	587393
Q13322;Q13322-2;Q13322-4	Q13322;Q13322-2;Q13322-3;Q13322-4	GRB10_HUMAN	GRB10	Growth factor receptor-bound protein 10	189711
Q13325;Q13325-2	Q13325;Q13325-2	IFIT5_HUMAN	IFIT5	Interferon-induced protein with tetratricopeptide repeats 5	125070
Q13330;Q13330-3	Q13330;Q13330-2;Q13330-3	MTA1_HUMAN	MTA1	Metastasis-associated protein MTA1	1.20242e+06
Q13330;Q13330-3;Q9BTC8;Q9BTC8-2	Q9BTC8;Q9BTC8-2;Q13330;Q13330-2;Q13330-3	MTA1_HUMAN;MTA3_HUMAN	MTA1;MTA3	Metastasis-associated protein MTA1	327081
Q13332;Q13332-2;Q13332-3;Q13332-4;Q13332-5;Q13332-6;Q13332-7	Q13332;Q13332-2;Q13332-3;Q13332-4;Q13332-5;Q13332-6;Q13332-7	PTPRS_HUMAN	PTPRS	Receptor-type tyrosine-protein phosphatase S	34284
Q13347	Q13347	EIF3I_HUMAN	EIF3I	Eukaryotic translation initiation factor 3 subunit I	6.70047e+06
Q13352;Q13352-2;Q13352-5	Q13352;Q13352-2;Q13352-5	CENPR_HUMAN	ITGB3BP	Centromere protein R	55222
Q13356	Q13356;Q13356-2	PPIL2_HUMAN	PPIL2	RING-type E3 ubiquitin-protein ligase PPIL2	365953
Q13356;Q9Y3C6	Q9Y3C6;Q13356;Q13356-2;Reverse_sp|A2AJT9|BCLA3_HUMAN;Reverse_sp|A2AJT9-2|BCLA3_HUMAN	PPIL1_HUMAN;PPIL2_HUMAN	PPIL1;PPIL2	RING-type E3 ubiquitin-protein ligase PPIL2	179513
Q13362;Q13362-3;Q13362-4;Q13362-5	Q13362;Q13362-3;Q13362-4;Q13362-5	2A5G_HUMAN	PPP2R5C	Serine/threonine-protein phosphatase 2A 56 kDa regulatory subunit gamma isoform	429055
Q13362;Q13362-3;Q13362-4;Q13362-5;Q14738	Q13362;Q13362-2;Q13362-3;Q13362-4;Q13362-5;Q14738;Q14738-2;Q14738-3	2A5D_HUMAN;2A5G_HUMAN	PPP2R5C;PPP2R5D	Serine/threonine-protein phosphatase 2A 56 kDa regulatory subunit gamma isoform	253412
Q13362;Q13362-3;Q13362-4;Q13362-5;Q14738;Q15172;Q5TA45;Q5TA45-3	Q15172;Q15172-2;Q13362;Q13362-2;Q13362-3;Q13362-4;Q13362-5;Q14738;Q14738-2;Q14738-3;Q5TA45;Q5TA45-2;Q5TA45-3;Q5TA45-4;Q5TA45-5	2A5A_HUMAN;2A5D_HUMAN;2A5G_HUMAN;INT11_HUMAN	INTS11;PPP2R5A;PPP2R5C;PPP2R5D	Serine/threonine-protein phosphatase 2A 56 kDa regulatory subunit gamma isoform	127911
Q13362;Q13362-3;Q13362-4;Q13362-5;Q14738;Q16537;Q16537-2	Q16537;Q16537-2;Q16537-3;Q13362;Q13362-2;Q13362-3;Q13362-4;Q13362-5;Q14738;Q14738-2;Q14738-3;Q15173;Q15173-2	2A5D_HUMAN;2A5E_HUMAN;2A5G_HUMAN	PPP2R5C;PPP2R5D;PPP2R5E	Serine/threonine-protein phosphatase 2A 56 kDa regulatory subunit gamma isoform	57826
Q13363;Q13363-2	Q13363;Q13363-2	CTBP1_HUMAN	CTBP1	C-terminal-binding protein 1	282994
Q13370;Q13370-2	Q13370;Q13370-2	PDE3B_HUMAN	PDE3B	cGMP-inhibited 3',5'-cyclic phosphodiesterase B	60439
Q13393;Q13393-2	Q13393;Q13393-2	PLD1_HUMAN	PLD1	Phospholipase D1	259962
Q13394;Q9Y586	Q13394;Q9Y586	MB211_HUMAN;MB212_HUMAN	MAB21L1;MAB21L2	Putative nucleotidyltransferase MAB21L1	32468
Q13395	Q13395	TARB1_HUMAN	TARBP1	Probable methyltransferase TARBP1	230475
Q13404;Q13404-1;Q13404-2;Q13404-7	Q13404;Q13404-1;Q13404-2;Q13404-6;Q13404-7	UB2V1_HUMAN	UBE2V1	Ubiquitin-conjugating enzyme E2 variant 1	4.45221e+06
Q13404;Q13404-1;Q13404-2;Q13404-7;Q15819	Q15819;Q13404;Q13404-1;Q13404-2;Q13404-7;Q13404-8	UB2V1_HUMAN;UB2V2_HUMAN	UBE2V1;UBE2V2	Ubiquitin-conjugating enzyme E2 variant 1	2.97658e+06
Q13405	Q13405	RM49_HUMAN	MRPL49	39S ribosomal protein L49, mitochondrial	1.47552e+06
Q13409;Q13409-2;Q13409-3;Q13409-7	Q13409;Q13409-2;Q13409-3;Q13409-5;Q13409-6;Q13409-7	DC1I2_HUMAN	DYNC1I2	Cytoplasmic dynein 1 intermediate chain 2	2.25544e+06
Q13415	Q13415	ORC1_HUMAN	ORC1	Origin recognition complex subunit 1	374095
Q13416	Q13416	ORC2_HUMAN	ORC2	Origin recognition complex subunit 2	248528
Q13418;Q13418-3	Q13418;Q13418-2;Q13418-3	ILK_HUMAN	ILK	Integrin-linked protein kinase	927461
Q13423	Q13423	NNTM_HUMAN	NNT	NAD(P) transhydrogenase, mitochondrial	8.13265e+06
Q13425	Q13425	SNTB2_HUMAN	SNTB2	Beta-2-syntrophin	364512
Q13426	Q13426;Q13426-2;Q13426-3	XRCC4_HUMAN	XRCC4	DNA repair protein XRCC4	237524
Q13427;Q13427-2	Q13427;Q13427-2	PPIG_HUMAN	PPIG	Peptidyl-prolyl cis-trans isomerase G	1.2165e+06
Q13428;Q13428-4	Q13428;Q13428-2;Q13428-3;Q13428-4;Q13428-5;Q13428-6;Q13428-7;Q13428-8	TCOF_HUMAN	TCOF1	Treacle protein	4.57199e+06
Q13432;Q13432-2	Q13432;Q13432-2	U119A_HUMAN	UNC119	Protein unc-119 homolog A	32682
Q13433;Q13433-2	Q13433;Q13433-2	S39A6_HUMAN	SLC39A6	Zinc transporter ZIP6	147378
Q13435	Q13435	SF3B2_HUMAN	SF3B2	Splicing factor 3B subunit 2	8.01489e+06
Q13438;Q13438-2;Q13438-5;Q13438-7	Q13438;Q13438-2;Q13438-3;Q13438-4;Q13438-5;Q13438-6;Q13438-7;Q13438-8	OS9_HUMAN	OS9	Protein OS-9	468607
Q13439;Q13439-3;Q13439-4;Q13439-5	Q13439;Q13439-3;Q13439-4;Q13439-5	GOGA4_HUMAN	GOLGA4	Golgin subfamily A member 4	1.63075e+06
Q13442	Q13442	HAP28_HUMAN	PDAP1	28 kDa heat- and acid-stable phosphoprotein	1.36472e+06
Q13443	Q13443	ADAM9_HUMAN	ADAM9	Disintegrin and metalloproteinase domain-containing protein 9	337017
Q13444;Q13444-10;Q13444-12;Q13444-2;Q13444-3;Q13444-4;Q13444-5;Q13444-6;Q13444-7;Q13444-8;Q13444-9	Q13444;Q13444-2;Q13444-3;Q13444-4;Q13444-5;Q13444-6;Q13444-7;Q13444-8;Q13444-9;Q13444-10;Q13444-12;Q13444-13	ADA15_HUMAN	ADAM15	Disintegrin and metalloproteinase domain-containing protein 15	96741
Q13445	Q13445	TMED1_HUMAN	TMED1	Transmembrane emp24 domain-containing protein 1	799250
Q13451	Q13451	FKBP5_HUMAN	FKBP5	Peptidyl-prolyl cis-trans isomerase FKBP5	1.85484e+06
Q13459;Q13459-2	Q13459;Q13459-2	MYO9B_HUMAN	MYO9B	Unconventional myosin-IXb	1.4309e+06
Q13464	Q13464	ROCK1_HUMAN	ROCK1	Rho-associated protein kinase 1	1.71755e+06
Q13469;Q13469-2;Q13469-3;Q13469-4;Q13469-5	Q13469;Q13469-2;Q13469-3;Q13469-4;Q13469-5	NFAC2_HUMAN	NFATC2	Nuclear factor of activated T-cells, cytoplasmic 2	1.62774e+07
Q13472	Q13472;Q13472-2;Q13472-3	TOP3A_HUMAN	TOP3A	DNA topoisomerase 3-alpha	336652
Q13480;Q13480-2	Q13480;Q13480-2	GAB1_HUMAN	GAB1	GRB2-associated-binding protein 1	11860
Q13485	Q13485	SMAD4_HUMAN	SMAD4	Mothers against decapentaplegic homolog 4	533219
Q13488	Q13488	VPP3_HUMAN	TCIRG1	V-type proton ATPase 116 kDa subunit a isoform 3	9225
Q13490;Q13490-2	Q13490;Q13490-2	BIRC2_HUMAN	BIRC2	Baculoviral IAP repeat-containing protein 2	37847
Q13492;Q13492-2;Q13492-3;Q13492-5	Q13492;Q13492-2;Q13492-3;Q13492-4;Q13492-5	PICAL_HUMAN	PICALM	Phosphatidylinositol-binding clathrin assembly protein	2.38414e+06
Q13496	Q13496;Q13496-2	MTM1_HUMAN	MTM1	Myotubularin	110622
Q13496;Q13614	Q13496;Q13496-2;Q13614;Q13614-2	MTM1_HUMAN;MTMR2_HUMAN	MTM1;MTMR2	Myotubularin	23235
Q13501	Q13501	SQSTM_HUMAN	SQSTM1	Sequestosome-1	1.12566e+06
Q13503	Q13503	MED21_HUMAN	MED21	Mediator of RNA polymerase II transcription subunit 21	33138
Q13505;Q13505-3	Q13505;Q13505-3	MTX1_HUMAN	MTX1	Metaxin-1	1.19783e+06
Q13506	Q13506	NAB1_HUMAN	NAB1	NGFI-A-binding protein 1	44308
Q13509	Q13509;Q13509-2	TBB3_HUMAN	TUBB3	Tubulin beta-3 chain	990438
Q13509;Q9BUF5	Q9BUF5;Q13509;Q13509-2	TBB3_HUMAN;TBB6_HUMAN	TUBB3;TUBB6	Tubulin beta-3 chain	235236
Q13509;Q9BUF5;Q9H4B7	Q9BUF5;Q13509;Q13509-2;Q9H4B7	TBB1_HUMAN;TBB3_HUMAN;TBB6_HUMAN	TUBB1;TUBB3;TUBB6	Tubulin beta-3 chain	303108
Q13510;Q13510-2	Q13510;Q13510-2;Q13510-3	ASAH1_HUMAN	ASAH1	Acid ceramidase	894480
Q13523	Q13523	PRP4B_HUMAN	PRPF4B	Serine/threonine-protein kinase PRP4 homolog	1.06957e+06
Q13526	Q13526	PIN1_HUMAN	PIN1	Peptidyl-prolyl cis-trans isomerase NIMA-interacting 1	1.09268e+06
Q13530;Q13530-2	Q13530;Q13530-2	SERC3_HUMAN	SERINC3	Serine incorporator 3	79726
Q13535;Q13535-2	Q13535;Q13535-2;Q13535-3	ATR_HUMAN	ATR	Serine/threonine-protein kinase ATR	4.15961e+06
Q13541	Q13541	4EBP1_HUMAN	EIF4EBP1	Eukaryotic translation initiation factor 4E-binding protein 1	467304
Q13542	Q13542	4EBP2_HUMAN	EIF4EBP2	Eukaryotic translation initiation factor 4E-binding protein 2	55216
Q13546	Q13546;Q13546-2	RIPK1_HUMAN	RIPK1	Receptor-interacting serine/threonine-protein kinase 1	336343
Q13547	Q13547	HDAC1_HUMAN	HDAC1	Histone deacetylase 1	736136
Q13547;Q92769	Q92769;Q92769-3;Q13547	HDAC1_HUMAN;HDAC2_HUMAN	HDAC1;HDAC2	Histone deacetylase 1	1.17003e+06
Q13547;Q92769;Q96G03	Q96G03;Q92769;Q92769-3;Q13547	HDAC1_HUMAN;HDAC2_HUMAN;PGM2_HUMAN	HDAC1;HDAC2;PGM2	Histone deacetylase 1	590787
Q13555;Q13555-10;Q13555-11;Q13555-2;Q13555-3;Q13555-4;Q13555-5;Q13555-6;Q13555-7;Q13555-8;Q13555-9	Q13555;Q13555-2;Q13555-3;Q13555-4;Q13555-5;Q13555-6;Q13555-7;Q13555-8;Q13555-9;Q13555-10;Q13555-11	KCC2G_HUMAN	CAMK2G	Calcium/calmodulin-dependent protein kinase type II subunit gamma	125776
Q13555;Q13555-10;Q13555-11;Q13555-2;Q13555-3;Q13555-4;Q13555-5;Q13555-6;Q13555-7;Q13555-8;Q13555-9;Q13557;Q13557-10;Q13557-11;Q13557-12;Q13557-6;Q13557-8	Q9UQM7;Q9UQM7-2;Q13555;Q13555-2;Q13555-3;Q13555-4;Q13555-5;Q13555-6;Q13555-7;Q13555-8;Q13555-9;Q13555-10;Q13555-11;Q13554;Q13554-2;Q13554-3;Q13554-4;Q13554-5;Q13554-6;Q13554-7;Q13554-8;Q13557;Q13557-3;Q13557-4;Q13557-8;Q13557-9;Q13557-5;Q13557-6;Q13557-10;Q13557-11;Q13557-12	KCC2D_HUMAN;KCC2G_HUMAN	CAMK2D;CAMK2G	Calcium/calmodulin-dependent protein kinase type II subunit gamma	25207
Q13557;Q13557-10;Q13557-11;Q13557-12;Q13557-6;Q13557-8	Q13557;Q13557-3;Q13557-4;Q13557-8;Q13557-9;Q13557-5;Q13557-6;Q13557-10;Q13557-11;Q13557-12	KCC2D_HUMAN	CAMK2D	Calcium/calmodulin-dependent protein kinase type II subunit delta	45564
Q13561;Q13561-2;Q13561-3	Q13561;Q13561-2;Q13561-3	DCTN2_HUMAN	DCTN2	Dynactin subunit 2	3.05024e+06
Q13563;Q13563-2;Q13563-3;Q13563-4;Q13563-5	Q13563;Q13563-2;Q13563-3;Q13563-4;Q13563-5	PKD2_HUMAN	PKD2	Polycystin-2	125567
Q13564;Q13564-2;Q13564-3;Q13564-4	Q13564;Q13564-2;Q13564-3;Q13564-4	ULA1_HUMAN	NAE1	NEDD8-activating enzyme E1 regulatory subunit	1.18182e+06
Q13569	Q13569	TDG_HUMAN	TDG	G/T mismatch-specific thymine DNA glycosylase	97300
Q13572	Q13572;Q13572-2	ITPK1_HUMAN	ITPK1	Inositol-tetrakisphosphate 1-kinase	1.0643e+06
Q13573	Q13573	SNW1_HUMAN	SNW1	SNW domain-containing protein 1	1.2809e+06
Q13574;Q13574-2;Q13574-3;Q13574-4;Q13574-5;Q13574-7	Q13574;Q13574-2;Q13574-3;Q13574-4;Q13574-5;Q13574-6;Q13574-7	DGKZ_HUMAN	DGKZ	Diacylglycerol kinase zeta	73796
Q13576	Q13576	IQGA2_HUMAN	IQGAP2	Ras GTPase-activating-like protein IQGAP2	404574
Q13586	Q13586;Q13586-2	STIM1_HUMAN	STIM1	Stromal interaction molecule 1	960460
Q13595;Q13595-2;Q13595-3;Q13595-4	Q13595;Q13595-2;Q13595-3;Q13595-4	TRA2A_HUMAN	TRA2A	Transformer-2 protein homolog alpha	375085
Q13596	Q13596;Q13596-2	SNX1_HUMAN	SNX1	Sorting nexin-1	4.26626e+06
Q13601	Q13601;Q13601-2	KRR1_HUMAN	KRR1	KRR1 small subunit processome component homolog	924813
Q13608	Q13608;Q13608-2;Q13608-3	PEX6_HUMAN	PEX6	Peroxisome assembly factor 2	191182
Q13610	Q13610	PWP1_HUMAN	PWP1	Periodic tryptophan protein 1 homolog	869305
Q13613	Q13613;Q13613-2	MTMR1_HUMAN	MTMR1	Myotubularin-related protein 1	185800
Q13613;Q13614	Q13614;Q13614-2;Q13613;Q13613-2	MTMR1_HUMAN;MTMR2_HUMAN	MTMR1;MTMR2	Myotubularin-related protein 1	30753
Q13614	Q13614;Q13614-2	MTMR2_HUMAN	MTMR2	Myotubularin-related protein 2	1.29474e+06
Q13616	Q13616	CUL1_HUMAN	CUL1	Cullin-1	1.40063e+06
Q13617;Q13617-2	Q13617;Q13617-2	CUL2_HUMAN	CUL2	Cullin-2	1.08491e+06
Q13618;Q13618-2	Q13618;Q13618-2	CUL3_HUMAN	CUL3	Cullin-3	1.59094e+06
Q13619	Q13619	CUL4A_HUMAN	CUL4A	Cullin-4A	2.69786e+06
Q13619;Q13620;Q13620-1	Q13619;Q13619-2;Q13620;Q13620-1;Q13620-3	CUL4A_HUMAN;CUL4B_HUMAN	CUL4A;CUL4B	Cullin-4A	1.22051e+06
Q13620;Q13620-1	Q13620;Q13620-1;Q13620-3	CUL4B_HUMAN	CUL4B	Cullin-4B	1.72536e+06
Q13625;Q13625-2;Q13625-3	Q13625;Q13625-2;Q13625-3	ASPP2_HUMAN	TP53BP2	Apoptosis-stimulating of p53 protein 2	807580
Q13627;Q13627-2;Q13627-3;Q13627-4;Q13627-5	Q13627;Q13627-2;Q13627-3;Q13627-4;Q13627-5	DYR1A_HUMAN	DYRK1A	Dual specificity tyrosine-phosphorylation-regulated kinase 1A	909618
Q13630	Q13630	FCL_HUMAN	TSTA3	GDP-L-fucose synthase	1.73782e+06
Q13636	Q13636	RAB31_HUMAN	RAB31	Ras-related protein Rab-31	426337
Q13636;Q9UL26	Q9UL26;Q13636	RAB31_HUMAN;RB22A_HUMAN	RAB22A;RAB31	Ras-related protein Rab-31	932237
Q13637	Q13637	RAB32_HUMAN	RAB32	Ras-related protein Rab-32	264556
Q13641	Q13641	TPBG_HUMAN	TPBG	Trophoblast glycoprotein	267440
Q13642;Q13642-1;Q13642-3;Q13642-4;Q13642-5	Q13642;Q13642-1;Q13642-3;Q13642-4;Q13642-5	FHL1_HUMAN	FHL1	Four and a half LIM domains protein 1	475348
Q13643	Q13643	FHL3_HUMAN	FHL3	Four and a half LIM domains protein 3	230633
Q13670	Q13670	PM2PB_HUMAN	PMS2P11	Putative postmeiotic segregation increased 2-like protein 11	1.37073e+06
Q13671;Q13671-2	Q13671;Q13671-2	RIN1_HUMAN	RIN1	Ras and Rab interactor 1	169375
Q13685	Q13685	AAMP_HUMAN	AAMP	Angio-associated migratory cell protein	326182
Q13686	Q13686	ALKB1_HUMAN	ALKBH1	Nucleic acid dioxygenase ALKBH1	116572
Q13705	Q13705	AVR2B_HUMAN	ACVR2B	Activin receptor type-2B	262414
Q13724;Q13724-2	Q13724;Q13724-2	MOGS_HUMAN	MOGS	Mannosyl-oligosaccharide glucosidase	2.26706e+06
Q13733	Q13733	AT1A4_HUMAN	ATP1A4	Sodium/potassium-transporting ATPase subunit alpha-4	390309
Q13740;Q13740-2	Q13740;Q13740-2;Q13740-3	CD166_HUMAN	ALCAM	CD166 antigen	633419
Q13751	Q13751	LAMB3_HUMAN	LAMB3	Laminin subunit beta-3	153075
Q13769	Q13769	THOC5_HUMAN	THOC5	THO complex subunit 5 homolog	487433
Q13794	Q13794	APR_HUMAN	PMAIP1	Phorbol-12-myristate-13-acetate-induced protein 1	20701
Q13795;Q13795-2;Q13795-3	Q13795;Q13795-2;Q13795-3	ARFRP_HUMAN	ARFRP1	ADP-ribosylation factor-related protein 1	77774
Q13796	Q13796	SHRM2_HUMAN	SHROOM2	Protein Shroom2	432317
Q13813	Q13813;Q13813-2;Q13813-3	SPTN1_HUMAN	SPTAN1	Spectrin alpha chain, non-erythrocytic 1	2.75007e+07
Q13823	Q13823	NOG2_HUMAN	GNL2	Nucleolar GTP-binding protein 2	951769
Q13825	Q13825	AUHM_HUMAN	AUH	Methylglutaconyl-CoA hydratase, mitochondrial	46805
Q13829;Q13829-2	Q13829;Q13829-2	BACD2_HUMAN	TNFAIP1	BTB/POZ domain-containing adapter for CUL3-mediated RhoA degradation protein 2	23522
Q13838;Q13838-2	Q13838;Q13838-2	DX39B_HUMAN	DDX39B	Spliceosome RNA helicase DDX39B	4.16042e+06
Q13867	Q13867	BLMH_HUMAN	BLMH	Bleomycin hydrolase	1.09181e+06
Q13868;Q13868-2	Q13868;Q13868-2;Q13868-3	EXOS2_HUMAN	EXOSC2	Exosome complex component RRP4	1.16436e+06
Q13885	Q13885	TBB2A_HUMAN	TUBB2A	Tubulin beta-2A chain	1.92553e+06
Q13887;Q13887-4	Q13887;Q13887-4	KLF5_HUMAN	KLF5	Krueppel-like factor 5	17918
Q13888;Q6P1K8	Q6P1K8;Q13888	T2H2L_HUMAN;TF2H2_HUMAN	GTF2H2;GTF2H2C	General transcription factor IIH subunit 2	101758
Q13889;Q13889-2	Q13889;Q13889-2	TF2H3_HUMAN	GTF2H3	General transcription factor IIH subunit 3	82275
Q13895	Q13895	BYST_HUMAN	BYSL	Bystin	1.04536e+06
Q13905;Q13905-2;Q13905-3;Q13905-4	Q13905;Q13905-2;Q13905-3;Q13905-4	RPGF1_HUMAN	RAPGEF1	Rap guanine nucleotide exchange factor 1	263788
Q13907;Q13907-2	Q13907;Q13907-2	IDI1_HUMAN	IDI1	Isopentenyl-diphosphate Delta-isomerase 1	333447
Q13948-9	Q13948;Q13948-2;Q13948-9;Q13948-10;P39880-9	CASP_HUMAN	CUX1	Isoform 9 of Protein CASP	434232
Q13951	Q13951	PEBB_HUMAN	CBFB	Core-binding factor subunit beta	756096
Q13952;Q13952-3	Q13952;Q13952-3	NFYC_HUMAN	NFYC	Nuclear transcription factor Y subunit gamma	64599
Q14004;Q14004-2	Q14004;Q14004-2	CDK13_HUMAN	CDK13	Cyclin-dependent kinase 13	557422
Q14004;Q14004-2;Q9NYV4;Q9NYV4-2	Q9NYV4;Q9NYV4-2;Q9NYV4-3;Q14004;Q14004-2	CDK12_HUMAN;CDK13_HUMAN	CDK12;CDK13	Cyclin-dependent kinase 13	281266
Q14008;Q14008-2	Q14008;Q14008-2;Q14008-3	CKAP5_HUMAN	CKAP5	Cytoskeleton-associated protein 5	4.96168e+06
Q14011	Q14011;Q14011-2	CIRBP_HUMAN	CIRBP	Cold-inducible RNA-binding protein	1.46532e+06
Q14012	Q14012	KCC1A_HUMAN	CAMK1	Calcium/calmodulin-dependent protein kinase type 1	29646
Q14012;Q8IU85;Q8IU85-2	Q8IU85;Q8IU85-2;Q14012	KCC1A_HUMAN;KCC1D_HUMAN	CAMK1;CAMK1D	Calcium/calmodulin-dependent protein kinase type 1	231889
Q14019	Q14019	COTL1_HUMAN	COTL1	Coactosin-like protein	1.05936e+06
Q14050	Q14050	CO9A3_HUMAN	COL9A3	Collagen alpha-3(IX) chain	646243
Q14061	Q14061	COX17_HUMAN	COX17	Cytochrome c oxidase copper chaperone	106479
Q14103;Q14103-2;Q14103-3;Q14103-4	Q14103;Q14103-2;Q14103-3;Q14103-4	HNRPD_HUMAN	HNRNPD	Heterogeneous nuclear ribonucleoprotein D0	8.3398e+06
Q14108	Q14108;Q14108-2	SCRB2_HUMAN	SCARB2	Lysosome membrane protein 2	698350
Q14114;Q14114-2;Q14114-3;Q14114-4	Q14114;Q14114-2;Q14114-3;Q14114-4	LRP8_HUMAN	LRP8	Low-density lipoprotein receptor-related protein 8	5515
Q14116;Q14116-2	Q14116;Q14116-2	IL18_HUMAN	IL18	Interleukin-18	1.69597e+06
Q14118	Q14118	DAG1_HUMAN	DAG1	Dystroglycan	862927
Q14119	Q14119	VEZF1_HUMAN	VEZF1	Vascular endothelial zinc finger 1	411302
Q14123;Q14123-2;Q14123-3	Q14123;Q14123-2;Q14123-3	PDE1C_HUMAN	PDE1C	Calcium/calmodulin-dependent 3',5'-cyclic nucleotide phosphodiesterase 1C	384902
Q14126	Q14126	DSG2_HUMAN	DSG2	Desmoglein-2	1.56534e+06
Q14134;Q14134-2	Q14134;Q14134-2	TRI29_HUMAN	TRIM29	Tripartite motif-containing protein 29	963986
Q14135;Q14135-2;Q14135-4;Q14135-5;Q14135-6	Q14135;Q14135-2;Q14135-4;Q14135-5;Q14135-6	VGLL4_HUMAN	VGLL4	Transcription cofactor vestigial-like protein 4	32856
Q14137	Q14137;Q14137-2	BOP1_HUMAN	BOP1	Ribosome biogenesis protein BOP1	2.26592e+06
Q14139;Q14139-2	Q14139;Q14139-2	UBE4A_HUMAN	UBE4A	Ubiquitin conjugation factor E4 A	766949
Q14141;Q14141-2;Q14141-4	Q14141;Q14141-2;Q14141-3;Q14141-4	SEPT6_HUMAN	SEPTIN6	Septin-6	3.71298e+06
Q14141;Q14141-2;Q14141-4;Q92599;Q92599-2;Q92599-4;Q9NVA2;Q9NVA2-2	Q14141;Q14141-2;Q14141-4;Q9NVA2;Q9NVA2-2;Q92599;Q92599-2;Q92599-3;Q92599-4	SEP11_HUMAN;SEPT6_HUMAN;SEPT8_HUMAN	SEPTIN11;SEPTIN6;SEPTIN8	Septin-6	108719
Q14141;Q14141-2;Q14141-4;Q9NVA2;Q9NVA2-2	Q14141;Q14141-2;Q14141-3;Q14141-4;Q9NVA2;Q9NVA2-2	SEP11_HUMAN;SEPT6_HUMAN	SEPTIN11;SEPTIN6	Septin-6	908891
Q14142	Q14142	TRI14_HUMAN	TRIM14	Tripartite motif-containing protein 14	243635
Q14145	Q14145	KEAP1_HUMAN	KEAP1	Kelch-like ECH-associated protein 1	44700
Q14146	Q14146	URB2_HUMAN	URB2	Unhealthy ribosome biogenesis protein 2 homolog	918516
Q14147	Q14147	DHX34_HUMAN	DHX34	Probable ATP-dependent RNA helicase DHX34	59097
Q14149	Q14149	MORC3_HUMAN	MORC3	MORC family CW-type zinc finger protein 3	280677
Q14151	Q14151	SAFB2_HUMAN	SAFB2	Scaffold attachment factor B2	1.99974e+06
Q14151;Q15424;Q15424-3;Q15424-4	Q14151;Q15424;Q15424-2;Q15424-3;Q15424-4	SAFB1_HUMAN;SAFB2_HUMAN	SAFB;SAFB2	Scaffold attachment factor B2	2.11379e+06
Q14152	Q14152;Q14152-2	EIF3A_HUMAN	EIF3A	Eukaryotic translation initiation factor 3 subunit A	1.09914e+07
Q14154	Q14154	DELE1_HUMAN	DELE1	DAP3-binding cell death enhancer 1	25284
Q14155-1;Q14155-5	Q14155;Q14155-1;Q14155-2;Q14155-3;Q14155-5;Q14155-6	ARHG7_HUMAN	ARHGEF7	Isoform 1 of Rho guanine nucleotide exchange factor 7	785195
Q14156	Q14156;Q14156-2	EFR3A_HUMAN	EFR3A	Protein EFR3 homolog A	460499
Q14157;Q14157-5	Q14157;Q14157-1;Q14157-3;Q14157-4;Q14157-5	UBP2L_HUMAN	UBAP2L	Ubiquitin-associated protein 2-like	2.99794e+06
Q14160;Q14160-3	Q14160;Q14160-2;Q14160-3	SCRIB_HUMAN	SCRIB	Protein scribble homolog	1.69466e+06
Q14160;Q14160-3;Q9BTT6	Q9BTT6;Q9BTT6-2;Q14160;Q14160-3	LRRC1_HUMAN;SCRIB_HUMAN	LRRC1;SCRIB	Protein scribble homolog	132245
Q14161;Q14161-3;Q14161-5;Q14161-9	Q14161;Q14161-2;Q14161-3;Q14161-4;Q14161-5;Q14161-6;Q14161-7;Q14161-8;Q14161-9;Q14161-10;Q14161-11	GIT2_HUMAN	GIT2	ARF GTPase-activating protein GIT2	245925
Q14161;Q14161-3;Q14161-5;Q14161-9;Q9Y2X7;Q9Y2X7-3	Q9Y2X7;Q9Y2X7-3;Q14161;Q14161-2;Q14161-3;Q14161-4;Q14161-5;Q14161-6;Q14161-7;Q14161-8;Q14161-9;Q14161-10;Q14161-11	GIT1_HUMAN;GIT2_HUMAN	GIT1;GIT2	ARF GTPase-activating protein GIT2	82719
Q14165	Q14165	MLEC_HUMAN	MLEC	Malectin	3.5409e+06
Q14166	Q14166	TTL12_HUMAN	TTLL12	Tubulin--tyrosine ligase-like protein 12	4.65814e+06
Q14181	Q14181	DPOA2_HUMAN	POLA2	DNA polymerase alpha subunit B	818219
Q14185	Q14185	DOCK1_HUMAN	DOCK1	Dedicator of cytokinesis protein 1	413862
Q14185;Q9H7D0	Q9H7D0;Q14185	DOCK1_HUMAN;DOCK5_HUMAN	DOCK1;DOCK5	Dedicator of cytokinesis protein 1	53225
Q14186	Q14186;Q14186-2	TFDP1_HUMAN	TFDP1	Transcription factor Dp-1	41897
Q14191	Q14191	WRN_HUMAN	WRN	Werner syndrome ATP-dependent helicase	346953
Q14192	Q14192	FHL2_HUMAN	FHL2	Four and a half LIM domains protein 2	367758
Q14195;Q14195-2	Q14194;Q14194-2;Q14195;Q14195-2;Q14117	DPYL3_HUMAN	DPYSL3	Dihydropyrimidinase-related protein 3	839163
Q14197	Q14197	ICT1_HUMAN	MRPL58	Peptidyl-tRNA hydrolase ICT1, mitochondrial	462140
Q14202;Q14202-2	Q14202;Q14202-2	ZMYM3_HUMAN	ZMYM3	Zinc finger MYM-type protein 3	252251
Q14202;Q14202-2;Q5VZL5;Q5VZL5-4	Q14202;Q14202-2;Q5VZL5;Q5VZL5-2;Q5VZL5-3;Q5VZL5-4	ZMYM3_HUMAN;ZMYM4_HUMAN	ZMYM3;ZMYM4	Zinc finger MYM-type protein 3	64452
Q14203;Q14203-3;Q14203-4;Q14203-6	Q14203;Q14203-2;Q14203-3;Q14203-4;Q14203-5;Q14203-6	DCTN1_HUMAN	DCTN1	Dynactin subunit 1	4.06742e+06
Q14204	Q14204	DYHC1_HUMAN	DYNC1H1	Cytoplasmic dynein 1 heavy chain 1	4.00713e+07
Q14207	Q14207	NPAT_HUMAN	NPAT	Protein NPAT	55793
Q14232	Q14232;Q14232-2	EI2BA_HUMAN	EIF2B1	Translation initiation factor eIF-2B subunit alpha	1.66216e+06
Q14240;Q14240-2	Q14240;Q14240-2	IF4A2_HUMAN	EIF4A2	Eukaryotic initiation factor 4A-II	2.04077e+06
Q14241	Q14241	ELOA1_HUMAN	ELOA	Elongin-A	433723
Q14244;Q14244-3;Q14244-6;Q14244-7	Q14244;Q14244-3;Q14244-5;Q14244-6;Q14244-7	MAP7_HUMAN	MAP7	Ensconsin	1.57644e+06
Q14244;Q14244-3;Q14244-6;Q14244-7;Q3KQU3;Q3KQU3-2;Q3KQU3-4	Q3KQU3;Q3KQU3-2;Q3KQU3-3;Q3KQU3-4;Q14244;Q14244-2;Q14244-3;Q14244-4;Q14244-5;Q14244-6;Q14244-7	MA7D1_HUMAN;MAP7_HUMAN	MAP7;MAP7D1	Ensconsin	193231
Q14247	Q14247;Q14247-3	SRC8_HUMAN	CTTN	Src substrate cortactin	5.7275e+06
Q14254	Q14254	FLOT2_HUMAN	FLOT2	Flotillin-2	2.11366e+06
Q14257;Q14257-2	Q14257;Q14257-2	RCN2_HUMAN	RCN2	Reticulocalbin-2	1.71475e+06
Q14258	Q14258	TRI25_HUMAN	TRIM25	E3 ubiquitin/ISG15 ligase TRIM25	4.74341e+06
Q14289;Q14289-2	Q14289;Q14289-2	FAK2_HUMAN	PTK2B	Protein-tyrosine kinase 2-beta	330845
Q14315;Q14315-2	Q14315;Q14315-2	FLNC_HUMAN	FLNC	Filamin-C	839481
Q14318;Q14318-2	Q14318;Q14318-2;Q14318-3	FKBP8_HUMAN	FKBP8	Peptidyl-prolyl cis-trans isomerase FKBP8	840003
Q14320	Q14320	FA50A_HUMAN	FAM50A	Protein FAM50A	1.19395e+06
Q14331	Q14331	FRG1_HUMAN	FRG1	Protein FRG1	864384
Q14344	Q14344;Q14344-2	GNA13_HUMAN	GNA13	Guanine nucleotide-binding protein subunit alpha-13	740627
Q14353	Q14353	GAMT_HUMAN	GAMT	Guanidinoacetate N-methyltransferase	274867
Q14376	Q14376;Q14376-2	GALE_HUMAN	GALE	UDP-glucose 4-epimerase	1.20593e+06
Q14393;Q14393-1;Q14393-3;Q14393-4;Q14393-5	Q14393;Q14393-1;Q14393-3;Q14393-4;Q14393-5	GAS6_HUMAN	GAS6	Growth arrest-specific protein 6	11027
Q14410	Q14410	GLPK2_HUMAN	GK2	Glycerol kinase 2	30456
Q14432	Q14432	PDE3A_HUMAN	PDE3A	cGMP-inhibited 3',5'-cyclic phosphodiesterase A	754984
Q14444;Q14444-2	Q14444;Q14444-2	CAPR1_HUMAN	CAPRIN1	Caprin-1	2.08382e+06
Q14451;Q14451-2;Q14451-3;Q14451-4	Q14451;Q14451-2;Q14451-3;Q14451-4	GRB7_HUMAN	GRB7	Growth factor receptor-bound protein 7	114686
Q14457	Q14457	BECN1_HUMAN	BECN1	Beclin-1	391802
Q14493	Q14493	SLBP_HUMAN	SLBP	Histone RNA hairpin-binding protein	94341
Q14498;Q14498-2	Q14498;Q14498-2;Q14498-3	RBM39_HUMAN	RBM39	RNA-binding protein 39	4.9106e+06
Q14498;Q14498-2;Q86U06-3	Q86U06;Q86U06-2;Q86U06-3;Q86U06-4;Q86U06-5;Q14498;Q14498-2;Q14498-3	RBM23_HUMAN;RBM39_HUMAN	RBM23;RBM39	RNA-binding protein 39	138852
Q14517	Q14517	FAT1_HUMAN	FAT1	Protocadherin Fat 1	69434
Q14520;Q14520-2	Q14520;Q14520-2	HABP2_HUMAN	HABP2	Hyaluronan-binding protein 2	26082
Q14527	Q14527	HLTF_HUMAN	HLTF	Helicase-like transcription factor	1.00925e+06
Q14534	Q14534	ERG1_HUMAN	SQLE	Squalene monooxygenase	23846
Q14542;Q14542-3	Q14542;Q14542-3	S29A2_HUMAN	SLC29A2	Equilibrative nucleoside transporter 2	119803
Q14554	Q14554;Q14554-2	PDIA5_HUMAN	PDIA5	Protein disulfide-isomerase A5	816602
Q14558;Q14558-2	Q14558;Q14558-2	KPRA_HUMAN	PRPSAP1	Phosphoribosyl pyrophosphate synthase-associated protein 1	920194
Q14562	Q14562	DHX8_HUMAN	DHX8	ATP-dependent RNA helicase DHX8	531715
Q14566	Q14566	MCM6_HUMAN	MCM6	DNA replication licensing factor MCM6	5.67283e+06
Q14568	Q14568	HS902_HUMAN	HSP90AA2P	Heat shock protein HSP 90-alpha A2	126323
Q14571	Q14571	ITPR2_HUMAN	ITPR2	Inositol 1,4,5-trisphosphate receptor type 2	1.12086e+06
Q14571;Q14573	Q14573;Q14571;Q14571-2	ITPR2_HUMAN;ITPR3_HUMAN	ITPR2;ITPR3	Inositol 1,4,5-trisphosphate receptor type 2	66225
Q14571;Q14573;Q14643;Q14643-2;Q14643-3;Q14643-4;Q14643-5;Q14643-6;Q14643-7;Q14643-8	Q14643;Q14643-2;Q14643-3;Q14643-4;Q14643-5;Q14643-6;Q14643-7;Q14643-8;Q14573;Q14571	ITPR1_HUMAN;ITPR2_HUMAN;ITPR3_HUMAN	ITPR1;ITPR2;ITPR3	Inositol 1,4,5-trisphosphate receptor type 2	308153
Q14573	Q14573	ITPR3_HUMAN	ITPR3	Inositol 1,4,5-trisphosphate receptor type 3	5.46435e+06
Q14573;Q14643;Q14643-2;Q14643-3;Q14643-4;Q14643-5;Q14643-6;Q14643-7;Q14643-8	Q14643;Q14643-2;Q14643-3;Q14643-4;Q14643-5;Q14643-6;Q14643-7;Q14643-8;Q14573	ITPR1_HUMAN;ITPR3_HUMAN	ITPR1;ITPR3	Inositol 1,4,5-trisphosphate receptor type 3	326658
Q14576;Q14576-2	Q14576;Q14576-2	ELAV3_HUMAN	ELAVL3	ELAV-like protein 3	137967
Q14596;Q14596-2	Q14596;Q14596-2	NBR1_HUMAN	NBR1	Next to BRCA1 gene 1 protein	115837
Q14624;Q14624-2;Q14624-3;Q14624-4	Q14624;Q14624-2;Q14624-3;Q14624-4	ITIH4_HUMAN	ITIH4	Inter-alpha-trypsin inhibitor heavy chain H4	2.29582e+06
Q14643;Q14643-2;Q14643-3;Q14643-4;Q14643-5;Q14643-6;Q14643-7;Q14643-8	Q14643;Q14643-2;Q14643-3;Q14643-4;Q14643-5;Q14643-6;Q14643-7;Q14643-8	ITPR1_HUMAN	ITPR1	Inositol 1,4,5-trisphosphate receptor type 1	1.67975e+06
Q14644;Q14644-2	Q14644;Q14644-2	RASA3_HUMAN	RASA3	Ras GTPase-activating protein 3	4838
Q14651	Q14651	PLSI_HUMAN	PLS1	Plastin-1	1.42826e+06
Q14653;Q14653-4	Q14653;Q14653-4	IRF3_HUMAN	IRF3	Interferon regulatory factor 3	326137
Q14657	Q14657	LAGE3_HUMAN	LAGE3	EKC/KEOPS complex subunit LAGE3	13915
Q14667;Q14667-2	Q14667;Q14667-2;Q14667-3	K0100_HUMAN	KIAA0100	Protein KIAA0100	541470
Q14669;Q14669-2;Q14669-3	Q14669;Q14669-2;Q14669-3;Q14669-4	TRIPC_HUMAN	TRIP12	E3 ubiquitin-protein ligase TRIP12	661240
Q14671	Q14671;Q14671-2;Q14671-3;Q14671-4	PUM1_HUMAN	PUM1	Pumilio homolog 1	545334
Q14671;Q8TB72;Q8TB72-3;Q8TB72-4	Q14671;Q14671-2;Q14671-3;Q14671-4;Q8TB72;Q8TB72-2;Q8TB72-3;Q8TB72-4	PUM1_HUMAN;PUM2_HUMAN	PUM1;PUM2	Pumilio homolog 1	227151
Q14674;Q14674-2	Q14674;Q14674-2	ESPL1_HUMAN	ESPL1	Separin	171125
Q14676;Q14676-2	Q14676;Q14676-2;Q14676-3;Q14676-4	MDC1_HUMAN	MDC1	Mediator of DNA damage checkpoint protein 1	591077
Q14677	Q14677;Q14677-2;Q14677-3	EPN4_HUMAN	CLINT1	Clathrin interactor 1	2.58774e+06
Q14681	Q14681	KCTD2_HUMAN	KCTD2	BTB/POZ domain-containing protein KCTD2	11612
Q14683	Q14683	SMC1A_HUMAN	SMC1A	Structural maintenance of chromosomes protein 1A	8.38828e+06
Q14684	Q14684;Q14684-2	RRP1B_HUMAN	RRP1B	Ribosomal RNA processing protein 1 homolog B	2.94087e+06
Q14686	Q14686	NCOA6_HUMAN	NCOA6	Nuclear receptor coactivator 6	63114
Q14687;Q14687-2;Q14687-3	Q14687;Q14687-2;Q14687-3	GSE1_HUMAN	GSE1	Genetic suppressor element 1	714290
Q14689;Q14689-6	Q14689;Q14689-6	DIP2A_HUMAN	DIP2A	Disco-interacting protein 2 homolog A	537099
Q14689;Q14689-6;Q9P265	Q9P265;Q14689;Q14689-2;Q14689-3;Q14689-4;Q14689-5;Q14689-6	DIP2A_HUMAN;DIP2B_HUMAN	DIP2A;DIP2B	Disco-interacting protein 2 homolog A	50400
Q14690	Q14690	RRP5_HUMAN	PDCD11	Protein RRP5 homolog	5.06715e+06
Q14691	Q14691	PSF1_HUMAN	GINS1	DNA replication complex GINS protein PSF1	339768
Q14692	Q14692	BMS1_HUMAN	BMS1	Ribosome biogenesis protein BMS1 homolog	2.07889e+06
Q14693;Q14693-2;Q14693-3;Q14693-4;Q14693-5;Q14693-7	Q14693;Q14693-2;Q14693-3;Q14693-4;Q14693-5;Q14693-6;Q14693-7	LPIN1_HUMAN	LPIN1	Phosphatidate phosphatase LPIN1	40886
Q14694;Q14694-2;Q14694-3	Q14694;Q14694-2;Q14694-3	UBP10_HUMAN	USP10	Ubiquitin carboxyl-terminal hydrolase 10	1.66764e+06
Q14696	Q14696	MESD_HUMAN	MESD	LRP chaperone MESD	2.00323e+06
Q14697;Q14697-2	Q14697;Q14697-2	GANAB_HUMAN	GANAB	Neutral alpha-glucosidase AB	2.7054e+07
Q14703	Q14703	MBTP1_HUMAN	MBTPS1	Membrane-bound transcription factor site-1 protease	30304
Q14728	Q14728	MFS10_HUMAN	MFSD10	Major facilitator superfamily domain-containing protein 10	70773
Q14738	Q14738;Q14738-2	2A5D_HUMAN	PPP2R5D	Serine/threonine-protein phosphatase 2A 56 kDa regulatory subunit delta isoform	1.03747e+06
Q14739	Q14739	LBR_HUMAN	LBR	Delta(14)-sterol reductase LBR	2.67551e+06
Q14746;Q14746-2	Q14746;Q14746-2	COG2_HUMAN	COG2	Conserved oligomeric Golgi complex subunit 2	424244
Q14764	Q14764	MVP_HUMAN	MVP	Major vault protein	2.43789e+06
Q14789;Q14789-2;Q14789-3;Q14789-4	Q14789;Q14789-2;Q14789-3;Q14789-4	GOGB1_HUMAN	GOLGB1	Golgin subfamily B member 1	2.96479e+06
Q14790;Q14790-2;Q14790-4;Q14790-9	Q14790;Q14790-2;Q14790-3;Q14790-4;Q14790-9	CASP8_HUMAN	CASP8	Caspase-8	268347
Q147X3	Q147X3;Q147X3-2	NAA30_HUMAN	NAA30	N-alpha-acetyltransferase 30	386737
Q14807;Q14807-2	Q14807;Q14807-2	KIF22_HUMAN	KIF22	Kinesin-like protein KIF22	467957
Q14814;Q14814-4	Q14814;Q14814-4	MEF2D_HUMAN	MEF2D	Myocyte-specific enhancer factor 2D	271855
Q14839;Q14839-2	Q14839;Q14839-2	CHD4_HUMAN	CHD4	Chromodomain-helicase-DNA-binding protein 4	3.1812e+06
Q14839;Q14839-2;Q8TDI0	Q14839;Q14839-2;Q8TDI0	CHD4_HUMAN;CHD5_HUMAN	CHD4;CHD5	Chromodomain-helicase-DNA-binding protein 4	1.21462e+06
Q14847	Q14847;Q14847-2;Q14847-3	LASP1_HUMAN	LASP1	LIM and SH3 domain protein 1	3.16428e+06
Q14849;Q14849-2;Q14849-3	Q14849;Q14849-2;Q14849-3	STAR3_HUMAN	STARD3	StAR-related lipid transfer protein 3	118415
Q14865;Q14865-2	Q14865;Q14865-2	ARI5B_HUMAN	ARID5B	AT-rich interactive domain-containing protein 5B	76462
Q14914;Q14914-2	Q14914;Q14914-2	PTGR1_HUMAN	PTGR1	Prostaglandin reductase 1	2.61367e+06
Q14919;Q14919-2	Q14919;Q14919-2	NC2A_HUMAN	DRAP1	Dr1-associated corepressor	254463
Q14966	Q14966;Q14966-2;Q14966-3;Q14966-4;Q14966-6	ZN638_HUMAN	ZNF638	Zinc finger protein 638	1.9467e+06
Q14974	Q14974;Q14974-2	IMB1_HUMAN	KPNB1	Importin subunit beta-1	1.56384e+07
Q14978;Q14978-2;Q14978-3	Q14978;Q14978-2;Q14978-3	NOLC1_HUMAN	NOLC1	Nucleolar and coiled-body phosphoprotein 1	2.65356e+06
Q14980	Q14980;Q14980-2;Q14980-3;Q14980-4	NUMA1_HUMAN	NUMA1	Nuclear mitotic apparatus protein 1	1.26002e+07
Q14997	Q14997	PSME4_HUMAN	PSME4	Proteasome activator complex subunit 4	1.16032e+06
Q14999;Q14999-2	Q14999;Q14999-2	CUL7_HUMAN	CUL7	Cullin-7	120829
Q149N8;Q149N8-4	Q149N8;Q149N8-4	SHPRH_HUMAN	SHPRH	E3 ubiquitin-protein ligase SHPRH	283803
Q14BN4;Q14BN4-2;Q14BN4-3	Q14BN4;Q14BN4-2;Q14BN4-3;Q14BN4-6;Q14BN4-7	SLMAP_HUMAN	SLMAP	Sarcolemmal membrane-associated protein	2.62072e+06
Q14C86;Q14C86-2;Q14C86-5;Q14C86-6	Q14C86;Q14C86-2;Q14C86-3;Q14C86-4;Q14C86-5;Q14C86-6	GAPD1_HUMAN	GAPVD1	GTPase-activating protein and VPS9 domain-containing protein 1	4.03427e+06
Q14CS0	Q14CS0	UBX2B_HUMAN	UBXN2B	UBX domain-containing protein 2B	827759
Q14CW9;Q14CW9-2	Q14CW9;Q14CW9-2	AT7L3_HUMAN	ATXN7L3	Ataxin-7-like protein 3	16223
Q14CX7	Q14CX7;Q14CX7-2	NAA25_HUMAN	NAA25	N-alpha-acetyltransferase 25, NatB auxiliary subunit	1.51622e+06
Q14CZ7	Q14CZ7	FAKD3_HUMAN	FASTKD3	FAST kinase domain-containing protein 3, mitochondrial	439740
Q15003	Q15003	CND2_HUMAN	NCAPH	Condensin complex subunit 2	1.31747e+06
Q15004	Q15004	PAF15_HUMAN	PCLAF	PCNA-associated factor	106939
Q15005	Q15005	SPCS2_HUMAN	SPCS2	Signal peptidase complex subunit 2	694272
Q15006	Q15006	EMC2_HUMAN	EMC2	ER membrane protein complex subunit 2	903947
Q15007	Q15007	FL2D_HUMAN	WTAP	Pre-mRNA-splicing regulator WTAP	597198
Q15008	Q15008;Q15008-2;Q15008-3;Q15008-4	PSMD6_HUMAN	PSMD6	26S proteasome non-ATPase regulatory subunit 6	3.77861e+06
Q15011;Q15011-2;Q15011-3;Q15011-4	Q15011;Q15011-2;Q15011-3;Q15011-4	HERP1_HUMAN	HERPUD1	Homocysteine-responsive endoplasmic reticulum-resident ubiquitin-like domain member 1 protein	59081
Q15012	Q15012	LAP4A_HUMAN	LAPTM4A	Lysosomal-associated transmembrane protein 4A	21446
Q15014	Q15014	MO4L2_HUMAN	MORF4L2	Mortality factor 4-like protein 2	350323
Q15014;Q9UBU8;Q9UBU8-2	Q15014;Q9UBU8;Q9UBU8-2;Q9UBU8-3	MO4L1_HUMAN;MO4L2_HUMAN	MORF4L1;MORF4L2	Mortality factor 4-like protein 2	132587
Q15018	Q15018	ABRX2_HUMAN	ABRAXAS2	BRISC complex subunit Abraxas 2	771789
Q15019;Q15019-2;Q15019-3	Q15019;Q15019-2;Q15019-3	SEPT2_HUMAN	SEPTIN2	Septin-2	4.35476e+06
Q15020;Q15020-4	Q15020;Q15020-4	SART3_HUMAN	SART3	Squamous cell carcinoma antigen recognized by T-cells 3	4.29534e+06
Q15021	Q15021	CND1_HUMAN	NCAPD2	Condensin complex subunit 1	2.95176e+06
Q15022	Q15022	SUZ12_HUMAN	SUZ12	Polycomb protein SUZ12	379874
Q15024	Q15024	EXOS7_HUMAN	EXOSC7	Exosome complex component RRP42	905784
Q15025;Q15025-2;Q15025-3;Q15025-4;Q15025-6	Q15025;Q15025-2;Q15025-3;Q15025-4;Q15025-5;Q15025-6;Q15025-7;Q15025-8	TNIP1_HUMAN	TNIP1	TNFAIP3-interacting protein 1	485930
Q15029;Q15029-2;Q15029-3	Q15029;Q15029-2;Q15029-3	U5S1_HUMAN	EFTUD2	116 kDa U5 small nuclear ribonucleoprotein component	6.00935e+06
Q15031	Q15031	SYLM_HUMAN	LARS2	Probable leucine--tRNA ligase, mitochondrial	1.32357e+06
Q15032;Q15032-2;Q15032-3;Q15032-4	Q15032;Q15032-2;Q15032-3;Q15032-4	R3HD1_HUMAN	R3HDM1	R3H domain-containing protein 1	96751
Q15036;Q15036-2	Q15036;Q15036-2	SNX17_HUMAN	SNX17	Sorting nexin-17	546613
Q15041;Q15041-2	Q15041;Q15041-2;Q15041-3	AR6P1_HUMAN	ARL6IP1	ADP-ribosylation factor-like protein 6-interacting protein 1	225037
Q15042	Q15042;Q15042-3;Q15042-4	RB3GP_HUMAN	RAB3GAP1	Rab3 GTPase-activating protein catalytic subunit	896546
Q15043;Q15043-2;Q15043-3	Q15043;Q15043-2;Q15043-3	S39AE_HUMAN	SLC39A14	Zinc transporter ZIP14	249693
Q15046;Q15046-2	Q15046;Q15046-2	SYK_HUMAN	KARS1	Lysine--tRNA ligase	7.30681e+06
Q15047;Q15047-3	Q15047;Q15047-3	SETB1_HUMAN	SETDB1	Histone-lysine N-methyltransferase SETDB1	557309
Q15048	Q15048	LRC14_HUMAN	LRRC14	Leucine-rich repeat-containing protein 14	6960
Q15050	Q15050	RRS1_HUMAN	RRS1	Ribosome biogenesis regulatory protein homolog	3.71465e+06
Q15051;Q15051-2	Q15051;Q15051-2	IQCB1_HUMAN	IQCB1	IQ calmodulin-binding motif-containing protein 1	478013
Q15054	Q15054;Q15054-2;Q15054-3	DPOD3_HUMAN	POLD3	DNA polymerase delta subunit 3	631813
Q15056	Q15056;Q15056-2	IF4H_HUMAN	EIF4H	Eukaryotic translation initiation factor 4H	5.08952e+06
Q15057	Q15057	ACAP2_HUMAN	ACAP2	Arf-GAP with coiled-coil, ANK repeat and PH domain-containing protein 2	1.05075e+06
Q15058	Q15058	KIF14_HUMAN	KIF14	Kinesin-like protein KIF14	539401
Q15059	Q15059;Q15059-2	BRD3_HUMAN	BRD3	Bromodomain-containing protein 3	945270
Q15061	Q15061	WDR43_HUMAN	WDR43	WD repeat-containing protein 43	1.78849e+06
Q15067;Q15067-2	Q15067;Q15067-2;Q15067-3	ACOX1_HUMAN	ACOX1	Peroxisomal acyl-coenzyme A oxidase 1	1.13173e+06
Q15070;Q15070-2	Q15070;Q15070-2	OXA1L_HUMAN	OXA1L	Mitochondrial inner membrane protein OXA1L	1.11312e+06
Q15075	Q15075	EEA1_HUMAN	EEA1	Early endosome antigen 1	3.36239e+06
Q15084;Q15084-2;Q15084-3;Q15084-4;Q15084-5	Q15084;Q15084-2;Q15084-3;Q15084-4;Q15084-5	PDIA6_HUMAN	PDIA6	Protein disulfide-isomerase A6	8.58036e+06
Q15102	Q15102	PA1B3_HUMAN	PAFAH1B3	Platelet-activating factor acetylhydrolase IB subunit gamma	721800
Q15111;Q15111-2	Q15111;Q15111-2	PLCL1_HUMAN	PLCL1	Inactive phospholipase C-like protein 1	488124
Q15111;Q15111-2;Q9UPR0;Q9UPR0-2;Q9UPR0-3	Q15111;Q15111-2;Q9UPR0;Q9UPR0-2;Q9UPR0-3	PLCL1_HUMAN;PLCL2_HUMAN	PLCL1;PLCL2	Inactive phospholipase C-like protein 1	342304
Q15118;Q15118-2	Q15118;Q15118-2	PDK1_HUMAN	PDK1	[Pyruvate dehydrogenase (acetyl-transferring)] kinase isozyme 1, mitochondrial	81911
Q15120;Q15120-2	Q15120;Q15120-2	PDK3_HUMAN	PDK3	[Pyruvate dehydrogenase (acetyl-transferring)] kinase isozyme 3, mitochondrial	35047
Q15121;Q15121-2	Q15121;Q15121-2	PEA15_HUMAN	PEA15	Astrocytic phosphoprotein PEA-15	310072
Q15125	Q15125	EBP_HUMAN	EBP	3-beta-hydroxysteroid-Delta(8),Delta(7)-isomerase	120067
Q15126	Q15126	PMVK_HUMAN	PMVK	Phosphomevalonate kinase	1.02156e+06
Q15149	Q15149;Q15149-2;Q15149-3;Q15149-4;Q15149-5;Q15149-6;Q15149-7;Q15149-8;Q15149-9	PLEC_HUMAN	PLEC	Plectin	7.39045e+07
Q15149;Q9UPN3	Q9UPN3;Q9UPN3-5;Q15149;Q15149-2;Q15149-3;Q15149-4;Q15149-5;Q15149-6;Q15149-7;Q15149-8;Q15149-9	MACF1_HUMAN;PLEC_HUMAN	MACF1;PLEC	Plectin	493480
Q15154;Q15154-2;Q15154-5	Q15154;Q15154-2;Q15154-3;Q15154-4;Q15154-5	PCM1_HUMAN	PCM1	Pericentriolar material 1 protein	2.03026e+06
Q15155	Q15155	NOMO1_HUMAN	NOMO1	Nodal modulator 1	104574
Q15155;Q5JPE7;Q5JPE7-2	Q15155;P69849;Q5JPE7;Q5JPE7-2	NOMO1_HUMAN;NOMO2_HUMAN	NOMO1;NOMO2	Nodal modulator 1	3.32881e+06
Q15165;Q15165-1;Q15165-3	Q15165;Q15165-1;Q15165-3	PON2_HUMAN	PON2	Serum paraoxonase/arylesterase 2	2.72348e+06
Q15172	Q15172	2A5A_HUMAN	PPP2R5A	Serine/threonine-protein phosphatase 2A 56 kDa regulatory subunit alpha isoform	240721
Q15181	Q15181	IPYR_HUMAN	PPA1	Inorganic pyrophosphatase	1.15912e+07
Q15185;Q15185-4	Q15185;Q15185-2;Q15185-3;Q15185-4	TEBP_HUMAN	PTGES3	Prostaglandin E synthase 3	7.79288e+06
Q15208	Q15208	STK38_HUMAN	STK38	Serine/threonine-protein kinase 38	312468
Q15233	Q15233;Q15233-2	NONO_HUMAN	NONO	Non-POU domain-containing octamer-binding protein	1.6878e+07
Q15257;Q15257-2	Q15257;Q15257-2;Q15257-3	PTPA_HUMAN	PTPA	Serine/threonine-protein phosphatase 2A activator	1.8563e+06
Q15262;Q15262-2;Q15262-3;Q15262-4	Q15262;Q15262-2;Q15262-3;Q15262-4	PTPRK_HUMAN	PTPRK	Receptor-type tyrosine-protein phosphatase kappa	134732
Q15269	Q15269	PWP2_HUMAN	PWP2	Periodic tryptophan protein 2 homolog	1.91883e+06
Q15276	Q15276;Q15276-2	RABE1_HUMAN	RABEP1	Rab GTPase-binding effector protein 1	832145
Q15283;Q15283-2	Q15283;Q15283-2	RASA2_HUMAN	RASA2	Ras GTPase-activating protein 2	100634
Q15286	Q15286	RAB35_HUMAN	RAB35	Ras-related protein Rab-35	533529
Q15287;Q15287-2;Q15287-3	Q15287;Q15287-2;Q15287-3	RNPS1_HUMAN	RNPS1	RNA-binding protein with serine-rich domain 1	1.27128e+06
Q15291;Q15291-2	Q15291;Q15291-2	RBBP5_HUMAN	RBBP5	Retinoblastoma-binding protein 5	798187
Q15293	Q15293;Q15293-2	RCN1_HUMAN	RCN1	Reticulocalbin-1	8.81346e+06
Q15311	Q15311	RBP1_HUMAN	RALBP1	RalA-binding protein 1	48738
Q15326;Q15326-2;Q15326-3;Q15326-4;Q15326-5;Q15326-6	Q15326;Q15326-2;Q15326-3;Q15326-4;Q15326-5;Q15326-6	ZMY11_HUMAN	ZMYND11	Zinc finger MYND domain-containing protein 11	169863
Q15334	Q15334	L2GL1_HUMAN	LLGL1	Lethal(2) giant larvae protein homolog 1	721674
Q15345;Q15345-3	Q15345;Q15345-3	LRC41_HUMAN	LRRC41	Leucine-rich repeat-containing protein 41	46387
Q15361	Q15361	TTF1_HUMAN	TTF1	Transcription termination factor 1	574752
Q15363	Q15363	TMED2_HUMAN	TMED2	Transmembrane emp24 domain-containing protein 2	3.03561e+06
Q15365	Q15365	PCBP1_HUMAN	PCBP1	Poly(rC)-binding protein 1	8.32838e+06
Q15365;Q15366-6	P57721;P57721-2;P57721-3;P57721-4;P57721-5;Q15366;Q15366-2;Q15366-3;Q15366-4;Q15366-5;Q15366-6;Q15366-7;Q15366-8;Q15365	PCBP1_HUMAN;PCBP2_HUMAN	PCBP1;PCBP2	Poly(rC)-binding protein 1	7.13558e+06
Q15366-6	Q15366;Q15366-2;Q15366-3;Q15366-4;Q15366-5;Q15366-6;Q15366-7;Q15366-8	PCBP2_HUMAN	PCBP2	Isoform 6 of Poly(rC)-binding protein 2	5.08769e+06
Q15369	Q15369;Q15369-2	ELOC_HUMAN	ELOC	Elongin-C	2.38782e+06
Q15370	Q15370;Q15370-2	ELOB_HUMAN	ELOB	Elongin-B	1.52557e+06
Q15382	Q15382	RHEB_HUMAN	RHEB	GTP-binding protein Rheb	470832
Q15386	Q15386	UBE3C_HUMAN	UBE3C	Ubiquitin-protein ligase E3C	773792
Q15388	Q15388	TOM20_HUMAN	TOMM20	Mitochondrial import receptor subunit TOM20 homolog	369993
Q15390;Q15390-2	Q15390;Q15390-2	MTFR1_HUMAN	MTFR1	Mitochondrial fission regulator 1	31666
Q15392;Q15392-2	Q15392;Q15392-2	DHC24_HUMAN	DHCR24	Delta(24)-sterol reductase	869727
Q15393	Q15393	SF3B3_HUMAN	SF3B3	Splicing factor 3B subunit 3	1.11662e+07
Q15397	Q15397	PUM3_HUMAN	PUM3	Pumilio homolog 3	2.68377e+06
Q15398;Q15398-1;Q15398-3	Q15398;Q15398-1;Q15398-3	DLGP5_HUMAN	DLGAP5	Disks large-associated protein 5	635580
Q15404	Q15404	RSU1_HUMAN	RSU1	Ras suppressor protein 1	1.02543e+06
Q15413;Q15413-2;Q15413-3	Q15413;Q15413-2;Q15413-3	RYR3_HUMAN	RYR3	Ryanodine receptor 3	20256
Q15417;Q15417-2;Q15417-3	Q15417;Q15417-2;Q15417-3	CNN3_HUMAN	CNN3	Calponin-3	120697
Q15418;Q15418-2;Q15418-4	Q15418;Q15418-2;Q15418-4	KS6A1_HUMAN	RPS6KA1	Ribosomal protein S6 kinase alpha-1	1.02053e+06
Q15424;Q15424-3;Q15424-4	Q15424;Q15424-2;Q15424-3;Q15424-4	SAFB1_HUMAN	SAFB	Scaffold attachment factor B1	3.81035e+06
Q15427	Q15427	SF3B4_HUMAN	SF3B4	Splicing factor 3B subunit 4	449027
Q15428	Q15428	SF3A2_HUMAN	SF3A2	Splicing factor 3A subunit 2	1.39344e+06
Q15431	Q15431	SYCP1_HUMAN	SYCP1	Synaptonemal complex protein 1	232031
Q15434	Q15434	RBMS2_HUMAN	RBMS2	RNA-binding motif, single-stranded-interacting protein 2	191977
Q15435	Q15435;Q15435-2	PP1R7_HUMAN	PPP1R7	Protein phosphatase 1 regulatory subunit 7	1.05398e+06
Q15436	Q15436;Q15436-2	SC23A_HUMAN	SEC23A	Protein transport protein Sec23A	2.66699e+06
Q15436;Q15437	Q15437;Q15436;Q15436-2	SC23A_HUMAN;SC23B_HUMAN	SEC23A;SEC23B	Protein transport protein Sec23A	769774
Q15437	Q15437	SC23B_HUMAN	SEC23B	Protein transport protein Sec23B	1.52806e+06
Q15438;Q15438-2	Q15438;Q15438-2;Q15438-3	CYH1_HUMAN	CYTH1	Cytohesin-1	130251
Q15459	Q15459;Q15459-2	SF3A1_HUMAN	SF3A1	Splicing factor 3A subunit 1	6.53761e+06
Q15464	Q15464;Q15464-2	SHB_HUMAN	SHB	SH2 domain-containing adapter protein B	33302
Q15468;Q15468-2	Q15468;Q15468-2	STIL_HUMAN	STIL	SCL-interrupting locus protein	203681
Q15477	Q15477	SKIV2_HUMAN	SKIV2L	Helicase SKI2W	1.22622e+06
Q15493	Q15493	RGN_HUMAN	RGN	Regucalcin	177341
Q15506	Q15506	SP17_HUMAN	SPA17	Sperm surface protein Sp17	201492
Q15526;Q15526-2	Q15526;Q15526-2	SURF1_HUMAN	SURF1	Surfeit locus protein 1	374484
Q15527	Q15527	SURF2_HUMAN	SURF2	Surfeit locus protein 2	449326
Q15528;Q15528-2	Q15528;Q15528-2	MED22_HUMAN	MED22	Mediator of RNA polymerase II transcription subunit 22	52499
Q15532;Q15532-2	Q15532;Q15532-2	SSXT_HUMAN	SS18	Protein SSXT	13507
Q15542	Q15542;Q15542-2	TAF5_HUMAN	TAF5	Transcription initiation factor TFIID subunit 5	296706
Q15545	Q15545	TAF7_HUMAN	TAF7	Transcription initiation factor TFIID subunit 7	285317
Q15554	Q15554	TERF2_HUMAN	TERF2	Telomeric repeat-binding factor 2	2.69231e+06
Q15555;Q15555-3;Q15555-4;Q15555-5	Q15555;Q15555-2;Q15555-3;Q15555-5;Q15555-4	MARE2_HUMAN	MAPRE2	Microtubule-associated protein RP/EB family member 2	442588
Q15555;Q15555-3;Q15555-4;Q15555-5;Q15691	Q15555;Q15555-3;Q15555-5;Q15555-4;Q15691	MARE1_HUMAN;MARE2_HUMAN	MAPRE1;MAPRE2	Microtubule-associated protein RP/EB family member 2	41982
Q15555;Q15555-3;Q15555-4;Q15555-5;Q9UPY8;Q9UPY8-2	Q9UPY8;Q9UPY8-2;Q15555;Q15555-2;Q15555-3;Q15555-5;Q15555-4	MARE2_HUMAN;MARE3_HUMAN	MAPRE2;MAPRE3	Microtubule-associated protein RP/EB family member 2	18259
Q15572;Q15572-2;Q15572-4;Q15572-5;Q15572-6	Q15572;Q15572-2;Q15572-4;Q15572-5;Q15572-6	TAF1C_HUMAN	TAF1C	TATA box-binding protein-associated factor RNA polymerase I subunit C	51614
Q15573;Q15573-2	Q15573;Q15573-2	TAF1A_HUMAN	TAF1A	TATA box-binding protein-associated factor RNA polymerase I subunit A	21033
Q15582	Q15582	BGH3_HUMAN	TGFBI	Transforming growth factor-beta-induced protein ig-h3	565068
Q15583;Q15583-2;Q15583-3;Q15583-4;Q9GZN2	Q15583;Q15583-2;Q15583-3;Q15583-4;Q9GZN2	TGIF1_HUMAN;TGIF2_HUMAN	TGIF1;TGIF2	Homeobox protein TGIF1	25025
Q15596	Q15596	NCOA2_HUMAN	NCOA2	Nuclear receptor coactivator 2	198297
Q15599	Q15599;Q15599-2	NHRF2_HUMAN	SLC9A3R2	Na(+)/H(+) exchange regulatory cofactor NHE-RF2	950720
Q155Q3;Q155Q3-2	Q155Q3;Q155Q3-2	DIXC1_HUMAN	DIXDC1	Dixin	270956
Q15628	Q15628	TRADD_HUMAN	TRADD	Tumor necrosis factor receptor type 1-associated DEATH domain protein	76606
Q15629;Q15629-2	Q15629;Q15629-2	TRAM1_HUMAN	TRAM1	Translocating chain-associated membrane protein 1	581977
Q15631	Q15631	TSN_HUMAN	TSN	Translin	1.77792e+06
Q15633;Q15633-2	Q15633;Q15633-2	TRBP2_HUMAN	TARBP2	RISC-loading complex subunit TARBP2	114674
Q15637;Q15637-2;Q15637-3;Q15637-4;Q15637-5;Q15637-6	Q15637;Q15637-2;Q15637-3;Q15637-4;Q15637-5;Q15637-6	SF01_HUMAN	SF1	Splicing factor 1	2.37387e+06
Q15642;Q15642-2	Q15642;Q15642-2;Q15642-3;Q15642-4;Q15642-5	CIP4_HUMAN	TRIP10	Cdc42-interacting protein 4	443281
Q15643	Q15643;Q15643-2	TRIPB_HUMAN	TRIP11	Thyroid receptor-interacting protein 11	921054
Q15645	Q15645	PCH2_HUMAN	TRIP13	Pachytene checkpoint protein 2 homolog	1.40614e+06
Q15648	Q15648;Q15648-3	MED1_HUMAN	MED1	Mediator of RNA polymerase II transcription subunit 1	396559
Q15649	Q15649	ZNHI3_HUMAN	ZNHIT3	Zinc finger HIT domain-containing protein 3	51196
Q15650	Q15650	TRIP4_HUMAN	TRIP4	Activating signal cointegrator 1	602998
Q15651	Q15651	HMGN3_HUMAN	HMGN3	High mobility group nucleosome-binding domain-containing protein 3	138002
Q15652;Q15652-3	Q15652;Q15652-2;Q15652-3	JHD2C_HUMAN	JMJD1C	Probable JmjC domain-containing histone demethylation protein 2C	827661
Q15653;Q15653-2	Q15653;Q15653-2	IKBB_HUMAN	NFKBIB	NF-kappa-B inhibitor beta	120842
Q15654	Q15654	TRIP6_HUMAN	TRIP6	Thyroid receptor-interacting protein 6	579171
Q15678	Q15678	PTN14_HUMAN	PTPN14	Tyrosine-protein phosphatase non-receptor type 14	296871
Q15691	Q15691	MARE1_HUMAN	MAPRE1	Microtubule-associated protein RP/EB family member 1	5.15e+06
Q15691;Q9UPY8;Q9UPY8-2	Q9UPY8;Q9UPY8-2;Q15691	MARE1_HUMAN;MARE3_HUMAN	MAPRE1;MAPRE3	Microtubule-associated protein RP/EB family member 1	565473
Q15695;Q15696	Q15695;Q15696	U2AFL_HUMAN;U2AFM_HUMAN	ZRSR2;ZRSR2P1	Putative U2 small nuclear ribonucleoprotein auxiliary factor 35 kDa subunit-related protein 1	30972
Q15714;Q15714-2;Q15714-3	Q15714;Q15714-2;Q15714-3	T22D1_HUMAN	TSC22D1	TSC22 domain family protein 1	290831
Q15717;Q15717-2	Q15717;Q15717-2	ELAV1_HUMAN	ELAVL1	ELAV-like protein 1	5.94754e+06
Q15723;Q15723-1;Q15723-2;Q15723-3;Q15723-4	Q15723;Q15723-1;Q15723-2;Q15723-3;Q15723-4	ELF2_HUMAN	ELF2	ETS-related transcription factor Elf-2	93182
Q15738	Q15738	NSDHL_HUMAN	NSDHL	Sterol-4-alpha-carboxylate 3-dehydrogenase, decarboxylating	831049
Q15746;Q15746-2;Q15746-3;Q15746-4;Q15746-5;Q15746-6	Q15746;Q15746-2;Q15746-3;Q15746-4;Q15746-5;Q15746-6;Q15746-7;Q15746-11	MYLK_HUMAN	MYLK	Myosin light chain kinase, smooth muscle	608368
Q15750	Q15750;Q15750-2	TAB1_HUMAN	TAB1	TGF-beta-activated kinase 1 and MAP3K7-binding protein 1	154550
Q15751	Q15751	HERC1_HUMAN	HERC1	Probable E3 ubiquitin-protein ligase HERC1	565604
Q15758	Q15758	AAAT_HUMAN	SLC1A5	Neutral amino acid transporter B(0)	3.86722e+06
Q15773	Q15773	MLF2_HUMAN	MLF2	Myeloid leukemia factor 2	71804
Q15776	Q15776	ZKSC8_HUMAN	ZKSCAN8	Zinc finger protein with KRAB and SCAN domains 8	145870
Q15785	Q15785	TOM34_HUMAN	TOMM34	Mitochondrial import receptor subunit TOM34	3.04274e+06
Q15788;Q15788-2;Q15788-3	Q15788;Q15788-2;Q15788-3	NCOA1_HUMAN	NCOA1	Nuclear receptor coactivator 1	202322
Q15796;Q15796-2	P84022;P84022-2;P84022-3;P84022-4;Q15796;Q15796-2	SMAD2_HUMAN	SMAD2	Mothers against decapentaplegic homolog 2	1.11694e+06
Q15797;Q99717	Q15797;Q99717	SMAD1_HUMAN;SMAD5_HUMAN	SMAD1;SMAD5	Mothers against decapentaplegic homolog 1	36220
Q15800;Q15800-2	Q15800;Q15800-2	MSMO1_HUMAN	MSMO1	Methylsterol monooxygenase 1	51225
Q15811;Q15811-8	Q15811;Q15811-2;Q15811-3;Q15811-4;Q15811-6;Q15811-7;Q15811-8;Q15811-9;Q15811-10;Q15811-11;Q15811-12	ITSN1_HUMAN	ITSN1	Intersectin-1	1.66068e+06
Q15811;Q15811-8;Q9NZM3;Q9NZM3-2	Q15811;Q15811-2;Q15811-3;Q15811-4;Q15811-5;Q15811-6;Q15811-7;Q15811-8;Q15811-9;Q15811-10;Q15811-11;Q15811-12;Q15811-13;Q9NZM3;Q9NZM3-2;Q9NZM3-3;Q9NZM3-4	ITSN1_HUMAN;ITSN2_HUMAN	ITSN1;ITSN2	Intersectin-1	180651
Q15813	Q15813;Q15813-2	TBCE_HUMAN	TBCE	Tubulin-specific chaperone E	619184
Q15814	Q15814	TBCC_HUMAN	TBCC	Tubulin-specific chaperone C	629116
Q15819	Q15819	UB2V2_HUMAN	UBE2V2	Ubiquitin-conjugating enzyme E2 variant 2	1.6837e+06
Q15833	Q15833;Q15833-2;Q15833-3	STXB2_HUMAN	STXBP2	Syntaxin-binding protein 2	1.0754e+06
Q15836	Q15836	VAMP3_HUMAN	VAMP3	Vesicle-associated membrane protein 3	168610
Q15843	Q15843	NEDD8_HUMAN	NEDD8	NEDD8	340025
Q15853;Q15853-2;Q15853-3;Q15853-4	Q15853;Q15853-2;Q15853-3;Q15853-4	USF2_HUMAN	USF2	Upstream stimulatory factor 2	121486
Q15904	Q15904	VAS1_HUMAN	ATP6AP1	V-type proton ATPase subunit S1	230519
Q15906;Q15906-2	Q15906;Q15906-2	VPS72_HUMAN	VPS72	Vacuolar protein sorting-associated protein 72 homolog	469536
Q15907;Q15907-2	Q15907;Q15907-2;P62491;P62491-2	RB11B_HUMAN	RAB11B	Ras-related protein Rab-11B	4.39615e+06
Q15910;Q15910-2	Q15910;Q15910-2;Q15910-3;Q15910-4;Q15910-5	EZH2_HUMAN	EZH2	Histone-lysine N-methyltransferase EZH2	228618
Q15910;Q15910-2;Q92800;Q92800-2;Q92800-3;Q92800-4;Q92800-5	Q15910;Q15910-2;Q15910-3;Q15910-4;Q15910-5;Q92800;Q92800-2;Q92800-3;Q92800-4;Q92800-5	EZH1_HUMAN;EZH2_HUMAN	EZH1;EZH2	Histone-lysine N-methyltransferase EZH2	519621
Q15911;Q15911-2	Q15911;Q15911-2	ZFHX3_HUMAN	ZFHX3	Zinc finger homeobox protein 3	255939
Q15942	Q15942;Q15942-2	ZYX_HUMAN	ZYX	Zyxin	3.43222e+06
Q16134;Q16134-3	Q16134;Q16134-3	ETFD_HUMAN	ETFDH	Electron transfer flavoprotein-ubiquinone oxidoreductase, mitochondrial	142035
Q16181	Q6ZU15;Q16181;Q16181-2	SEPT7_HUMAN	SEPTIN7	Septin-7	4.85944e+06
Q16181;Q9UHD8	Q16181;Q16181-2;Q9UHD8;Q9UHD8-2;Q9UHD8-3;Q9UHD8-4;Q9UHD8-5;Q9UHD8-7;Q9UHD8-8;Q9UHD8-9	SEPT7_HUMAN;SEPT9_HUMAN	SEPTIN7;SEPTIN9	Septin-7	74960
Q16186	Q16186	ADRM1_HUMAN	ADRM1	Proteasomal ubiquitin receptor ADRM1	1.3718e+06
Q16204	Q16204	CCDC6_HUMAN	CCDC6	Coiled-coil domain-containing protein 6	913908
Q16222;Q16222-2;Q16222-3	Q16222;Q16222-2;Q16222-3	UAP1_HUMAN	UAP1	UDP-N-acetylhexosamine pyrophosphorylase	1.22982e+06
Q16222;Q16222-2;Q16222-3;Q3KQV9	Q3KQV9;Q16222;Q16222-2;Q16222-3	UAP1L_HUMAN;UAP1_HUMAN	UAP1;UAP1L1	UDP-N-acetylhexosamine pyrophosphorylase	129461
Q16254	Q16254	E2F4_HUMAN	E2F4	Transcription factor E2F4	63224
Q16270;Q16270-2	Q16270;Q16270-2	IBP7_HUMAN	IGFBP7	Insulin-like growth factor-binding protein 7	29982
Q16394	Q16394	EXT1_HUMAN	EXT1	Exostosin-1	49084
Q16401;Q16401-2	Q16401;Q16401-2	PSMD5_HUMAN	PSMD5	26S proteasome non-ATPase regulatory subunit 5	5.28819e+06
Q16512;Q16512-2	Q16512;Q16512-2	PKN1_HUMAN	PKN1	Serine/threonine-protein kinase N1	605910
Q16512;Q16512-2;Q16513	Q16513;Q16513-2;Q16513-3;Q16513-4;Q16513-5;Q16512;Q16512-2;Q16512-3	PKN1_HUMAN;PKN2_HUMAN	PKN1;PKN2	Serine/threonine-protein kinase N1	100885
Q16512;Q16512-2;Q16513;Q6P5Z2	Q16513;Q16513-2;Q16513-3;Q16513-4;Q16513-5;Q16512;Q16512-2;Q6P5Z2	PKN1_HUMAN;PKN2_HUMAN;PKN3_HUMAN	PKN1;PKN2;PKN3	Serine/threonine-protein kinase N1	127960
Q16513	Q16513;Q16513-2;Q16513-3;Q16513-4;Q16513-5	PKN2_HUMAN	PKN2	Serine/threonine-protein kinase N2	2.91457e+06
Q16526	Q16526	CRY1_HUMAN	CRY1	Cryptochrome-1	62056
Q16531	Q16531	DDB1_HUMAN	DDB1	DNA damage-binding protein 1	1.21055e+07
Q16534;Q16534-2	Q16534;Q16534-2	HLF_HUMAN	HLF	Hepatic leukemia factor	5855
Q16537;Q16537-2	Q16537;Q16537-2;Q16537-3	2A5E_HUMAN	PPP2R5E	Serine/threonine-protein phosphatase 2A 56 kDa regulatory subunit epsilon isoform	416776
Q16539	Q16539;Q16539-2;Q16539-3;Q16539-4;Q16539-5	MK14_HUMAN	MAPK14	Mitogen-activated protein kinase 14	829498
Q16540	Q16540	RM23_HUMAN	MRPL23	39S ribosomal protein L23, mitochondrial	414177
Q16543	Q16543	CDC37_HUMAN	CDC37	Hsp90 co-chaperone Cdc37	4.09825e+06
Q16549	Q16549	PCSK7_HUMAN	PCSK7	Proprotein convertase subtilisin/kexin type 7	358109
Q16555;Q16555-2	Q16555;Q16555-2	DPYL2_HUMAN	DPYSL2	Dihydropyrimidinase-related protein 2	6.24699e+06
Q16563;Q16563-2	Q16563;Q16563-2	SYPL1_HUMAN	SYPL1	Synaptophysin-like protein 1	430734
Q16576	Q16576;Q16576-2	RBBP7_HUMAN	RBBP7	Histone-binding protein RBBP7	6.14981e+06
Q16594	Q16594	TAF9_HUMAN	TAF9	Transcription initiation factor TFIID subunit 9	175921
Q16594;Q9HBM6	Q16594;Q9HBM6	TAF9B_HUMAN;TAF9_HUMAN	TAF9;TAF9B	Transcription initiation factor TFIID subunit 9	234318
Q16595	Q16595;Q16595-2;Q16595-3	FRDA_HUMAN	FXN	Frataxin, mitochondrial	1.19907e+06
Q16611	Q16611;Q16611-2	BAK_HUMAN	BAK1	Bcl-2 homologous antagonist/killer	126058
Q16626	Q16626	MEA1_HUMAN	MEA1	Male-enhanced antigen 1	55555
Q16629;Q16629-2;Q16629-3;Q16629-4	Q16629;Q16629-2;Q16629-3;Q16629-4	SRSF7_HUMAN	SRSF7	Serine/arginine-rich splicing factor 7	3.73722e+06
Q16630;Q16630-2;Q16630-3	Q16630;Q16630-2;Q16630-3	CPSF6_HUMAN	CPSF6	Cleavage and polyadenylation specificity factor subunit 6	2.44154e+06
Q16637;Q16637-2;Q16637-3;Q16637-4	Q16637;Q16637-2;Q16637-3;Q16637-4	SMN_HUMAN	SMN1	Survival motor neuron protein	563297
Q16643;Q16643-3	Q16643;Q16643-2;Q16643-3	DREB_HUMAN	DBN1	Drebrin	1.82576e+06
Q16644	Q16644	MAPK3_HUMAN	MAPKAPK3	MAP kinase-activated protein kinase 3	147195
Q16649	Q16649	NFIL3_HUMAN	NFIL3	Nuclear factor interleukin-3-regulated protein	44261
Q16650	Q16650	TBR1_HUMAN	TBR1	T-box brain protein 1	117922
Q16656;Q16656-2;Q16656-4	Q16656;Q16656-2;Q16656-4	NRF1_HUMAN	NRF1	Nuclear respiratory factor 1	102760
Q16658	Q16658	FSCN1_HUMAN	FSCN1	Fascin	9.807e+06
Q16666;Q16666-2;Q16666-3	Q16666;Q16666-2;Q16666-3	IF16_HUMAN	IFI16	Gamma-interferon-inducible protein 16	3.75839e+06
Q16698;Q16698-2	Q16698;Q16698-2	DECR_HUMAN	DECR1	2,4-dienoyl-CoA reductase, mitochondrial	2.47042e+06
Q16706	Q16706	MA2A1_HUMAN	MAN2A1	Alpha-mannosidase 2	768213
Q16718	Q16718;Q16718-2	NDUA5_HUMAN	NDUFA5	NADH dehydrogenase [ubiquinone] 1 alpha subcomplex subunit 5	1.92177e+06
Q16719	Q16719;Q16719-2	KYNU_HUMAN	KYNU	Kynureninase	9.78203e+06
Q16739	Q16739	CEGT_HUMAN	UGCG	Ceramide glucosyltransferase	53586
Q16740	Q16740	CLPP_HUMAN	CLPP	ATP-dependent Clp protease proteolytic subunit, mitochondrial	696467
Q16762	Q16762	THTR_HUMAN	TST	Thiosulfate sulfurtransferase	1.49882e+06
Q16763	Q16763	UBE2S_HUMAN	UBE2S	Ubiquitin-conjugating enzyme E2 S	144425
Q16773;Q16773-2	Q16773;Q16773-2	KAT1_HUMAN	KYAT1	Kynurenine--oxoglutarate transaminase 1	188946
Q16774;Q16774-2	Q16774;Q16774-2;Q16774-3	KGUA_HUMAN	GUK1	Guanylate kinase	295250
Q16775;Q16775-2	Q16775;Q16775-2	GLO2_HUMAN	HAGH	Hydroxyacylglutathione hydrolase, mitochondrial	645800
Q16795	Q16795	NDUA9_HUMAN	NDUFA9	NADH dehydrogenase [ubiquinone] 1 alpha subcomplex subunit 9, mitochondrial	3.05479e+06
Q16820	Q16820	MEP1B_HUMAN	MEP1B	Meprin A subunit beta	99666
Q16822	Q16822;Q16822-2;Q16822-3	PCKGM_HUMAN	PCK2	Phosphoenolpyruvate carboxykinase [GTP], mitochondrial	6.94377e+06
Q16831	Q16831	UPP1_HUMAN	UPP1	Uridine phosphorylase 1	316962
Q16836;Q16836-2;Q16836-3	Q16836;Q16836-2;Q16836-3	HCDH_HUMAN	HADH	Hydroxyacyl-coenzyme A dehydrogenase, mitochondrial	1.87121e+06
Q16850	Q16850;Q16850-2	CP51A_HUMAN	CYP51A1	Lanosterol 14-alpha demethylase	844799
Q16851	Q16851;Q16851-2	UGPA_HUMAN	UGP2	UTP--glucose-1-phosphate uridylyltransferase	4.60976e+06
Q16854	Q16854;Q16854-3;Q16854-5	DGUOK_HUMAN	DGUOK	Deoxyguanosine kinase, mitochondrial	261275
Q16864;Q16864-2	Q16864;Q16864-2	VATF_HUMAN	ATP6V1F	V-type proton ATPase subunit F	196678
Q16875;Q16875-2	Q16875;Q16875-2;Q16875-3;Q16875-4	F263_HUMAN	PFKFB3	6-phosphofructo-2-kinase/fructose-2,6-bisphosphatase 3	644210
Q16881;Q16881-3;Q16881-4	Q16881;Q16881-2;Q16881-3;Q16881-4;Q16881-5;Q16881-6;Q16881-7	TRXR1_HUMAN	TXNRD1	Thioredoxin reductase 1, cytoplasmic	9.10645e+06
Q16890;Q16890-5	Q16890;Q16890-5	TPD53_HUMAN	TPD52L1	Tumor protein D53	1.20361e+06
Q16891	Q16891;Q16891-2;Q16891-3;Q16891-4	MIC60_HUMAN	IMMT	MICOS complex subunit MIC60	7.53291e+06
Q17R31;Q17R31-2;Q17R31-3;Q17R31-4;Q17R31-5	Q17R31;Q17R31-2;Q17R31-3;Q17R31-4;Q17R31-5	TATD3_HUMAN	TATDN3	Putative deoxyribonuclease TATDN3	16314
Q17R98;Q17R98-2;Q17R98-3	Q17R98;Q17R98-2;Q17R98-3	ZN827_HUMAN	ZNF827	Zinc finger protein 827	178385
Q17RN3	Q17RN3;Q17RN3-2	FA98C_HUMAN	FAM98C	Protein FAM98C	115958
Q17RS7	Q17RS7	GEN_HUMAN	GEN1	Flap endonuclease GEN homolog 1	483010
Q17RY0;Q17RY0-2	Q17RY0;Q17RY0-2;Q17RY0-3;Q8NE35;Q8NE35-2;Q7Z5Q1;Q7Z5Q1-3;Q7Z5Q1-4;Q7Z5Q1-5;Q7Z5Q1-6;Q7Z5Q1-7;Q7Z5Q1-8;Q7Z5Q1-9	CPEB4_HUMAN	CPEB4	Cytoplasmic polyadenylation element-binding protein 4	153273
Q1ED39	Q1ED39	KNOP1_HUMAN	KNOP1	Lysine-rich nucleolar protein 1	845208
Q1KMD3	Q1KMD3	HNRL2_HUMAN	HNRNPUL2	Heterogeneous nuclear ribonucleoprotein U-like protein 2	7.71513e+06
Q24JP5;Q24JP5-2;Q24JP5-4	Q24JP5;Q24JP5-2;Q24JP5-4	T132A_HUMAN	TMEM132A	Transmembrane protein 132A	21041
Q27J81;Q27J81-2	Q27J81;Q27J81-2	INF2_HUMAN	INF2	Inverted formin-2	2.08202e+06
Q29RF7	Q29RF7;Q29RF7-3	PDS5A_HUMAN	PDS5A	Sister chromatid cohesion protein PDS5 homolog A	3.84598e+06
Q29RF7;Q9NTI5;Q9NTI5-2	Q29RF7;Q29RF7-3;Q9NTI5;Q9NTI5-2;Q9NTI5-3	PDS5A_HUMAN;PDS5B_HUMAN	PDS5A;PDS5B	Sister chromatid cohesion protein PDS5 homolog A	418134
Q2KHR2;Q2KHR2-2	Q2KHR2;Q2KHR2-2	RFX7_HUMAN	RFX7	DNA-binding protein RFX7	131079
Q2KHR3	Q2KHR3;Q2KHR3-2	QSER1_HUMAN	QSER1	Glutamine and serine-rich protein 1	382643
Q2KHT3;Q2KHT3-2	Q2KHT3;Q2KHT3-2	CL16A_HUMAN	CLEC16A	Protein CLEC16A	353966
Q2LD37;Q2LD37-4	Q2LD37;Q2LD37-2;Q2LD37-4;Q2LD37-6;Q2LD37-7	K1109_HUMAN	KIAA1109	Transmembrane protein KIAA1109	615525
Q2M1P5	Q2M1P5	KIF7_HUMAN	KIF7	Kinesin-like protein KIF7	367326
Q2M1P5;Q7Z4S6;Q7Z4S6-2;Q7Z4S6-4;Q7Z4S6-5;Q7Z4S6-6	Q7Z4S6;Q7Z4S6-2;Q7Z4S6-3;Q7Z4S6-4;Q7Z4S6-5;Q7Z4S6-6;O75037;O75037-2;O75037-3;O75037-4;Q2M1P5;Q86VH2;Q86VH2-2;Q86VH2-3	KI21A_HUMAN;KIF7_HUMAN	KIF21A;KIF7	Kinesin-like protein KIF7	58167
Q2M296;Q2M296-2;Q2M296-3;Q2M296-4	Q2M296;Q2M296-2;Q2M296-3;Q2M296-4	MTHSD_HUMAN	MTHFSD	Methenyltetrahydrofolate synthase domain-containing protein	23089
Q2M2I8;Q2M2I8-2	Q2M2I8;Q2M2I8-2	AAK1_HUMAN	AAK1	AP2-associated protein kinase 1	399945
Q2M389	Q2M389;Q2M389-2	WASC4_HUMAN	WASHC4	WASH complex subunit 4	851163
Q2M3G4	Q2M3G4;Q2M3G4-2	SHRM1_HUMAN	SHROOM1	Protein Shroom1	49583
Q2NKX8	Q2NKX8	ERC6L_HUMAN	ERCC6L	DNA excision repair protein ERCC-6-like	372389
Q2NKX9	Q2NKX9	CB068_HUMAN	C2orf68	UPF0561 protein C2orf68	98387
Q2NL82	Q2NL82	TSR1_HUMAN	TSR1	Pre-rRNA-processing protein TSR1 homolog	3.5412e+06
Q2PPJ7;Q2PPJ7-2;Q2PPJ7-3	Q2PPJ7;Q2PPJ7-2;Q2PPJ7-3	RGPA2_HUMAN	RALGAPA2	Ral GTPase-activating protein subunit alpha-2	510250
Q2PZI1	Q2PZI1;Q2PZI1-2	D19L1_HUMAN	DPY19L1	Probable C-mannosyltransferase DPY19L1	51439
Q2Q1W2	Q2Q1W2	LIN41_HUMAN	TRIM71	E3 ubiquitin-protein ligase TRIM71	2.2185e+06
Q2T9J0;Q2T9J0-2	Q2T9J0;Q2T9J0-2	TYSD1_HUMAN	TYSND1	Peroxisomal leader peptide-processing protease	56358
Q2TAA2	Q2TAA2;Q2TAA2-2	IAH1_HUMAN	IAH1	Isoamyl acetate-hydrolyzing esterase 1 homolog	276725
Q2TAA5	Q2TAA5	ALG11_HUMAN	ALG11	GDP-Man:Man(3)GlcNAc(2)-PP-Dol alpha-1,2-mannosyltransferase	31020
Q2TAL8	Q2TAL8	QRIC1_HUMAN	QRICH1	Glutamine-rich protein 1	370821
Q2TAM9	Q2TAM9	TUSC1_HUMAN	TUSC1	Tumor suppressor candidate gene 1 protein	89013
Q2TAY7	Q2TAY7	SMU1_HUMAN	SMU1	WD40 repeat-containing protein SMU1	1.65755e+06
Q2TAZ0;Q2TAZ0-3	Q2TAZ0;Q2TAZ0-3;Q2TAZ0-4	ATG2A_HUMAN	ATG2A	Autophagy-related protein 2 homolog A	384793
Q2TB10	Q2TB10	ZN800_HUMAN	ZNF800	Zinc finger protein 800	919763
Q2TBE0	Q2TBE0;Q2TBE0-2;Q2TBE0-3	C19L2_HUMAN	CWF19L2	CWF19-like protein 2	433137
Q2VIQ3	Q2VIQ3	KIF4B_HUMAN	KIF4B	Chromosome-associated kinesin KIF4B	2.78372e+06
Q2VPB7	Q2VPB7	AP5B1_HUMAN	AP5B1	AP-5 complex subunit beta-1	94671
Q2VPK5	Q2VPK5;Q2VPK5-3;Q2VPK5-5	CTU2_HUMAN	CTU2	Cytoplasmic tRNA 2-thiolation protein 2	477614
Q2YD98	Q2YD98	UVSSA_HUMAN	UVSSA	UV-stimulated scaffold protein A	146380
Q30201;Q30201-2;Q30201-3;Q30201-4;Q30201-5;Q30201-8	Q30201;Q30201-2;Q30201-3;Q30201-4;Q30201-5;Q30201-8	HFE_HUMAN	HFE	Hereditary hemochromatosis protein	163035
Q32MZ4	Q32MZ4;Q32MZ4-2;Q32MZ4-3;Q32MZ4-4	LRRF1_HUMAN	LRRFIP1	Leucine-rich repeat flightless-interacting protein 1	2.33658e+06
Q32MZ4;Q9Y608;Q9Y608-2;Q9Y608-4;Q9Y608-5	Q32MZ4;Q32MZ4-2;Q32MZ4-3;Q32MZ4-4;Q9Y608;Q9Y608-2;Q9Y608-4;Q9Y608-5	LRRF1_HUMAN;LRRF2_HUMAN	LRRFIP1;LRRFIP2	Leucine-rich repeat flightless-interacting protein 1	115089
Q32NB8;Q32NB8-2;Q32NB8-3	Q32NB8;Q32NB8-2;Q32NB8-3	PGPS1_HUMAN	PGS1	CDP-diacylglycerol--glycerol-3-phosphate 3-phosphatidyltransferase, mitochondrial	60334
Q32NC0	Q32NC0;Q32NC0-2	CR021_HUMAN	C18orf21	UPF0711 protein C18orf21	422362
Q32P28	Q32P28;Q32P28-3;Q32P28-4	P3H1_HUMAN	P3H1	Prolyl 3-hydroxylase 1	1.56913e+06
Q32P41	Q32P41	TRM5_HUMAN	TRMT5	tRNA (guanine(37)-N1)-methyltransferase	971591
Q32P44	Q32P44	EMAL3_HUMAN	EML3	Echinoderm microtubule-associated protein-like 3	735623
Q330K2;Q330K2-2	Q330K2;Q330K2-2	NDUF6_HUMAN	NDUFAF6	NADH dehydrogenase (ubiquinone) complex I, assembly factor 6	59956
Q38SD2	Q38SD2	LRRK1_HUMAN	LRRK1	Leucine-rich repeat serine/threonine-protein kinase 1	897662
Q3B726	Q3B726	RPA43_HUMAN	TWISTNB	DNA-directed RNA polymerase I subunit RPA43	384251
Q3B7T1;Q3B7T1-3;Q3B7T1-5	Q3B7T1;Q3B7T1-3;Q3B7T1-5	EDRF1_HUMAN	EDRF1	Erythroid differentiation-related factor 1	33537
Q3KQU3;Q3KQU3-2;Q3KQU3-4	Q3KQU3;Q3KQU3-2;Q3KQU3-3;Q3KQU3-4	MA7D1_HUMAN	MAP7D1	MAP7 domain-containing protein 1	721469
Q3KQV9	Q3KQV9;Q3KQV9-2	UAP1L_HUMAN	UAP1L1	UDP-N-acetylhexosamine pyrophosphorylase-like protein 1	131710
Q3KQZ1;Q3KQZ1-2;Q3KQZ1-3	Q3KQZ1;Q3KQZ1-2;Q3KQZ1-3;Q3KQZ1-4	S2535_HUMAN	SLC25A35	Solute carrier family 25 member 35	73243
Q3KR37;Q3KR37-4	Q3KR37;Q3KR37-2;Q3KR37-3;Q3KR37-4	ASTRB_HUMAN	GRAMD1B	Protein Aster-B	109199
Q3KRA9;Q3KRA9-2	Q3KRA9;Q3KRA9-2	ALKB6_HUMAN	ALKBH6	Alpha-ketoglutarate-dependent dioxygenase alkB homolog 6	9927
Q3L8U1;Q3L8U1-2;Q3L8U1-3	Q3L8U1;Q3L8U1-2;Q3L8U1-3	CHD9_HUMAN	CHD9	Chromodomain-helicase-DNA-binding protein 9	443957
Q3L8U1;Q3L8U1-2;Q3L8U1-3;Q8TD26;Q9HCK8;Q9P2D1	Q9P2D1;Q9HCK8;Q9HCK8-2;Q3L8U1;Q3L8U1-2;Q3L8U1-3;Q8TD26;Q8TD26-3	CHD6_HUMAN;CHD7_HUMAN;CHD8_HUMAN;CHD9_HUMAN	CHD6;CHD7;CHD8;CHD9	Chromodomain-helicase-DNA-binding protein 9	45995
Q3L8U1;Q3L8U1-2;Q3L8U1-3;Q8TD26;Q9P2D1	Q9P2D1;Q9P2D1-2;Q3L8U1;Q3L8U1-2;Q3L8U1-3;Q8TD26;Q8TD26-3	CHD6_HUMAN;CHD7_HUMAN;CHD9_HUMAN	CHD6;CHD7;CHD9	Chromodomain-helicase-DNA-binding protein 9	36702
Q3L8U1;Q3L8U1-2;Q3L8U1-3;Q9HCK8;Q9P2D1	Q9P2D1;Q9HCK8;Q9HCK8-2;Q3L8U1;Q3L8U1-2;Q3L8U1-3	CHD7_HUMAN;CHD8_HUMAN;CHD9_HUMAN	CHD7;CHD8;CHD9	Chromodomain-helicase-DNA-binding protein 9	42609
Q3LXA3	Q3LXA3;Q3LXA3-2	TKFC_HUMAN	TKFC	Triokinase/FMN cyclase	2.21263e+06
Q3MHD2;Q3MHD2-2	Q3MHD2;Q3MHD2-2	LSM12_HUMAN	LSM12	Protein LSM12 homolog	700256
Q3MIX3	Q3MIX3	ADCK5_HUMAN	ADCK5	Uncharacterized aarF domain-containing protein kinase 5	6886
Q3SXM5	Q3SXM5;Q3SXM5-2	HSDL1_HUMAN	HSDL1	Inactive hydroxysteroid dehydrogenase-like protein 1	398720
Q3SXY8;Q3SXY8-2;Q3SXY8-3	Q3SXY8;Q3SXY8-2;Q3SXY8-3	AR13B_HUMAN	ARL13B	ADP-ribosylation factor-like protein 13B	96584
Q3SY69	Q3SY69;O75891;O75891-2;O75891-3	AL1L2_HUMAN	ALDH1L2	Mitochondrial 10-formyltetrahydrofolate dehydrogenase	389772
Q3SY84;Q86Y46;Q86Y46-2	Q3SY84;Q86Y46;Q86Y46-2	K2C71_HUMAN;K2C73_HUMAN	KRT71;KRT73	Keratin, type II cytoskeletal 71	119524
Q3T8J9;Q3T8J9-2;Q3T8J9-3	Q3T8J9;Q3T8J9-2;Q3T8J9-3	GON4L_HUMAN	GON4L	GON-4-like protein	288036
Q3T8J9;Q3T8J9-2;Q3T8J9-3;Q9H869-2;Q9H869-3;Q9H869-5;Q9H869-9	Q3T8J9;Q3T8J9-2;Q3T8J9-3;Q9H869;Q9H869-2;Q9H869-3;Q9H869-4;Q9H869-5;Q9H869-6;Q9H869-7;Q9H869-8;Q9H869-9	GON4L_HUMAN;YYAP1_HUMAN	GON4L;YY1AP1	GON-4-like protein	104509
Q3V6T2;Q3V6T2-2	Q3V6T2;Q3V6T2-2;Q3V6T2-3;Q3V6T2-4;Q3V6T2-5	GRDN_HUMAN	CCDC88A	Girdin	2.0315e+06
Q3YEC7	Q3YEC7;Q3YEC7-2;Q3YEC7-3;Q3YEC7-4;Q3YEC7-5;Q3YEC7-6	RABL6_HUMAN	RABL6	Rab-like protein 6	1.53817e+06
Q3ZAQ7	Q3ZAQ7;Q3ZAQ7-2	VMA21_HUMAN	VMA21	Vacuolar ATPase assembly integral membrane protein VMA21	970134
Q3ZCM7	Q3ZCM7	TBB8_HUMAN	TUBB8	Tubulin beta-8 chain	90598
Q3ZCQ2	Q3ZCQ2	AX2R_HUMAN	ANXA2R	Annexin-2 receptor	38746
Q3ZCQ8;Q3ZCQ8-2	Q3ZCQ8;Q3ZCQ8-2;Q3ZCQ8-3	TIM50_HUMAN	TIMM50	Mitochondrial import inner membrane translocase subunit TIM50	1.63708e+06
Q3ZCW2	Q3ZCW2	LEGL_HUMAN	LGALSL	Galectin-related protein	110701
Q3ZCX4;Q3ZCX4-2	Q3ZCX4;Q3ZCX4-2	ZN568_HUMAN	ZNF568	Zinc finger protein 568	82403
Q460N5;Q460N5-1	Q460N5;Q460N5-1;Q460N5-3;Q460N5-4	PAR14_HUMAN	PARP14	Protein mono-ADP-ribosyltransferase PARP14	540031
Q49A26;Q49A26-4	Q49A26;Q49A26-2;Q49A26-5;Q49A26-3;Q49A26-4	GLYR1_HUMAN	GLYR1	Putative oxidoreductase GLYR1	964667
Q49A88;Q49A88-2;Q49A88-3;Q49A88-4;Q49A88-5;Q49A88-6	Q49A88;Q49A88-2;Q49A88-3;Q49A88-4;Q49A88-5;Q49A88-6	CCD14_HUMAN	CCDC14	Coiled-coil domain-containing protein 14	203300
Q49AG3	Q49AG3	ZBED5_HUMAN	ZBED5	Zinc finger BED domain-containing protein 5	128457
Q49AM1	Q49AM1	MTEF2_HUMAN	MTERF2	Transcription termination factor 2, mitochondrial	1.88288e+06
Q49AR2	Q49AR2;Q49AR2-2;Q49AR2-3	CE022_HUMAN	C5orf22	UPF0489 protein C5orf22	49352
Q49B96	Q49B96	COX19_HUMAN	COX19	Cytochrome c oxidase assembly protein COX19	286931
Q4ADV7;Q4ADV7-3	Q4ADV7;Q4ADV7-2;Q4ADV7-3	RIC1_HUMAN	RIC1	RAB6A-GEF complex partner protein 1	859378
Q4G0A6	Q4G0A6	MINY4_HUMAN	MINDY4	Probable ubiquitin carboxyl-terminal hydrolase MINDY-4	100139
Q4G0F5	Q4G0F5	VP26B_HUMAN	VPS26B	Vacuolar protein sorting-associated protein 26B	341094
Q4G0I0	Q4G0I0	CSMT1_HUMAN	CCSMST1	Protein CCSMST1	102705
Q4G0J3;Q4G0J3-3	Q4G0J3;Q4G0J3-2;Q4G0J3-3	LARP7_HUMAN	LARP7	La-related protein 7	1.5373e+06
Q4G0N4	Q4G0N4;Q4G0N4-2	NAKD2_HUMAN	NADK2	NAD kinase 2, mitochondrial	1.54484e+06
Q4G148;Q4G148-2	Q4G148;Q4G148-2	GXLT1_HUMAN	GXYLT1	Glucoside xylosyltransferase 1	42857
Q4G176	Q4G176	ACSF3_HUMAN	ACSF3	Malonate--CoA ligase ACSF3, mitochondrial	459977
Q4J6C6;Q4J6C6-4	Q4J6C6;Q4J6C6-3;Q4J6C6-4	PPCEL_HUMAN	PREPL	Prolyl endopeptidase-like	447088
Q4KMG0;Q4KMG0-2	Q4KMG0;Q4KMG0-2	CDON_HUMAN	CDON	Cell adhesion molecule-related/down-regulated by oncogenes	57901
Q4KMP7	Q4KMP7	TB10B_HUMAN	TBC1D10B	TBC1 domain family member 10B	446947
Q4KMQ1	Q4KMQ1	TPRN_HUMAN	TPRN	Taperin	87348
Q4KMQ2;Q4KMQ2-2;Q4KMQ2-3	Q4KMQ2;Q4KMQ2-2;Q4KMQ2-3;Q4KMQ2-4	ANO6_HUMAN	ANO6	Anoctamin-6	231027
Q4KWH8;Q4KWH8-3;Q4KWH8-4	Q4KWH8;Q4KWH8-3;Q4KWH8-4	PLCH1_HUMAN	PLCH1	1-phosphatidylinositol 4,5-bisphosphate phosphodiesterase eta-1	205864
Q4L180;Q4L180-2;Q4L180-3;Q4L180-5;Q4L180-6;Q4L180-7	Q4L180;Q4L180-2;Q4L180-3;Q4L180-5;Q4L180-6;Q4L180-7	FIL1L_HUMAN	FILIP1L	Filamin A-interacting protein 1-like	86535
Q4LE39;Q4LE39-2	Q4LE39;Q4LE39-2;Q4LE39-3	ARI4B_HUMAN	ARID4B	AT-rich interactive domain-containing protein 4B	213132
Q4U2R6	Q4U2R6	RM51_HUMAN	MRPL51	39S ribosomal protein L51, mitochondrial	116613
Q4V328	Q4V328;Q4V328-2;Q4V328-3;Q4V328-4	GRAP1_HUMAN	GRIPAP1	GRIP1-associated protein 1	1.96932e+06
Q4VC31	Q4VC31	CCD58_HUMAN	CCDC58	Coiled-coil domain-containing protein 58	853330
Q4VC44;Q4VC44-3	Q4VC44;Q4VC44-3	FWCH1_HUMAN	FLYWCH1	FLYWCH-type zinc finger-containing protein 1	63476
Q4VCS5	Q4VCS5;Q4VCS5-2	AMOT_HUMAN	AMOT	Angiomotin	450801
Q4ZIN3;Q4ZIN3-2	Q4ZIN3;Q4ZIN3-2	MBRL_HUMAN	TMEM259	Membralin	97422
Q504Q3;Q504Q3-2;Q504Q3-3	Q504Q3;Q504Q3-2;Q504Q3-3	PAN2_HUMAN	PAN2	PAN2-PAN3 deadenylation complex catalytic subunit PAN2	368626
Q52LJ0	Q52LJ0;Q52LJ0-1	FA98B_HUMAN	FAM98B	Protein FAM98B	1.34662e+06
Q52LR7	Q52LR7	EPC2_HUMAN	EPC2	Enhancer of polycomb homolog 2	48784
Q52LW3	Q52LW3	RHG29_HUMAN	ARHGAP29	Rho GTPase-activating protein 29	495919
Q53EL6;Q53EL6-2	Q53EL6;Q53EL6-2	PDCD4_HUMAN	PDCD4	Programmed cell death protein 4	3.0385e+06
Q53EP0	Q53EP0;Q53EP0-2	FND3B_HUMAN	FNDC3B	Fibronectin type III domain-containing protein 3B	1.16851e+06
Q53EQ6;Q53EQ6-2	Q53EQ6;Q53EQ6-2	TIGD5_HUMAN	TIGD5	Tigger transposable element-derived protein 5	16678
Q53EU6	Q53EU6	GPAT3_HUMAN	GPAT3	Glycerol-3-phosphate acyltransferase 3	132357
Q53F19	Q53F19;Q53F19-2	NCBP3_HUMAN	NCBP3	Nuclear cap-binding protein subunit 3	220413
Q53FA7	Q53FA7	QORX_HUMAN	TP53I3	Quinone oxidoreductase PIG3	394394
Q53FT3	Q53FT3	HIKES_HUMAN	HIKESHI	Protein Hikeshi	657496
Q53FV1	Q53FV1	ORML2_HUMAN	ORMDL2	ORM1-like protein 2	332965
Q53GA4	Q53GA4	PHLA2_HUMAN	PHLDA2	Pleckstrin homology-like domain family A member 2	39944
Q53GL7	Q53GL7	PAR10_HUMAN	PARP10	Protein mono-ADP-ribosyltransferase PARP10	166529
Q53GQ0	Q53GQ0	DHB12_HUMAN	HSD17B12	Very-long-chain 3-oxoacyl-CoA reductase	587367
Q53GS7	Q53GS7;Q53GS7-2	GLE1_HUMAN	GLE1	Nucleoporin GLE1	764100
Q53GS9	Q53GS9;Q53GS9-2;Q53GS9-3	SNUT2_HUMAN	USP39	U4/U6.U5 tri-snRNP-associated protein 2	2.11342e+06
Q53H12	Q53H12	AGK_HUMAN	AGK	Acylglycerol kinase, mitochondrial	1.1424e+06
Q53H47;Q53H47-3	Q53H47;Q53H47-3	SETMR_HUMAN	SETMAR	Histone-lysine N-methyltransferase SETMAR	179539
Q53H82	Q53H82	LACB2_HUMAN	LACTB2	Endoribonuclease LACTB2	1.44841e+06
Q53H96	Q53H96	P5CR3_HUMAN	PYCR3	Pyrroline-5-carboxylate reductase 3	798596
Q53HC5	Q53HC5	KLH26_HUMAN	KLHL26	Kelch-like protein 26	37688
Q53HC9	Q53HC9	EIPR1_HUMAN	EIPR1	EARP and GARP complex-interacting protein 1	274424
Q53HL2	Q53HL2	BOREA_HUMAN	CDCA8	Borealin	647120
Q53HV7	Q53HV7	SMUG1_HUMAN	SMUG1	Single-strand selective monofunctional uracil DNA glycosylase	16611
Q53LP3	Q53LP3	SWAHC_HUMAN	SOWAHC	Ankyrin repeat domain-containing protein SOWAHC	87215
Q53QZ3	Q53QZ3	RHG15_HUMAN	ARHGAP15	Rho GTPase-activating protein 15	40370
Q53R41	Q53R41	FAKD1_HUMAN	FASTKD1	FAST kinase domain-containing protein 1, mitochondrial	174766
Q53S33	Q53S33	BOLA3_HUMAN	BOLA3	BolA-like protein 3	139146
Q53S58	Q53S58	TM177_HUMAN	TMEM177	Transmembrane protein 177	34428
Q53SF7;Q53SF7-2;Q53SF7-3	Q53SF7;Q53SF7-2;Q53SF7-3	COBL1_HUMAN	COBLL1	Cordon-bleu protein-like 1	756381
Q53T59	Q53T59	H1BP3_HUMAN	HS1BP3	HCLS1-binding protein 3	351163
Q562E7;Q562E7-4	Q562E7;Q562E7-2;Q562E7-3;Q562E7-4;Q562E7-5;Q562E7-6	WDR81_HUMAN	WDR81	WD repeat-containing protein 81	212691
Q562R1	Q562R1	ACTBL_HUMAN	ACTBL2	Beta-actin-like protein 2	1.09069e+07
Q567U6	Q567U6	CCD93_HUMAN	CCDC93	Coiled-coil domain-containing protein 93	499863
Q567V2;Q567V2-2	Q567V2;Q567V2-2	M17L2_HUMAN	MPV17L2	Mpv17-like protein 2	40615
Q56NI9	Q56NI9;Q56NI9-2	ESCO2_HUMAN	ESCO2	N-acetyltransferase ESCO2	128705
Q56P03	Q56P03	EAPP_HUMAN	EAPP	E2F-associated phosphoprotein	121520
Q56VL3	Q56VL3	OCAD2_HUMAN	OCIAD2	OCIA domain-containing protein 2	414906
Q587I9	Q587I9	SFT2C_HUMAN	SFT2D3	Vesicle transport protein SFT2C	37805
Q58A45;Q58A45-2;Q58A45-3	Q58A45;Q58A45-2;Q58A45-3;Q58A45-4	PAN3_HUMAN	PAN3	PAN2-PAN3 deadenylation complex subunit PAN3	58820
Q58EX7;Q58EX7-2	Q58EX7;Q58EX7-2	PKHG4_HUMAN	PLEKHG4	Puratrophin-1	32172
Q58EX7;Q58EX7-2;Q9BXP5;Q9BXP5-2;Q9BXP5-3;Q9BXP5-4	Q58EX7;Q58EX7-2;Q9BXP5;Q9BXP5-2;Q9BXP5-3;Q9BXP5-4;Q9BXP5-5	PKHG4_HUMAN;SRRT_HUMAN	PLEKHG4;SRRT	Puratrophin-1	34714
Q58F21;Q58F21-2;Q58F21-3;Q58F21-5	Q58F21;Q58F21-2;Q58F21-3;Q58F21-5	BRDT_HUMAN	BRDT	Bromodomain testis-specific protein	28915
Q58FF6	Q58FF6	H90B4_HUMAN	HSP90AB4P	Putative heat shock protein HSP 90-beta 4	222665
Q58FF8	Q58FF8	H90B2_HUMAN	HSP90AB2P	Putative heat shock protein HSP 90-beta 2	1.30192e+06
Q58FG1	Q58FG1	HS904_HUMAN	HSP90AA4P	Putative heat shock protein HSP 90-alpha A4	46790
Q5BJD5;Q5BJD5-2;Q5BJD5-3	Q5BJD5;Q5BJD5-2;Q5BJD5-3	TM41B_HUMAN	TMEM41B	Transmembrane protein 41B	43681
Q5BJF2	Q5BJF2	SGMR2_HUMAN	TMEM97	Sigma intracellular receptor 2	1.01322e+06
Q5BJF6;Q5BJF6-2;Q5BJF6-3;Q5BJF6-4	Q5BJF6;Q5BJF6-2;Q5BJF6-3;Q5BJF6-4;Q5BJF6-5;Q5BJF6-6;Q5BJF6-7;Q5BJF6-8;Q5BJF6-9;Q5BJF6-10	ODFP2_HUMAN	ODF2	Outer dense fiber protein 2	811065
Q5BJH7;Q5BJH7-2;Q5BJH7-3;Q5BJH7-6	Q5BJH7;Q5BJH7-2;Q5BJH7-3;Q5BJH7-6	YIF1B_HUMAN	YIF1B	Protein YIF1B	45391
Q5BKT4;Q5I7T1	Q5I7T1;Q5BKT4	AG10A_HUMAN;AG10B_HUMAN	ALG10;ALG10B	Dol-P-Glc:Glc(2)Man(9)GlcNAc(2)-PP-Dol alpha-1,2-glucosyltransferase	80675
Q5BKU9	Q5BKU9	OXLD1_HUMAN	OXLD1	Oxidoreductase-like domain-containing protein 1	72242
Q5BKX5;Q5BKX5-3	Q5BKX5;Q5BKX5-3	CS054_HUMAN	C19orf54	UPF0692 protein C19orf54	57115
Q5BKZ1	Q5BKZ1;Q5BKZ1-3	ZN326_HUMAN	ZNF326	DBIRD complex subunit ZNF326	2.09185e+06
Q5C9Z4	Q5C9Z4	NOM1_HUMAN	NOM1	Nucleolar MIF4G domain-containing protein 1	141439
Q5CZC0;Q5CZC0-2	Q5CZC0;Q5CZC0-2	FSIP2_HUMAN	FSIP2	Fibrous sheath-interacting protein 2	62909
Q5EBL4;Q5EBL4-3	Q5EBL4;Q5EBL4-2;Q5EBL4-3	RIPL1_HUMAN	RILPL1	RILP-like protein 1	85109
Q5EBL8;Q5EBL8-2	Q5EBL8;Q5EBL8-2	PDZ11_HUMAN	PDZD11	PDZ domain-containing protein 11	41159
Q5EG05;Q5EG05-2	Q5EG05;Q5EG05-2	CAR16_HUMAN	CARD16	Caspase recruitment domain-containing protein 16	104464
Q5F1R6;Q5F1R6-2;Q5F1R6-3	Q5F1R6;Q5F1R6-2;Q5F1R6-3	DJC21_HUMAN	DNAJC21	DnaJ homolog subfamily C member 21	808659
Q5GAN6;Q5GAN6-2	Q5GAN6;Q5GAN6-2	RNS10_HUMAN	RNASE10	Inactive ribonuclease-like protein 10	82537
Q5GLZ8;Q5GLZ8-2;Q5GLZ8-3	Q5GLZ8;Q5GLZ8-2;Q5GLZ8-3;Q5GLZ8-6	HERC4_HUMAN	HERC4	Probable E3 ubiquitin-protein ligase HERC4	644858
Q5H8A4;Q5H8A4-2;Q5H8A4-3	Q5H8A4;Q5H8A4-2;Q5H8A4-3;Q5H8A4-4;Q5H8A4-5;Q5H8A4-6	PIGG_HUMAN	PIGG	GPI ethanolamine phosphate transferase 2	115205
Q5H9F3;Q5H9F3-2;Q5H9F3-3	Q5H9F3;Q5H9F3-2;Q5H9F3-3	BCORL_HUMAN	BCORL1	BCL-6 corepressor-like protein 1	152335
Q5H9R7;Q5H9R7-2;Q5H9R7-5;Q5H9R7-6	Q5H9R7;Q5H9R7-2;Q5H9R7-3;Q5H9R7-4;Q5H9R7-5;Q5H9R7-6	PP6R3_HUMAN	PPP6R3	Serine/threonine-protein phosphatase 6 regulatory subunit 3	2.55632e+06
Q5H9U9;Q5H9U9-2	Q5H9U9;Q5H9U9-2	DDX6L_HUMAN	DDX60L	Probable ATP-dependent RNA helicase DDX60-like	135011
Q5H9U9;Q5H9U9-2;Q8IY21	Q5H9U9;Q5H9U9-2;Q8IY21	DDX60_HUMAN;DDX6L_HUMAN	DDX60;DDX60L	Probable ATP-dependent RNA helicase DDX60-like	20879
Q5HYI7	Q5HYI7;Q5HYI7-2;Q5HYI7-4;Q5HYI7-5	MTX3_HUMAN	MTX3	Metaxin-3	589045
Q5HYI8	Q5HYI8	RABL3_HUMAN	RABL3	Rab-like protein 3	780859
Q5HYJ3	Q5HYJ3;Q5HYJ3-2;Q5HYJ3-3	FA76B_HUMAN	FAM76B	Protein FAM76B	85221
Q5HYK3	Q5HYK3;Q5HYK3-2	COQ5_HUMAN	COQ5	2-methoxy-6-polyprenyl-1,4-benzoquinol methylase, mitochondrial	773313
Q5HYK7;Q5HYK7-2;Q5HYK7-3	Q5HYK7;Q5HYK7-2;Q5HYK7-3	SH319_HUMAN	SH3D19	SH3 domain-containing protein 19	725870
Q5HYW2	Q5HYW2;Q5HYW2-2	NHSL2_HUMAN	NHSL2	NHS-like protein 2	30490
Q5J8M3;Q5J8M3-2	Q5J8M3;Q5J8M3-2;Q5J8M3-3	EMC4_HUMAN	EMC4	ER membrane protein complex subunit 4	474911
Q5JPE7;Q5JPE7-2	P69849;Q5JPE7;Q5JPE7-2;Q5JPE7-3	NOMO2_HUMAN	NOMO2	Nodal modulator 2	149044
Q5JPF3	Q5JPF3	AN36C_HUMAN	ANKRD36C	Ankyrin repeat domain-containing protein 36C	4.23752e+06
Q5JPH6;Q5JPH6-2	Q5JPH6;Q5JPH6-2	SYEM_HUMAN	EARS2	Probable glutamate--tRNA ligase, mitochondrial	168859
Q5JPI9	Q5JPI9	EFMT2_HUMAN	EEF1AKMT2	EEF1A lysine methyltransferase 2	109492
Q5JRA6	Q5JRA6;Q5JRA6-2;Q5JRA6-3	TGO1_HUMAN	MIA3	Transport and Golgi organization protein 1 homolog	1.76306e+06
Q5JRX3;Q5JRX3-2	Q5JRX3;Q5JRX3-2;Q5JRX3-3	PREP_HUMAN	PITRM1	Presequence protease, mitochondrial	2.0019e+06
Q5JS37;Q5JS37-2	Q5JS37;Q5JS37-2	NHLC3_HUMAN	NHLRC3	NHL repeat-containing protein 3	30721
Q5JS54;Q5JS54-2	Q5JS54;Q5JS54-2;Q5JS54-3	PSMG4_HUMAN	PSMG4	Proteasome assembly chaperone 4	67415
Q5JSH3	Q5JSH3;Q5JSH3-2;Q5JSH3-3	WDR44_HUMAN	WDR44	WD repeat-containing protein 44	1.7042e+06
Q5JSZ5	Q5JSZ5;Q5JSZ5-5	PRC2B_HUMAN	PRRC2B	Protein PRRC2B	1.6433e+06
Q5JSZ5;Q9NVH1;Q9Y520;Q9Y520-5;Q9Y520-7	Q9NVH1;Q9NVH1-2;Q5JSZ5;Q8TBY8;Q8TBY8-1;Q8TBY8-3;Q8TBY8-4;Q9Y520;Q9Y520-2;Q9Y520-3;Q9Y520-4;Q9Y520-5;Q9Y520-6;Q9Y520-7;Reverse_sp|Q7KYR7|BT2A1_HUMAN;Reverse_sp|Q7KYR7-1|BT2A1_HUMAN;Reverse_sp|Q7KYR7-3|BT2A1_HUMAN;Reverse_sp|Q7KYR7-4|BT2A1_HUMAN;Reverse_sp|Q7KYR7-5|BT2A1_HUMAN;Reverse_sp|Q7KYR7-6|BT2A1_HUMAN;Reverse_sp|O15078|CE290_HUMAN;Reverse_sp|P15924|DESP_HUMAN;Reverse_sp|P15924-2|DESP_HUMAN;Reverse_sp|P15924-3|DESP_HUMAN	DJC11_HUMAN;PRC2B_HUMAN;PRC2C_HUMAN	DNAJC11;PRRC2B;PRRC2C	Protein PRRC2B	184705
Q5JTD0;Q5JTD0-2	Q5JTD0;Q5JTD0-2;Q5JTD0-4	TJAP1_HUMAN	TJAP1	Tight junction-associated protein 1	146071
Q5JTH9	Q5JTH9;Q5JTH9-2;Q5JTH9-3	RRP12_HUMAN	RRP12	RRP12-like protein	4.3832e+06
Q5JTJ3;Q5JTJ3-2;Q5JTJ3-3	Q5JTJ3;Q5JTJ3-2;Q5JTJ3-3	COA6_HUMAN	COA6	Cytochrome c oxidase assembly factor 6 homolog	1.16881e+06
Q5JTV8	Q5JTV8;Q5JTV8-3	TOIP1_HUMAN	TOR1AIP1	Torsin-1A-interacting protein 1	2.76597e+06
Q5JTV8;Q8NFQ8	Q5JTV8;Q5JTV8-2;Q5JTV8-3;Q8NFQ8	TOIP1_HUMAN;TOIP2_HUMAN	TOR1AIP1;TOR1AIP2	Torsin-1A-interacting protein 1	99945
Q5JTW2;Q5JTW2-2;Q5JTW2-3;Q5JTW2-5	Q5JTW2;Q5JTW2-2;Q5JTW2-3;Q5JTW2-5	CEP78_HUMAN	CEP78	Centrosomal protein of 78 kDa	102583
Q5JTZ9	Q5JTZ9	SYAM_HUMAN	AARS2	Alanine--tRNA ligase, mitochondrial	1.22141e+06
Q5JU69	Q5JU69;Q5JU69-2;Q8N2E6	TOR2A_HUMAN	TOR2A	Torsin-2A	124402
Q5JU85	Q5JU85;Q5JU85-3	IQEC2_HUMAN	IQSEC2	IQ motif and SEC7 domain-containing protein 2	215842
Q5JUR7	Q5JUR7;Q5JUR7-2	TEX30_HUMAN	TEX30	Testis-expressed protein 30	97930
Q5JVF3;Q5JVF3-2;Q5JVF3-3	Q5JVF3;Q5JVF3-2;Q5JVF3-3;Q5JVF3-4	PCID2_HUMAN	PCID2	PCI domain-containing protein 2	913666
Q5JVG2;Q5JVG2-2;Q5JVG2-3	Q5JVG2;Q5JVG2-2;Q5JVG2-3	ZN484_HUMAN	ZNF484	Zinc finger protein 484	622315
Q5JVG8;Q5JVG8-2	Q5JVG8;Q5JVG8-2;Q8IYN0;Q9H8G1;Q8TF32;Q96JC4;Q96N22;Q96N22-2	ZN506_HUMAN	ZNF506	Zinc finger protein 506	1.65597e+06
Q5JVS0;Q5JVS0-2	Q5JVS0;Q5JVS0-2	HABP4_HUMAN	HABP4	Intracellular hyaluronan-binding protein 4	16122
Q5JWF2;Q5JWF2-2	Q5JWF2;Q5JWF2-2;P63092;P63092-2;P63092-3;P63092-4	GNAS1_HUMAN	GNAS	Guanine nucleotide-binding protein G(s) subunit alpha isoforms XLas	1.77347e+06
Q5K4L6;Q5K4L6-2	Q5K4L6;Q5K4L6-2	S27A3_HUMAN	SLC27A3	Solute carrier family 27 member 3	218479
Q5K651	Q5K651	SAMD9_HUMAN	SAMD9	Sterile alpha motif domain-containing protein 9	451778
Q5M775;Q5M775-4	Q5M775;Q5M775-2;Q5M775-3;Q5M775-4;Q5M775-5	CYTSB_HUMAN	SPECC1	Cytospin-B	687170
Q5MIZ7;Q5MIZ7-2;Q5MIZ7-3	Q5MIZ7;Q5MIZ7-2;Q5MIZ7-3	P4R3B_HUMAN	PPP4R3B	Serine/threonine-protein phosphatase 4 regulatory subunit 3B	19946
Q5MIZ7;Q5MIZ7-2;Q5MIZ7-3;Q6IN85	Q5MIZ7;Q5MIZ7-2;Q5MIZ7-3;Q6IN85;Q6IN85-2;Q6IN85-5;Q6ZMV5;Q6ZMV5-2	P4R3A_HUMAN;P4R3B_HUMAN	PPP4R3A;PPP4R3B	Serine/threonine-protein phosphatase 4 regulatory subunit 3B	684681
Q5MNZ6	Q5MNZ6	WIPI3_HUMAN	WDR45B	WD repeat domain phosphoinositide-interacting protein 3	92041
Q5NDL2;Q5NDL2-2;Q5NDL2-3	Q5NDL2;Q5NDL2-2;Q5NDL2-3	EOGT_HUMAN	EOGT	EGF domain-specific O-linked N-acetylglucosamine transferase	86068
Q5PRF9	Q5PRF9	SMAG2_HUMAN	SAMD4B	Protein Smaug homolog 2	171660
Q5PSV4;Q5PSV4-2	Q5PSV4;Q5PSV4-2	BRM1L_HUMAN	BRMS1L	Breast cancer metastasis-suppressor 1-like protein	39978
Q5QJ74	Q5QJ74	TBCEL_HUMAN	TBCEL	Tubulin-specific chaperone cofactor E-like protein	144666
Q5QJE6	Q5QJE6	TDIF2_HUMAN	DNTTIP2	Deoxynucleotidyltransferase terminal-interacting protein 2	1.39187e+06
Q5R372;Q5R372-3;Q5R372-4	Q5R372;Q5R372-2;Q5R372-3;Q5R372-4	RBG1L_HUMAN	RABGAP1L	Rab GTPase-activating protein 1-like	718736
Q5R372;Q5R372-3;Q5R372-4;Q9Y3P9	Q5R372;Q5R372-3;Q5R372-4;Q9Y3P9	RBG1L_HUMAN;RBGP1_HUMAN	RABGAP1;RABGAP1L	Rab GTPase-activating protein 1-like	79922
Q5R3I4	Q5R3I4	TTC38_HUMAN	TTC38	Tetratricopeptide repeat protein 38	1.42553e+06
Q5RI15;Q5RI15-2	Q5RI15;Q5RI15-2	COX20_HUMAN	COX20	Cytochrome c oxidase assembly protein COX20, mitochondrial	255494
Q5RKV6	Q5RKV6	EXOS6_HUMAN	EXOSC6	Exosome complex component MTR3	884151
Q5SGD2	Q5SGD2;Q5SGD2-2;Q5SGD2-3	PPM1L_HUMAN	PPM1L	Protein phosphatase 1L	63049
Q5SNT2	Q5SNT2	TM201_HUMAN	TMEM201	Transmembrane protein 201	194877
Q5SQN1	Q5SQN1;Q5SQN1-4	SNP47_HUMAN	SNAP47	Synaptosomal-associated protein 47	773670
Q5SR56	Q5SR56	MF14B_HUMAN	MFSD14B	Hippocampus abundant transcript-like protein 1	12610
Q5SRE5	Q5SRE5;Q5SRE5-2	NU188_HUMAN	NUP188	Nucleoporin NUP188 homolog	1.72281e+06
Q5SRI9	Q5SRI9	MANEA_HUMAN	MANEA	Glycoprotein endo-alpha-1,2-mannosidase	117785
Q5SSJ5	Q5SSJ5;Q5SSJ5-2;Q5SSJ5-3	HP1B3_HUMAN	HP1BP3	Heterochromatin protein 1-binding protein 3	3.38063e+06
Q5ST30;Q5ST30-3;Q5ST30-4	Q5ST30;Q5ST30-3;Q5ST30-4	SYVM_HUMAN	VARS2	Valine--tRNA ligase, mitochondrial	1.15276e+06
Q5SVZ6	Q5SVZ6	ZMYM1_HUMAN	ZMYM1	Zinc finger MYM-type protein 1	93092
Q5SW79	Q5SW79	CE170_HUMAN	CEP170	Centrosomal protein of 170 kDa	1.95409e+06
Q5SW79;Q9Y4F5;Q9Y4F5-2;Q9Y4F5-3	Q5SW79;Q5SW79-2;Q5SW79-3;Q9Y4F5;Q9Y4F5-2;Q9Y4F5-3	C170B_HUMAN;CE170_HUMAN	CEP170;CEP170B	Centrosomal protein of 170 kDa	53606
Q5SW96	Q5SW96	ARH_HUMAN	LDLRAP1	Low density lipoprotein receptor adapter protein 1	173124
Q5SWA1	Q5SWA1	PR15B_HUMAN	PPP1R15B	Protein phosphatase 1 regulatory subunit 15B	56590
Q5SWX8	Q5SWX8;Q5SWX8-3;Q5SWX8-4	ODR4_HUMAN	ODR4	Protein odr-4 homolog	735337
Q5SXM2	Q5SXM2	SNPC4_HUMAN	SNAPC4	snRNA-activating protein complex subunit 4	109142
Q5SXM8	Q5SXM8	DNLZ_HUMAN	DNLZ	DNL-type zinc finger protein	48978
Q5SY16	Q5SY16	NOL9_HUMAN	NOL9	Polynucleotide 5'-hydroxyl-kinase NOL9	939691
Q5SYE7;Q5SYE7-2	Q5SYE7;Q5SYE7-2	NHSL1_HUMAN	NHSL1	NHS-like protein 1	61097
Q5T011;Q5T011-5	Q5T011;Q5T011-5	SZT2_HUMAN	SZT2	KICSTOR complex protein SZT2	517964
Q5T0B9	Q5T0B9	ZN362_HUMAN	ZNF362	Zinc finger protein 362	8659
Q5T0D9	Q5T0D9	TPRGL_HUMAN	TPRG1L	Tumor protein p63-regulated gene 1-like protein	137292
Q5T0F9;Q5T0F9-2	Q5T0F9;Q5T0F9-2;Q5T0F9-3	C2D1B_HUMAN	CC2D1B	Coiled-coil and C2 domain-containing protein 1B	456229
Q5T0F9;Q5T0F9-2;Q6P1N0	Q5T0F9;Q5T0F9-2;Q5T0F9-3;Q6P1N0;Q6P1N0-2	C2D1A_HUMAN;C2D1B_HUMAN	CC2D1A;CC2D1B	Coiled-coil and C2 domain-containing protein 1B	167365
Q5T0N5;Q5T0N5-2;Q5T0N5-3;Q5T0N5-4;Q5T0N5-5	Q5T0N5;Q5T0N5-2;Q5T0N5-3;Q5T0N5-4;Q5T0N5-5	FBP1L_HUMAN	FNBP1L	Formin-binding protein 1-like	119078
Q5T0W9	Q5T0W9	FA83B_HUMAN	FAM83B	Protein FAM83B	67797
Q5T0Z8	Q5T0Z8	CF132_HUMAN	C6orf132	Uncharacterized protein C6orf132	473074
Q5T160	Q5T160	SYRM_HUMAN	RARS2	Probable arginine--tRNA ligase, mitochondrial	493542
Q5T1C6	Q5T1C6	THEM4_HUMAN	THEM4	Acyl-coenzyme A thioesterase THEM4	233238
Q5T1M5	Q5T1M5;Q5T1M5-2	FKB15_HUMAN	FKBP15	FK506-binding protein 15	3.03539e+06
Q5T1V6;Q5T1V6-2	Q5T1V6;Q5T1V6-2	DDX59_HUMAN	DDX59	Probable ATP-dependent RNA helicase DDX59	738972
Q5T200	Q5T200;Q5T200-2;Reverse_sp|B2RTY4|MYO9A_HUMAN;Reverse_sp|B2RTY4-2|MYO9A_HUMAN;Reverse_sp|B2RTY4-3|MYO9A_HUMAN;Reverse_sp|B2RTY4-4|MYO9A_HUMAN;Reverse_sp|B2RTY4-5|MYO9A_HUMAN	ZC3HD_HUMAN	ZC3H13	Zinc finger CCCH domain-containing protein 13	774782
Q5T280	Q5T280	CI114_HUMAN	SPOUT1	Putative methyltransferase C9orf114	360545
Q5T2E6	Q5T2E6	ARMD3_HUMAN	ARMH3	Armadillo-like helical domain-containing protein 3	101251
Q5T2T1	Q5T2T1	MPP7_HUMAN	MPP7	MAGUK p55 subfamily member 7	681545
Q5T3F8	Q5T3F8	CSCL2_HUMAN	TMEM63B	CSC1-like protein 2	92206
Q5T3I0;Q5T3I0-3	Q5T3I0;Q5T3I0-2;Q5T3I0-3	GPTC4_HUMAN	GPATCH4	G patch domain-containing protein 4	402215
Q5T3J3	Q5T3J3	LRIF1_HUMAN	LRIF1	Ligand-dependent nuclear receptor-interacting factor 1	88782
Q5T440	Q5T440	CAF17_HUMAN	IBA57	Putative transferase CAF17, mitochondrial	218683
Q5T447	Q5T447;Q5T447-2	HECD3_HUMAN	HECTD3	E3 ubiquitin-protein ligase HECTD3	379052
Q5T481	Q5T481	RBM20_HUMAN	RBM20	RNA-binding protein 20	127475
Q5T4S7;Q5T4S7-2;Q5T4S7-3	Q5T4S7;Q5T4S7-2;Q5T4S7-3;Q5T4S7-4;Q5T4S7-5	UBR4_HUMAN	UBR4	E3 ubiquitin-protein ligase UBR4	5.39672e+06
Q5T5C0;Q5T5C0-2;Q5T5C0-3	Q5T5C0;Q5T5C0-2;Q5T5C0-3	STXB5_HUMAN	STXBP5	Syntaxin-binding protein 5	110931
Q5T5P2;Q5T5P2-3	Q5T5P2;Q5T5P2-2;Q5T5P2-3;Q5T5P2-4;Q5T5P2-7;Q5T5P2-6;Q5T5P2-8;Q5T5P2-9;Q5T5P2-10	SKT_HUMAN	KIAA1217	Sickle tail protein homolog	1.60735e+06
Q5T5U3	Q5T5U3;Q5T5U3-3	RHG21_HUMAN	ARHGAP21	Rho GTPase-activating protein 21	88282
Q5T5X7	Q5T5X7	BEND3_HUMAN	BEND3	BEN domain-containing protein 3	177367
Q5T5Y3;Q5T5Y3-3	Q5T5Y3;Q5T5Y3-2;Q5T5Y3-3	CAMP1_HUMAN	CAMSAP1	Calmodulin-regulated spectrin-associated protein 1	804280
Q5T601	Q5T601;Q5T601-2	AGRF1_HUMAN	ADGRF1	Adhesion G-protein coupled receptor F1	768034
Q5T653	Q5T653	RM02_HUMAN	MRPL2	39S ribosomal protein L2, mitochondrial	828666
Q5T6F2	Q5T6F2	UBAP2_HUMAN	UBAP2	Ubiquitin-associated protein 2	925315
Q5T6V5	Q5T6V5	QSPP_HUMAN	C9orf64	Queuosine salvage protein	767921
Q5T7N2	Q5T7N2	LITD1_HUMAN	L1TD1	LINE-1 type transposase domain-containing protein 1	241361
Q5T7W0;Q5T7W0-2;Q5T7W0-4	Q5T7W0;Q5T7W0-2;Q5T7W0-4	ZN618_HUMAN	ZNF618	Zinc finger protein 618	211948
Q5T8D3;Q5T8D3-2;Q5T8D3-3	Q5T8D3;Q5T8D3-2;Q5T8D3-3	ACBD5_HUMAN	ACBD5	Acyl-CoA-binding domain-containing protein 5	328964
Q5T8I3;Q5T8I3-2	Q5T8I3;Q5T8I3-2	F102B_HUMAN	FAM102B	Protein FAM102B	623025
Q5T8P6;Q5T8P6-2	Q5T8P6;Q5T8P6-2;Q5T8P6-3;Q5T8P6-6	RBM26_HUMAN	RBM26	RNA-binding protein 26	1.63728e+06
Q5T8P6;Q5T8P6-2;Q9P2N5	Q9P2N5;Q5T8P6;Q5T8P6-2;Q5T8P6-3;Q5T8P6-4;Q5T8P6-5	RBM26_HUMAN;RBM27_HUMAN	RBM26;RBM27	RNA-binding protein 26	128127
Q5T9A4	Q5T9A4;Q5T9A4-3	ATD3B_HUMAN	ATAD3B	ATPase family AAA domain-containing protein 3B	170664
Q5T9A4;Q9NVI7-2	Q9NVI7;Q9NVI7-2;Q5T9A4	ATD3A_HUMAN;ATD3B_HUMAN	ATAD3A;ATAD3B	ATPase family AAA domain-containing protein 3B	3.43256e+06
Q5T9L3;Q5T9L3-2;Q5T9L3-3	Q5T9L3;Q5T9L3-2;Q5T9L3-3	WLS_HUMAN	WLS	Protein wntless homolog	58616
Q5TA45;Q5TA45-3	Q5TA45;Q5TA45-2;Q5TA45-3	INT11_HUMAN	INTS11	Integrator complex subunit 11	242941
Q5TAP6	Q5TAP6	UT14C_HUMAN	UTP14C	U3 small nucleolar RNA-associated protein 14 homolog C	444806
Q5TAP6;Q9BVJ6	Q5TAP6;Q9BVJ6;Q9BVJ6-2;Q9BVJ6-3	UT14A_HUMAN;UT14C_HUMAN	UTP14A;UTP14C	U3 small nucleolar RNA-associated protein 14 homolog C	312359
Q5TAQ9	Q5TAQ9;Q5TAQ9-2	DCAF8_HUMAN	DCAF8	DDB1- and CUL4-associated factor 8	406148
Q5TAT6;Q5TAT6-10;Q5TAT6-11;Q5TAT6-2;Q5TAT6-3;Q5TAT6-4;Q5TAT6-5;Q5TAT6-6;Q5TAT6-7;Q5TAT6-8;Q5TAT6-9	Q5TAT6;Q5TAT6-2;Q5TAT6-3;Q5TAT6-4;Q5TAT6-5;Q5TAT6-6;Q5TAT6-7;Q5TAT6-8;Q5TAT6-9;Q5TAT6-10;Q5TAT6-11	CODA1_HUMAN	COL13A1	Collagen alpha-1(XIII) chain	163333
Q5TAX3	Q5TAX3	TUT4_HUMAN	TUT4	Terminal uridylyltransferase 4	81998
Q5TAX3;Q5VYS8	Q5TAX3;Q5VYS8;Q5VYS8-4;Q5VYS8-6	TUT4_HUMAN;TUT7_HUMAN	TUT4;TUT7	Terminal uridylyltransferase 4	31702
Q5TBA9	Q5TBA9	FRY_HUMAN	FRY	Protein furry homolog	671741
Q5TBB1	Q5TBB1;Q5TBB1-2	RNH2B_HUMAN	RNASEH2B	Ribonuclease H2 subunit B	130285
Q5TC12	Q5TC12;Q5TC12-2;Q5TC12-3	ATPF1_HUMAN	ATPAF1	ATP synthase mitochondrial F1 complex assembly factor 1	232501
Q5TC82;Q5TC82-2	Q5TC82;Q5TC82-2	RC3H1_HUMAN	RC3H1	Roquin-1	264993
Q5TC82;Q5TC82-2;Q9HBD1;Q9HBD1-4	Q5TC82;Q5TC82-2;Q9HBD1;Q9HBD1-2;Q9HBD1-3;Q9HBD1-4;Q9HBD1-6	RC3H1_HUMAN;RC3H2_HUMAN	RC3H1;RC3H2	Roquin-1	257738
Q5TC84	Q5TC84	OGRL1_HUMAN	OGFRL1	Opioid growth factor receptor-like protein 1	601837
Q5TCQ9;Q5TCQ9-1	Q5TCQ9;Q5TCQ9-1	MAGI3_HUMAN	MAGI3	Membrane-associated guanylate kinase, WW and PDZ domain-containing protein 3	1.3829e+06
Q5TCZ1;Q5TCZ1-3	Q5TCZ1;Q5TCZ1-2;Q5TCZ1-3	SPD2A_HUMAN	SH3PXD2A	SH3 and PX domain-containing protein 2A	1.05932e+06
Q5TDH0;Q5TDH0-3	Q5TDH0;Q5TDH0-2;Q5TDH0-3	DDI2_HUMAN	DDI2	Protein DDI1 homolog 2	502490
Q5TEU4;Q5TEU4-2	Q5TEU4;Q5TEU4-2	NDUF5_HUMAN	NDUFAF5	Arginine-hydroxylase NDUFAF5, mitochondrial	617831
Q5TF21	Q5TF21	SOGA3_HUMAN	SOGA3	Protein SOGA3	47399
Q5TF21;Q9Y4B5;Q9Y4B5-2;Q9Y4B5-3	Q5TF21;Q9Y4B5;Q9Y4B5-2;Q9Y4B5-3	MTCL1_HUMAN;SOGA3_HUMAN	MTCL1;SOGA3	Protein SOGA3	45014
Q5TFE4	Q5TFE4	NT5D1_HUMAN	NT5DC1	5'-nucleotidase domain-containing protein 1	1.26119e+06
Q5THJ4;Q5THJ4-2	Q5THJ4;Q5THJ4-2	VP13D_HUMAN	VPS13D	Vacuolar protein sorting-associated protein 13D	237394
Q5THK1;Q5THK1-2;Q5THK1-4	Q5THK1;Q5THK1-2;Q5THK1-4	PR14L_HUMAN	PRR14L	Protein PRR14L	657685
Q5TKA1;Q5TKA1-2	Q5TKA1;Q5TKA1-2;Q5TKA1-3	LIN9_HUMAN	LIN9	Protein lin-9 homolog	333713
Q5TZA2	Q5TZA2	CROCC_HUMAN	CROCC	Rootletin	2.1084e+06
Q5U3C3;Q5U3C3-2	Q5U3C3;Q5U3C3-2	TM164_HUMAN	TMEM164	Transmembrane protein 164	33153
Q5U5X0	Q5U5X0	LYRM7_HUMAN	LYRM7	Complex III assembly factor LYRM7	516449
Q5UCC4;Q5UCC4-2	Q5UCC4;Q5UCC4-2	EMC10_HUMAN	EMC10	ER membrane protein complex subunit 10	824622
Q5UIP0;Q5UIP0-2	Q5UIP0;Q5UIP0-2	RIF1_HUMAN	RIF1	Telomere-associated protein RIF1	2.42289e+06
Q5VIR6;Q5VIR6-2;Q5VIR6-3;Q5VIR6-4	Q5VIR6;Q5VIR6-2;Q5VIR6-3;Q5VIR6-4	VPS53_HUMAN	VPS53	Vacuolar protein sorting-associated protein 53 homolog	122928
Q5VSL9	Q5VSL9;Q5VSL9-2;Q5VSL9-3	STRP1_HUMAN	STRIP1	Striatin-interacting protein 1	464301
Q5VST6;Q5VST6-2	Q5VST6;Q5VST6-2	AB17B_HUMAN	ABHD17B	Alpha/beta hydrolase domain-containing protein 17B	150340
Q5VSY0;Q5VSY0-2	Q5VSY0;Q5VSY0-2	GKAP1_HUMAN	GKAP1	G kinase-anchoring protein 1	301875
Q5VT06	Q5VT06	CE350_HUMAN	CEP350	Centrosome-associated protein 350	1.11792e+06
Q5VT25;Q5VT25-2;Q5VT25-3;Q5VT25-4;Q5VT25-5;Q5VT25-6	Q5VT25;Q5VT25-2;Q5VT25-3;Q5VT25-4;Q5VT25-5;Q5VT25-6	MRCKA_HUMAN	CDC42BPA	Serine/threonine-protein kinase MRCK alpha	715212
Q5VT25;Q5VT25-2;Q5VT25-3;Q5VT25-4;Q5VT25-5;Q5VT25-6;Q9Y5S2	Q9Y5S2;Q5VT25;Q5VT25-2;Q5VT25-3;Q5VT25-4;Q5VT25-5;Q5VT25-6	MRCKA_HUMAN;MRCKB_HUMAN	CDC42BPA;CDC42BPB	Serine/threonine-protein kinase MRCK alpha	213164
Q5VT52;Q5VT52-3	Q5VT52;Q5VT52-2;Q5VT52-3	RPRD2_HUMAN	RPRD2	Regulation of nuclear pre-mRNA domain-containing protein 2	2.39372e+06
Q5VT66;Q5VT66-2	Q5VT66;Q5VT66-2;Q5VT66-3	MARC1_HUMAN	MTARC1	Mitochondrial amidoxime-reducing component 1	202676
Q5VT66;Q5VT66-2;Q969Z3	Q5VT66;Q5VT66-2;Q969Z3;Q969Z3-2	MARC1_HUMAN;MARC2_HUMAN	MTARC1;MTARC2	Mitochondrial amidoxime-reducing component 1	396743
Q5VT79	Q5VT79;Q5VT79-2;P13928;P13928-3	AXA81_HUMAN	ANXA8L1	Annexin A8-like protein 1	395982
Q5VT97;Q5VT97-2	Q5VT97;Q5VT97-2	SYDE2_HUMAN	SYDE2	Rho GTPase-activating protein SYDE2	145728
Q5VTB9;Q5VTB9-3	Q5VTB9;Q5VTB9-3	RN220_HUMAN	RNF220	E3 ubiquitin-protein ligase RNF220	101310
Q5VTE6;Q5VTE6-2	Q5VTE6;Q5VTE6-2	ANGE2_HUMAN	ANGEL2	Protein angel homolog 2	40118
Q5VTL8	Q5VTL8;Q5VTL8-2	PR38B_HUMAN	PRPF38B	Pre-mRNA-splicing factor 38B	741382
Q5VTR2	Q5VTR2	BRE1A_HUMAN	RNF20	E3 ubiquitin-protein ligase BRE1A	900633
Q5VU43;Q5VU43-3;Q5VU43-4	Q5VU43;Q5VU43-2;Q5VU43-3;Q5VU43-4;Q5VU43-6;Q5VU43-7;Q5VU43-13	MYOME_HUMAN	PDE4DIP	Myomegalin	270767
Q5VU43;Q5VU43-3;Q5VU43-4;Q96SN8;Q96SN8-4	Q96SN8;Q96SN8-2;Q96SN8-3;Q96SN8-4;Q5VU43;Q5VU43-3;Q5VU43-4;Q5VU43-6;Q5VU43-7;Q5VU43-8;Q5VU43-9;Q5VU43-10;Q5VU43-11;Q5VU43-12	CK5P2_HUMAN;MYOME_HUMAN	CDK5RAP2;PDE4DIP	Myomegalin	687523
Q5VUA4	Q5VUA4;Q5VUA4-2	ZN318_HUMAN	ZNF318	Zinc finger protein 318	666272
Q5VUJ6;Q5VUJ6-2	Q5VUJ6;Q5VUJ6-2	LRCH2_HUMAN	LRCH2	Leucine-rich repeat and calponin homology domain-containing protein 2	226026
Q5VUM1	Q5VUM1	SDHF4_HUMAN	SDHAF4	Succinate dehydrogenase assembly factor 4, mitochondrial	25292
Q5VV41	Q5VV41;Q5VV41-2	ARHGG_HUMAN	ARHGEF16	Rho guanine nucleotide exchange factor 16	1.11677e+06
Q5VV42	Q5VV42;Q5VV42-3	CDKAL_HUMAN	CDKAL1	Threonylcarbamoyladenosine tRNA methylthiotransferase	113593
Q5VV52;Q5VV52-3	Q5VV52;Q5VV52-3	ZN691_HUMAN	ZNF691	Zinc finger protein 691	28082
Q5VVQ6;Q5VVQ6-2	Q5VVQ6;Q5VVQ6-2	OTU1_HUMAN	YOD1	Ubiquitin thioesterase OTU1	187777
Q5VW32	Q5VW32;Q5VW32-2	BROX_HUMAN	BROX	BRO1 domain-containing protein BROX	806517
Q5VW36	Q5VW36	FOCAD_HUMAN	FOCAD	Focadhesin	713317
Q5VW38;Q5VW38-2	Q5VW38;Q5VW38-2;Q5VW38-3	GP107_HUMAN	GPR107	Protein GPR107	153339
Q5VWG9	Q5VWG9	TAF3_HUMAN	TAF3	Transcription initiation factor TFIID subunit 3	14980
Q5VWJ9	Q5VWJ9	SNX30_HUMAN	SNX30	Sorting nexin-30	60776
Q5VWN6	Q5VWN6	TASO2_HUMAN	TASOR2	Protein TASOR 2	1.3047e+06
Q5VWQ0	Q5VWQ0	RSBN1_HUMAN	RSBN1	Lysine-specific demethylase 9	138481
Q5VWQ0;Q6PCB5	Q5VWQ0;Q6PCB5;Q6PCB5-2	RSBN1_HUMAN;RSBNL_HUMAN	RSBN1;RSBN1L	Lysine-specific demethylase 9	34267
Q5VWQ8;Q5VWQ8-2;Q5VWQ8-3;Q5VWQ8-4;Q5VWQ8-5	Q5VWQ8;Q5VWQ8-2;Q5VWQ8-3;Q5VWQ8-4;Q5VWQ8-5	DAB2P_HUMAN	DAB2IP	Disabled homolog 2-interacting protein	43113
Q5VWQ8;Q5VWQ8-2;Q5VWQ8-3;Q5VWQ8-4;Q5VWQ8-5;Q9UJF2;Q9UJF2-2	Q5VWQ8;Q5VWQ8-2;Q5VWQ8-3;Q5VWQ8-4;Q5VWQ8-5;Q9UJF2;Q9UJF2-2	DAB2P_HUMAN;NGAP_HUMAN	DAB2IP;RASAL2	Disabled homolog 2-interacting protein	16141
Q5VWZ2	Q5VWZ2;Q5VWZ2-2	LYPL1_HUMAN	LYPLAL1	Lysophospholipase-like protein 1	103864
Q5VYJ5	Q5VYJ5	MALR1_HUMAN	MALRD1	MAM and LDL-receptor class A domain-containing protein 1	134389
Q5VYK3	Q5VYK3	ECM29_HUMAN	ECPAS	Proteasome adapter and scaffold protein ECM29	3.35278e+06
Q5VYS8	Q5VYS8;Q5VYS8-2;Q5VYS8-3;Q5VYS8-4;Q5VYS8-5;Q5VYS8-6	TUT7_HUMAN	TUT7	Terminal uridylyltransferase 7	981547
Q5VZ66;Q96N16;Q96N16-2;Q96N16-5;Q96N16-7	Q96N16;Q96N16-2;Q96N16-5;Q96N16-7;Q5VZ66	JKIP1_HUMAN;JKIP3_HUMAN	JAKMIP1;JAKMIP3	Janus kinase and microtubule-interacting protein 3	109039
Q5VZ89;Q5VZ89-3	Q5VZ89;Q5VZ89-3;Q5VZ89-5;Q5VZ89-7	DEN4C_HUMAN	DENND4C	DENN domain-containing protein 4C	716381
Q5VZ89;Q5VZ89-3;Q7Z401;Q7Z401-2	Q5VZ89;Q5VZ89-3;Q5VZ89-5;Q5VZ89-7;Q7Z401;Q7Z401-2	DEN4C_HUMAN;MYCPP_HUMAN	DENND4A;DENND4C	DENN domain-containing protein 4C	35600
Q5VZE5	Q5VZE5	NAA35_HUMAN	NAA35	N-alpha-acetyltransferase 35, NatC auxiliary subunit	382418
Q5VZF2;Q5VZF2-2;Q5VZF2-3	Q5VZF2;Q5VZF2-2;Q5VZF2-3	MBNL2_HUMAN	MBNL2	Muscleblind-like protein 2	7570
Q5VZF2;Q5VZF2-2;Q5VZF2-3;Q9NR56	Q9NR56;Q9NR56-2;Q9NR56-3;Q9NR56-4;Q9NR56-5;Q9NR56-6;Q9NR56-7;Q5VZF2;Q5VZF2-2;Q5VZF2-3	MBNL1_HUMAN;MBNL2_HUMAN	MBNL1;MBNL2	Muscleblind-like protein 2	370243
Q5VZK9;Q5VZK9-2	Q5VZK9;Q5VZK9-2	CARL1_HUMAN	CARMIL1	F-actin-uncapping protein LRRC16A	1.22756e+06
Q5VZL5;Q5VZL5-4	Q5VZL5;Q5VZL5-3;Q5VZL5-4	ZMYM4_HUMAN	ZMYM4	Zinc finger MYM-type protein 4	282349
Q5VZM2-2;Q7L523	Q5VZM2;Q5VZM2-2;Q7L523	RRAGA_HUMAN;RRAGB_HUMAN	RRAGA;RRAGB	Isoform 2 of Ras-related GTP-binding protein B	284266
Q5W041;Q5W041-3;Q5W041-4	Q5W041;Q5W041-3;Q5W041-4	ARMC3_HUMAN	ARMC3	Armadillo repeat-containing protein 3	76068
Q5W0B1	Q5W0B1	OBI1_HUMAN	OBI1	ORC ubiquitin ligase 1	61206
Q5W0V3	Q5W0V3;Q5W0V3-2	F16B1_HUMAN	FAM160B1	Protein FAM160B1	581413
Q5W0V3;Q86V87	Q5W0V3;Q86V87	F16B1_HUMAN;F16B2_HUMAN	FAM160B1;FAM160B2	Protein FAM160B1	22272
Q5W111;Q5W111-2	Q5W111;Q5W111-2	SPRY7_HUMAN	SPRYD7	SPRY domain-containing protein 7	108924
Q5XG87	Q5XG87	PAPD7_HUMAN	TENT4A	Terminal nucleotidyltransferase 4A	12019
Q5XKE5	Q5XKE5	K2C79_HUMAN	KRT79	Keratin, type II cytoskeletal 79	4.29992e+06
Q5XKK7;Q5XKK7-2;Q5XKK7-3	Q5XKK7;Q5XKK7-2;Q5XKK7-3	F219B_HUMAN	FAM219B	Protein FAM219B	14565
Q5XKP0	Q5XKP0	MIC13_HUMAN	MICOS13	MICOS complex subunit MIC13	124946
Q5XPI4;Q5XPI4-2	Q5XPI4;Q5XPI4-2	RN123_HUMAN	RNF123	E3 ubiquitin-protein ligase RNF123	200868
Q5XUX1;Q5XUX1-2;Q5XUX1-3	Q5XUX1;Q5XUX1-2;Q5XUX1-3	FBXW9_HUMAN	FBXW9	F-box/WD repeat-containing protein 9	39641
Q5ZPR3;Q5ZPR3-3;Q5ZPR3-4	Q5ZPR3;Q5ZPR3-2;Q5ZPR3-3;Q5ZPR3-4	CD276_HUMAN	CD276	CD276 antigen	326298
Q63HM1;Q63HM1-2	Q63HM1;Q63HM1-2	KFA_HUMAN	AFMID	Kynurenine formamidase	6919
Q63HN8;Q63HN8-4	Q63HN8;Q63HN8-4;Q63HN8-5	RN213_HUMAN	RNF213	E3 ubiquitin-protein ligase RNF213	5.20823e+06
Q63ZY3;Q63ZY3-3	Q63ZY3;Q63ZY3-2;Q63ZY3-3	KANK2_HUMAN	KANK2	KN motif and ankyrin repeat domain-containing protein 2	263278
Q641Q2;Q641Q2-2	Q641Q2;Q641Q2-2	WAC2A_HUMAN	WASHC2A	WASH complex subunit 2A	92333
Q641Q2;Q641Q2-2;Q9Y4E1;Q9Y4E1-1;Q9Y4E1-2;Q9Y4E1-3;Q9Y4E1-6	Q9Y4E1;Q9Y4E1-1;Q9Y4E1-2;Q9Y4E1-3;Q9Y4E1-5;Q9Y4E1-6;Q641Q2;Q641Q2-2	WAC2A_HUMAN;WAC2C_HUMAN	WASHC2A;WASHC2C	WASH complex subunit 2A	869951
Q643R3	Q643R3	LPCT4_HUMAN	LPCAT4	Lysophospholipid acyltransferase LPCAT4	113047
Q658P3;Q658P3-2;Q658P3-3;Q658P3-4	Q658P3;Q658P3-2;Q658P3-3;Q658P3-4	STEA3_HUMAN	STEAP3	Metalloreductase STEAP3	161028
Q658Y4	Q658Y4	F91A1_HUMAN	FAM91A1	Protein FAM91A1	927518
Q659A1	Q659A1	ICE2_HUMAN	ICE2	Little elongation complex subunit 2	562427
Q659C4	Q659C4;Q659C4-3;Q659C4-9	LAR1B_HUMAN	LARP1B	La-related protein 1B	143344
Q659C4;Q6PKG0;Q6PKG0-3	Q659C4;Q659C4-2;Q659C4-5;Q659C4-6;Q659C4-7;Q6PKG0;Q6PKG0-3	LAR1B_HUMAN;LARP1_HUMAN	LARP1;LARP1B	La-related protein 1B	668829
Q66GS9	Q66GS9	CP135_HUMAN	CEP135	Centrosomal protein of 135 kDa	227373
Q66K14;Q66K14-2	Q66K14;Q66K14-2	TBC9B_HUMAN	TBC1D9B	TBC1 domain family member 9B	577879
Q66K14;Q66K14-2;Q6ZT07	Q6ZT07;Q66K14;Q66K14-2	TBC9B_HUMAN;TBCD9_HUMAN	TBC1D9;TBC1D9B	TBC1 domain family member 9B	65454
Q66K64	Q66K64	DCA15_HUMAN	DCAF15	DDB1- and CUL4-associated factor 15	12792
Q66K74;Q66K74-2	Q66K74;Q66K74-2	MAP1S_HUMAN	MAP1S	Microtubule-associated protein 1S	1.22609e+06
Q66PJ3	Q66PJ3;Q66PJ3-2;Q66PJ3-3;Q66PJ3-4;Q66PJ3-7	AR6P4_HUMAN	ARL6IP4	ADP-ribosylation factor-like protein 6-interacting protein 4	443541
Q674R7;Q674R7-2	Q674R7;Q674R7-2	ATG9B_HUMAN	ATG9B	Autophagy-related protein 9B	30781
Q676U5;Q676U5-2	Q676U5;Q676U5-2;Q676U5-3;Q676U5-4;Q676U5-5	A16L1_HUMAN	ATG16L1	Autophagy-related protein 16-1	283141
Q68CP4;Q68CP4-2	Q68CP4;Q68CP4-2	HGNAT_HUMAN	HGSNAT	Heparan-alpha-glucosaminide N-acetyltransferase	262193
Q68CP9;Q68CP9-3	Q68CP9;Q68CP9-3	ARID2_HUMAN	ARID2	AT-rich interactive domain-containing protein 2	268927
Q68CQ4	Q68CQ4	DIEXF_HUMAN	DIEXF	Digestive organ expansion factor homolog	1.34455e+06
Q68CQ7	Q68CQ7	GL8D1_HUMAN	GLT8D1	Glycosyltransferase 8 domain-containing protein 1	264228
Q68CR1;Q68CR1-2;Q68CR1-3	Q68CR1;Q68CR1-2;Q68CR1-3	SE1L3_HUMAN	SEL1L3	Protein sel-1 homolog 3	6934
Q68CZ2	Q68CZ2;Q68CZ2-2	TENS3_HUMAN	TNS3	Tensin-3	403926
Q68CZ2;Q9HBL0	Q63HR2;Q63HR2-2;Q63HR2-4;Q63HR2-5;Q63HR2-6;Q9HBL0;Q68CZ2;Q68CZ2-2	TENS1_HUMAN;TENS3_HUMAN	TNS1;TNS3	Tensin-3	42232
Q68CZ6	Q68CZ6;Q68CZ6-2	HAUS3_HUMAN	HAUS3	HAUS augmin-like complex subunit 3	222875
Q68D10;Q68D10-2	Q68D10;Q68D10-2	SPT2_HUMAN	SPTY2D1	Protein SPT2 homolog	382106
Q68D85	Q68D85	NR3L1_HUMAN	NCR3LG1	Natural cytotoxicity triggering receptor 3 ligand 1	14648
Q68D91	Q68D91	MBLC2_HUMAN	MBLAC2	Metallo-beta-lactamase domain-containing protein 2	214145
Q68DH5	Q68DH5	LMBD2_HUMAN	LMBRD2	G-protein coupled receptor-associated protein LMBRD2	401709
Q68DK2;Q68DK2-2;Q68DK2-5	Q68DK2;Q68DK2-2;Q68DK2-5	ZFY26_HUMAN	ZFYVE26	Zinc finger FYVE domain-containing protein 26	338630
Q68DK7	Q68DK7	MSL1_HUMAN	MSL1	Male-specific lethal 1 homolog	151153
Q68DQ2	Q68DQ2	CRBG3_HUMAN	CRYBG3	Very large A-kinase anchor protein	211114
Q68DY1;Q68DY1-2	Q68DY1;Q68DY1-2	ZN626_HUMAN	ZNF626	Zinc finger protein 626	480393
Q68E01;Q68E01-2	Q68E01;Q68E01-2;Q68E01-3	INT3_HUMAN	INTS3	Integrator complex subunit 3	1.26298e+06
Q68EM7;Q68EM7-2;Q68EM7-5;Q68EM7-6	Q68EM7;Q68EM7-2;Q68EM7-4;Q68EM7-5;Q68EM7-6	RHG17_HUMAN	ARHGAP17	Rho GTPase-activating protein 17	674965
Q69YH5	Q69YH5	CDCA2_HUMAN	CDCA2	Cell division cycle-associated protein 2	65438
Q69YL0	Q69YL0	NCAS2_HUMAN	NCBP2AS2	Protein NCBP2AS2	170382
Q69YN2	Q69YN2;Q69YN2-3	C19L1_HUMAN	CWF19L1	CWF19-like protein 1	1.12689e+06
Q69YN4;Q69YN4-3	Q69YN4;Q69YN4-2;Q69YN4-3;Q69YN4-4	VIR_HUMAN	VIRMA	Protein virilizer homolog	544053
Q69YQ0;Q69YQ0-2	Q69YQ0;Q69YQ0-2	CYTSA_HUMAN	SPECC1L	Cytospin-A	419383
Q6AI08	Q6AI08	HEAT6_HUMAN	HEATR6	HEAT repeat-containing protein 6	237263
Q6AI39	Q6AI39	BICRL_HUMAN	BICRAL	BRD4-interacting chromatin-remodeling complex-associated protein-like	59210
Q6AWC2;Q6AWC2-2;Q6AWC2-3;Q6AWC2-4;Q6AWC2-6;Q6AWC2-7	Q6AWC2;Q6AWC2-2;Q6AWC2-3;Q6AWC2-4;Q6AWC2-6;Q6AWC2-7	WWC2_HUMAN	WWC2	Protein WWC2	119475
Q6AZZ1	Q6AZZ1	TRI68_HUMAN	TRIM68	E3 ubiquitin-protein ligase TRIM68	380079
Q6BDS2	Q6BDS2	URFB1_HUMAN	UHRF1BP1	UHRF1-binding protein 1	2.1653e+06
Q6DD87	Q6DD87	ZN787_HUMAN	ZNF787	Zinc finger protein 787	259881
Q6DD88	Q6DD88	ATLA3_HUMAN	ATL3	Atlastin-3	4.26791e+06
Q6DHV7;Q6DHV7-2	Q6DHV7;Q6DHV7-2;Q6DHV7-3	ADAL_HUMAN	ADAL	Adenosine deaminase-like protein	62715
Q6DKI1	Q6DKI1	RL7L_HUMAN	RPL7L1	60S ribosomal protein L7-like 1	814784
Q6DKK2	Q6DKK2	TTC19_HUMAN	TTC19	Tetratricopeptide repeat protein 19, mitochondrial	200371
Q6DN03;Q6DRA6	P33778;Q16778;P06899;Q6DN03;P23527;Q6DRA6;Q8N257	H2B2C_HUMAN;H2B2D_HUMAN	HIST2H2BC;HIST2H2BD	Putative histone H2B type 2-C	6.5735e+06
Q6DN90;Q6DN90-2	Q6DN90;Q6DN90-2	IQEC1_HUMAN	IQSEC1	IQ motif and SEC7 domain-containing protein 1	228790
Q6DT37	Q6DT37	MRCKG_HUMAN	CDC42BPG	Serine/threonine-protein kinase MRCK gamma	949270
Q6EEV4;Q6EEV4-2	Q6EEV4;Q6EEV4-2	GL1AD_HUMAN	POLR2M	DNA-directed RNA polymerase II subunit GRINL1A, isoforms 4/5	1.07635e+06
Q6EEV6	Q6EEV6	SUMO4_HUMAN	SUMO4	Small ubiquitin-related modifier 4	915600
Q6F5E8;Q6F5E8-2	Q6F5E8;Q6F5E8-2	CARL2_HUMAN	CARMIL2	Capping protein, Arp2/3 and myosin-I linker protein 2	36213
Q6FI81	Q6FI81;Q6FI81-2;Q6FI81-3	CPIN1_HUMAN	CIAPIN1	Anamorsin	1.39437e+06
Q6FIF0;Q6FIF0-2	Q6FIF0;Q6FIF0-2	ZFAN6_HUMAN	ZFAND6	AN1-type zinc finger protein 6	54223
Q6GMV2	Q6GMV2	SMYD5_HUMAN	SMYD5	SET and MYND domain-containing protein 5	380149
Q6GMV3	Q6GMV3	PTRD1_HUMAN	PTRHD1	Putative peptidyl-tRNA hydrolase PTRHD1	2.01501e+06
Q6GQQ9	Q6GQQ9;Q6GQQ9-2	OTU7B_HUMAN	OTUD7B	OTU domain-containing protein 7B	567995
Q6GYQ0;Q6GYQ0-2;Q6GYQ0-4;Q6GYQ0-5;Q6GYQ0-6;Q6GYQ0-7	Q6GYQ0;Q6GYQ0-2;Q6GYQ0-3;Q6GYQ0-4;Q6GYQ0-5;Q6GYQ0-6;Q6GYQ0-7	RGPA1_HUMAN	RALGAPA1	Ral GTPase-activating protein subunit alpha-1	433003
Q6I9Y2	Q6I9Y2	THOC7_HUMAN	THOC7	THO complex subunit 7 homolog	1.2233e+06
Q6IA69	Q6IA69;Q6IA69-2	NADE_HUMAN	NADSYN1	Glutamine-dependent NAD(+) synthetase	410323
Q6IA86;Q6IA86-2;Q6IA86-3;Q6IA86-5;Q6IA86-6	Q6IA86;Q6IA86-2;Q6IA86-3;Q6IA86-5;Q6IA86-6;Q6IA86-7	ELP2_HUMAN	ELP2	Elongator complex protein 2	760349
Q6IAA8	Q6IAA8	LTOR1_HUMAN	LAMTOR1	Ragulator complex protein LAMTOR1	673222
Q6IAN0	Q6IAN0	DRS7B_HUMAN	DHRS7B	Dehydrogenase/reductase SDR family member 7B	339475
Q6IBS0	Q6IBS0	TWF2_HUMAN	TWF2	Twinfilin-2	1.51405e+06
Q6IBW4;Q6IBW4-2;Q6IBW4-4	Q6IBW4;Q6IBW4-2;Q6IBW4-5;Q6IBW4-4	CNDH2_HUMAN	NCAPH2	Condensin-2 complex subunit H2	136131
Q6IE81;Q6IE81-2	Q6IE81;Q6IE81-2	JADE1_HUMAN	JADE1	Protein Jade-1	75466
Q6IE81;Q6IE81-2;Q92613	Q92613;Q6IE81;Q6IE81-2;Q6IE81-3	JADE1_HUMAN;JADE3_HUMAN	JADE1;JADE3	Protein Jade-1	24850
Q6IEG0	Q6IEG0	SNR48_HUMAN	SNRNP48	U11/U12 small nuclear ribonucleoprotein 48 kDa protein	25305
Q6IN84	Q6IN84;Q6IN84-2	MRM1_HUMAN	MRM1	rRNA methyltransferase 1, mitochondrial	222397
Q6IN85	Q6IN85;Q6IN85-2;Q6IN85-5	P4R3A_HUMAN	PPP4R3A	Serine/threonine-protein phosphatase 4 regulatory subunit 3A	586165
Q6IPR3;Q6IPR3-2	Q6IPR3;Q6IPR3-2	TYW3_HUMAN	TYW3	tRNA wybutosine-synthesizing protein 3 homolog	144069
Q6IQ21	Q6IQ21	ZN770_HUMAN	ZNF770	Zinc finger protein 770	42745
Q6IQ22	Q6IQ22	RAB12_HUMAN	RAB12	Ras-related protein Rab-12	192777
Q6IQ23;Q6IQ23-2	Q6IQ23;Q6IQ23-2;Q6IQ23-3	PKHA7_HUMAN	PLEKHA7	Pleckstrin homology domain-containing family A member 7	447697
Q6IQ26;Q6IQ26-2	Q6IQ26;Q6IQ26-2	DEN5A_HUMAN	DENND5A	DENN domain-containing protein 5A	500930
Q6IQ32	Q6IQ32	ADNP2_HUMAN	ADNP2	Activity-dependent neuroprotector homeobox protein 2	21353
Q6IQ49;Q6IQ49-2;Q6IQ49-3	Q6IQ49;Q6IQ49-2;Q6IQ49-3	SDE2_HUMAN	SDE2	Replication stress response regulator SDE2	237053
Q6JQN1;Q6JQN1-5	Q6JQN1;Q6JQN1-2;Q6JQN1-3;Q6JQN1-5	ACD10_HUMAN	ACAD10	Acyl-CoA dehydrogenase family member 10	675405
Q6KB66;Q6KB66-2	Q6KB66;Q6KB66-2;Q6KB66-3	K2C80_HUMAN	KRT80	Keratin, type II cytoskeletal 80	501421
Q6KC79;Q6KC79-2	Q6KC79;Q6KC79-2	NIPBL_HUMAN	NIPBL	Nipped-B-like protein	2.04126e+06
Q6KCM7;Q6KCM7-2;Q6KCM7-3;Q6KCM7-4;Q6KCM7-5;Q6KCM7-6	Q6KCM7;Q6KCM7-2;Q6KCM7-3;Q6KCM7-4;Q6KCM7-5;Q6KCM7-6	SCMC2_HUMAN	SLC25A25	Calcium-binding mitochondrial carrier protein SCaMC-2	17936
Q6L8Q7	Q6L8Q7;Q6L8Q7-2	PDE12_HUMAN	PDE12	2',5'-phosphodiesterase 12	1.03841e+06
Q6MZP7;Q6MZP7-3	Q6MZP7;Q6MZP7-2;Q6MZP7-3	LIN54_HUMAN	LIN54	Protein lin-54 homolog	106265
Q6N021;Q6N021-2;Q6N021-3	Q6N021;Q6N021-2;Q6N021-3	TET2_HUMAN	TET2	Methylcytosine dioxygenase TET2	20503
Q6N043;Q6N043-2	Q6N043;Q6N043-2;Q6N043-3;Q6N043-4	Z280D_HUMAN	ZNF280D	Zinc finger protein 280D	127681
Q6N043;Q6N043-2;Q8ND82	Q8ND82;Q6N043;Q6N043-2;Q6N043-3;Q6N043-6	Z280C_HUMAN;Z280D_HUMAN	ZNF280C;ZNF280D	Zinc finger protein 280D	71347
Q6N069	Q6N069;Q6N069-2;Q6N069-3	NAA16_HUMAN	NAA16	N-alpha-acetyltransferase 16, NatA auxiliary subunit	1.61185e+06
Q6N069;Q9BXJ9	Q9BXJ9;Q9BXJ9-4;Q6N069;Q6N069-2;Q6N069-3;Q6N069-4;Q6N069-5	NAA15_HUMAN;NAA16_HUMAN	NAA15;NAA16	N-alpha-acetyltransferase 16, NatA auxiliary subunit	441319
Q6N075;Q6N075-2	Q6N075;Q6N075-2	MFSD5_HUMAN	MFSD5	Molybdate-anion transporter	136572
Q6NS38	Q6NS38;Q6NS38-2	ALKB2_HUMAN	ALKBH2	DNA oxidative demethylase ALKBH2	230383
Q6NSJ0	Q6NSJ0	MYORG_HUMAN	MYORG	Myogenesis-regulating glycosidase	8906
Q6NSJ5	Q6NSJ5	LRC8E_HUMAN	LRRC8E	Volume-regulated anion channel subunit LRRC8E	71440
Q6NT16	Q6NT16	S18B1_HUMAN	SLC18B1	MFS-type transporter SLC18B1	52679
Q6NT76;Q6NT76-2;Q6NT76-3;Q6NT76-5	Q6NT76;Q6NT76-2;Q6NT76-3;Q6NT76-4;Q6NT76-5	HMBX1_HUMAN	HMBOX1	Homeobox-containing protein 1	366666
Q6NTF9;Q6NTF9-2	Q6NTF9;Q6NTF9-2	RHBD2_HUMAN	RHBDD2	Rhomboid domain-containing protein 2	71993
Q6NUK1	Q6NUK1	SCMC1_HUMAN	SLC25A24	Calcium-binding mitochondrial carrier protein SCaMC-1	5.13952e+06
Q6NUK4;Q6NUK4-2	Q6NUK4;Q6NUK4-2	REEP3_HUMAN	REEP3	Receptor expression-enhancing protein 3	38716
Q6NUM6;Q9NV66	Q6NUM6;Q6NUM6-2;Q9NV66	TYW1B_HUMAN;TYW1_HUMAN	TYW1;TYW1B	S-adenosyl-L-methionine-dependent tRNA 4-demethylwyosine synthase TYW1B	44615
Q6NUM9	Q6NUM9	RETST_HUMAN	RETSAT	All-trans-retinol 13,14-reductase	568718
Q6NUN9;Q6NUN9-2;Q6NUN9-3	Q6NUN9;Q6NUN9-2;Q6NUN9-3	ZN746_HUMAN	ZNF746	Zinc finger protein 746	493253
Q6NUQ1	Q6NUQ1	RINT1_HUMAN	RINT1	RAD50-interacting protein 1	1.05182e+06
Q6NUQ4	Q6NUQ4;Q6NUQ4-2	TM214_HUMAN	TMEM214	Transmembrane protein 214	1.81848e+06
Q6NUT3;Q6NUT3-2;Q6NUT3-3;Q6NUT3-4	Q6NUT3;Q6NUT3-2;Q6NUT3-3;Q6NUT3-4	MFS12_HUMAN	MFSD12	Major facilitator superfamily domain-containing protein 12	25589
Q6NVV7	Q6NVV7	CDPF1_HUMAN	CDPF1	Cysteine-rich DPF motif domain-containing protein 1	41232
Q6NVY1	Q6NVY1	HIBCH_HUMAN	HIBCH	3-hydroxyisobutyryl-CoA hydrolase, mitochondrial	855680
Q6NW29	Q6NW29	RWDD4_HUMAN	RWDD4	RWD domain-containing protein 4	102175
Q6NW34	Q6NW34	NEPRO_HUMAN	NEPRO	Nucleolus and neural progenitor protein	241424
Q6NXE6	Q6NXE6	ARMC6_HUMAN	ARMC6	Armadillo repeat-containing protein 6	241708
Q6NXR4	Q6NXR4	TTI2_HUMAN	TTI2	TELO2-interacting protein 2	230639
Q6NXT2	Q6NXT2	H3C_HUMAN	H3F3C	Histone H3.3C	89959
Q6NXT2;Q71DI3	P84243;Q6NXT2;Q71DI3;Q16695;P68431	H32_HUMAN;H3C_HUMAN	H3F3C;HIST2H3A	Histone H3.3C	3.0444e+07
Q6NXT4;Q6NXT4-2;Q6NXT4-3;Q6NXT4-4	Q6NXT4;Q6NXT4-2;Q6NXT4-4;Q6NXT4-3	ZNT6_HUMAN	SLC30A6	Zinc transporter 6	142188
Q6NXT6;Q6NXT6-2	Q6NXT6;Q6NXT6-2	TAPT1_HUMAN	TAPT1	Transmembrane anterior posterior transformation protein 1 homolog	30477
Q6NY19;Q6NY19-2	Q6NY19;Q6NY19-2	KANK3_HUMAN	KANK3	KN motif and ankyrin repeat domain-containing protein 3	991155
Q6NYC1;Q6NYC1-2;Q6NYC1-3	Q6NYC1;Q6NYC1-2;Q6NYC1-3	JMJD6_HUMAN	JMJD6	Bifunctional arginine demethylase and lysyl-hydroxylase JMJD6	651246
Q6NYC8	Q6NYC8;Q6NYC8-3;Q6NYC8-4	PPR18_HUMAN	PPP1R18	Phostensin	274344
Q6NZ67;Q6P582	Q6NZ67;Q6P582	MZT2A_HUMAN;MZT2B_HUMAN	MZT2A;MZT2B	Mitotic-spindle organizing protein 2B	91043
Q6NZI2;Q6NZI2-2	Q6NZI2;Q6NZI2-2;Q6NZI2-3	CAVN1_HUMAN	CAVIN1	Caveolae-associated protein 1	99639
Q6NZY4	Q6NZY4	ZCHC8_HUMAN	ZCCHC8	Zinc finger CCHC domain-containing protein 8	967054
Q6P087	Q6P087;Q6P087-2;Q6P087-3	RUSD3_HUMAN	RPUSD3	Mitochondrial mRNA pseudouridine synthase RPUSD3	65551
Q6P0N0;Q6P0N0-2	Q6P0N0;Q6P0N0-2	M18BP_HUMAN	MIS18BP1	Mis18-binding protein 1	83367
Q6P158	Q6P158	DHX57_HUMAN	DHX57	Putative ATP-dependent RNA helicase DHX57	869623
Q6P158;Q7Z478	Q7Z478;Q6P158	DHX29_HUMAN;DHX57_HUMAN	DHX29;DHX57	Putative ATP-dependent RNA helicase DHX57	23638
Q6P158;Q9H2U1;Q9H2U1-2	Q6P158;Q6P158-2;Q9H2U1;Q9H2U1-2;Q9H2U1-3	DHX36_HUMAN;DHX57_HUMAN	DHX36;DHX57	Putative ATP-dependent RNA helicase DHX57	110751
Q6P161	Q6P161	RM54_HUMAN	MRPL54	39S ribosomal protein L54, mitochondrial	215502
Q6P1A2;Q6P1A2-2	Q6P1A2;Q6P1A2-2	MBOA5_HUMAN	LPCAT3	Lysophospholipid acyltransferase 5	437255
Q6P1J9	Q6P1J9	CDC73_HUMAN	CDC73	Parafibromin	1.65196e+06
Q6P1K2;Q6P1K2-2;Q6P1K2-4	Q6P1K2;Q6P1K2-2;Q6P1K2-4	PMF1_HUMAN	PMF1	Polyamine-modulated factor 1	118316
Q6P1L5;Q6P1L5-2	Q6P1L5;Q6P1L5-2	F117B_HUMAN	FAM117B	Protein FAM117B	6319
Q6P1L8	Q6P1L8	RM14_HUMAN	MRPL14	39S ribosomal protein L14, mitochondrial	972332
Q6P1M0	Q6P1M0;Q6P1M0-2	S27A4_HUMAN	SLC27A4	Long-chain fatty acid transport protein 4	921059
Q6P1M0;Q6PCB7;Q6PCB7-2	Q6PCB7;Q6PCB7-2;Q6P1M0	S27A1_HUMAN;S27A4_HUMAN	SLC27A1;SLC27A4	Long-chain fatty acid transport protein 4	122671
Q6P1M3;Q6P1M3-2	Q6P1M3;Q6P1M3-2	L2GL2_HUMAN	LLGL2	LLGL scribble cell polarity complex component 2	624216
Q6P1M9	Q6P1M9	ARMX5_HUMAN	ARMCX5	Armadillo repeat-containing X-linked protein 5	917578
Q6P1N0	Q6P1N0	C2D1A_HUMAN	CC2D1A	Coiled-coil and C2 domain-containing protein 1A	1.34607e+06
Q6P1N9	Q6P1N9;Q6P1N9-2	TATD1_HUMAN	TATDN1	Putative deoxyribonuclease TATDN1	1.42559e+06
Q6P1Q0;Q6P1Q0-2;Q6P1Q0-7	Q6P1Q0;Q6P1Q0-2;Q6P1Q0-4;Q6P1Q0-7	LTMD1_HUMAN	LETMD1	LETM1 domain-containing protein 1	101332
Q6P1Q9	Q6P1Q9;Q6P1Q9-2	MET2B_HUMAN	METTL2B	tRNA N(3)-methylcytidine methyltransferase METTL2B	168796
Q6P1R3;Q6P1R3-3	Q6P1R3;Q6P1R3-2;Q6P1R3-3	MSD2_HUMAN	MSANTD2	Myb/SANT-like DNA-binding domain-containing protein 2	459062
Q6P1R4	Q6P1R4	DUS1L_HUMAN	DUS1L	tRNA-dihydrouridine(16/17) synthase [NAD(P)(+)]-like	34776
Q6P1S2;Q6P1S2-2	Q6P1S2;Q6P1S2-2	CC033_HUMAN	C3orf33	Protein C3orf33	121835
Q6P1X5	Q6P1X5	TAF2_HUMAN	TAF2	Transcription initiation factor TFIID subunit 2	1.2933e+06
Q6P1X6;Q6P1X6-2	Q6P1X6;Q6P1X6-2	CH082_HUMAN	C8orf82	UPF0598 protein C8orf82	77140
Q6P280	Q6P280	ZN529_HUMAN	ZNF529	Zinc finger protein 529	216647
Q6P2C8	Q6P2C8;Q6P2C8-2	MED27_HUMAN	MED27	Mediator of RNA polymerase II transcription subunit 27	302909
Q6P2E9	Q6P2E9	EDC4_HUMAN	EDC4	Enhancer of mRNA-decapping protein 4	2.69837e+06
Q6P2H3;Q6P2H3-2;Q6P2H3-4	Q6P2H3;Q6P2H3-2;Q6P2H3-3;Q6P2H3-4	CEP85_HUMAN	CEP85	Centrosomal protein of 85 kDa	451306
Q6P2I3	Q6P2I3	FAH2B_HUMAN	FAHD2B	Fumarylacetoacetate hydrolase domain-containing protein 2B	137750
Q6P2I3;Q96GK7	Q96GK7;Q6P2I3	FAH2A_HUMAN;FAH2B_HUMAN	FAHD2A;FAHD2B	Fumarylacetoacetate hydrolase domain-containing protein 2B	279636
Q6P2P2;Q6P2P2-2	Q6P2P2;Q6P2P2-2	ANM9_HUMAN	PRMT9	Protein arginine N-methyltransferase 9	66914
Q6P2Q9	Q6P2Q9	PRP8_HUMAN	PRPF8	Pre-mRNA-processing-splicing factor 8	1.566e+07
Q6P3V2;Q6P3V2-2	Q6P3V2;Q6P3V2-2	Z585A_HUMAN	ZNF585A	Zinc finger protein 585A	42898
Q6P3W7	Q6P3W7	SCYL2_HUMAN	SCYL2	SCY1-like protein 2	1.02443e+06
Q6P3X3	Q6P3X3	TTC27_HUMAN	TTC27	Tetratricopeptide repeat protein 27	237409
Q6P4A7	Q6P4A7;Q6P4A7-2;Q6P4A7-3	SFXN4_HUMAN	SFXN4	Sideroflexin-4	173469
Q6P4E1;Q6P4E1-2;Q6P4E1-5	Q6P4E1;Q6P4E1-2;Q6P4E1-5	CASC4_HUMAN	CASC4	Protein CASC4	207681
Q6P4F2	Q6P4F2;Q6P4F2-2	FDX2_HUMAN	FDX2	Ferredoxin-2, mitochondrial	54532
Q6P4F7;Q6P4F7-3	Q6P4F7;Q6P4F7-3	RHGBA_HUMAN	ARHGAP11A	Rho GTPase-activating protein 11A	912836
Q6P4I2	Q6P4I2	WDR73_HUMAN	WDR73	WD repeat-containing protein 73	150729
Q6P4Q7	Q6P4Q7	CNNM4_HUMAN	CNNM4	Metal transporter CNNM4	53134
Q6P4Q7;Q8NE01	Q8NE01;Q6P4Q7	CNNM3_HUMAN;CNNM4_HUMAN	CNNM3;CNNM4	Metal transporter CNNM4	46116
Q6P4Q7;Q9H8M5;Q9H8M5-2	Q9H8M5;Q9H8M5-2;Q9H8M5-3;Q6P4Q7	CNNM2_HUMAN;CNNM4_HUMAN	CNNM2;CNNM4	Metal transporter CNNM4	50069
Q6P4R8;Q6P4R8-2;Q6P4R8-3	Q6P4R8;Q6P4R8-2;Q6P4R8-3	NFRKB_HUMAN	NFRKB	Nuclear factor related to kappa-B-binding protein	205647
Q6P587	Q6P587;Q6P587-2;Q6P587-3	FAHD1_HUMAN	FAHD1	Acylpyruvase FAHD1, mitochondrial	990420
Q6P5R6	Q6P5R6	RL22L_HUMAN	RPL22L1	60S ribosomal protein L22-like 1	121436
Q6P5X5	Q6P5X5	CV039_HUMAN	C22orf39	UPF0545 protein C22orf39	69374
Q6P5Z2	Q6P5Z2	PKN3_HUMAN	PKN3	Serine/threonine-protein kinase N3	21147
Q6P6B7;Q6P6B7-2	Q6P6B7;Q6P6B7-2	ANR16_HUMAN	ANKRD16	Ankyrin repeat domain-containing protein 16	164662
Q6P6C2	Q6P6C2;Q6P6C2-1;Q6P6C2-3	ALKB5_HUMAN	ALKBH5	RNA demethylase ALKBH5	292449
Q6P996;Q6P996-4;Q6P996-5	Q6P474;Q6P996;Q6P996-2;Q6P996-3;Q6P996-4;Q6P996-5	PDXD1_HUMAN	PDXDC1	Pyridoxal-dependent decarboxylase domain-containing protein 1	1.0593e+06
Q6P9B6	Q6P9B6	MEAK7_HUMAN	MEAK7	MTOR-associated protein MEAK7	229591
Q6P9B9	Q6P9B9	INT5_HUMAN	INTS5	Integrator complex subunit 5	256694
Q6PCB5	Q6PCB5	RSBNL_HUMAN	RSBN1L	Lysine-specific demethylase RSBN1L	660547
Q6PCB7;Q6PCB7-2	Q6PCB7;Q6PCB7-2	S27A1_HUMAN	SLC27A1	Long-chain fatty acid transport protein 1	54346
Q6PCE3	Q6PCE3	PGM2L_HUMAN	PGM2L1	Glucose 1,6-bisphosphate synthase	441309
Q6PD62	Q6PD62	CTR9_HUMAN	CTR9	RNA polymerase-associated protein CTR9 homolog	2.11086e+06
Q6PD74	Q6PD74	AAGAB_HUMAN	AAGAB	Alpha- and gamma-adaptin-binding protein p34	8332
Q6PDB4	Q6PDB4	ZN880_HUMAN	ZNF880	Zinc finger protein 880	402245
Q6PFW1	Q6PFW1	VIP1_HUMAN	PPIP5K1	Inositol hexakisphosphate and diphosphoinositol-pentakisphosphate kinase 1	48003
Q6PGN9;Q6PGN9-2	Q6PGN9;Q6PGN9-2;Q6PGN9-4	PSRC1_HUMAN	PSRC1	Proline/serine-rich coiled-coil protein 1	19671
Q6PGP7	Q6PGP7	TTC37_HUMAN	TTC37	Tetratricopeptide repeat protein 37	1.54516e+06
Q6PGQ7;Q6PGQ7-2	Q6PGQ7;Q6PGQ7-2	BORA_HUMAN	BORA	Protein aurora borealis	16431
Q6PHR2;Q6PHR2-3	Q6PHR2;Q6PHR2-3;Q6PHR2-4	ULK3_HUMAN	ULK3	Serine/threonine-protein kinase ULK3	1.67579e+06
Q6PI47	Q6PI47;Q6PI47-2	KCD18_HUMAN	KCTD18	BTB/POZ domain-containing protein KCTD18	335698
Q6PI48	Q6PI48	SYDM_HUMAN	DARS2	Aspartate--tRNA ligase, mitochondrial	2.33753e+06
Q6PI78	Q6PI78	TMM65_HUMAN	TMEM65	Transmembrane protein 65	255334
Q6PI98;Q6PI98-4	Q6PI98;Q6PI98-4	IN80C_HUMAN	INO80C	INO80 complex subunit C	47859
Q6PID6	Q6PID6	TTC33_HUMAN	TTC33	Tetratricopeptide repeat protein 33	164992
Q6PID8;Q6PID8-2	Q6PID8;Q6PID8-2	KLD10_HUMAN	KLHDC10	Kelch domain-containing protein 10	18690
Q6PII3	Q6PII3	CC174_HUMAN	CCDC174	Coiled-coil domain-containing protein 174	58450
Q6PIJ6	Q6PIJ6;Q6PIJ6-2;Q6PIJ6-3	FBX38_HUMAN	FBXO38	F-box only protein 38	218832
Q6PIU2;Q6PIU2-2	Q6PIU2;Q6PIU2-2;Q6PIU2-3	NCEH1_HUMAN	NCEH1	Neutral cholesterol ester hydrolase 1	1.45566e+06
Q6PIW4;Q6PIW4-2	Q6PIW4;Q6PIW4-2	FIGL1_HUMAN	FIGNL1	Fidgetin-like protein 1	1.03739e+06
Q6PJ69	Q6PJ69	TRI65_HUMAN	TRIM65	Tripartite motif-containing protein 65	92119
Q6PJF5;Q6PJF5-2	Q6PJF5;Q6PJF5-2	RHDF2_HUMAN	RHBDF2	Inactive rhomboid protein 2	48414
Q6PJG2	Q6PJG2	MDEAS_HUMAN	MIDEAS	Mitotic deacetylase-associated SANT domain protein	194062
Q6PJG6	Q6PJG6	BRAT1_HUMAN	BRAT1	BRCA1-associated ATM activator 1	260810
Q6PJI9	Q6PJI9;Q6PJI9-3;Q6PJI9-4	WDR59_HUMAN	WDR59	GATOR complex protein WDR59	232872
Q6PJT7;Q6PJT7-5	Q6PJT7;Q6PJT7-2;Q6PJT7-3;Q6PJT7-4;Q6PJT7-5;Q6PJT7-9;Q6PJT7-10;Q6PJT7-11	ZC3HE_HUMAN	ZC3H14	Zinc finger CCCH domain-containing protein 14	1.35163e+06
Q6PK04	Q6PK04	CC137_HUMAN	CCDC137	Coiled-coil domain-containing protein 137	173719
Q6PK18;Q6PK18-2	Q6PK18;Q6PK18-2	OGFD3_HUMAN	OGFOD3	2-oxoglutarate and iron-dependent oxygenase domain-containing protein 3	55275
Q6PKC3;Q6PKC3-2	Q6PKC3;Q6PKC3-2	TXD11_HUMAN	TXNDC11	Thioredoxin domain-containing protein 11	16052
Q6PKG0;Q6PKG0-3	Q6PKG0;Q6PKG0-3	LARP1_HUMAN	LARP1	La-related protein 1	3.96884e+06
Q6PL18	Q6PL18	ATAD2_HUMAN	ATAD2	ATPase family AAA domain-containing protein 2	1.19143e+06
Q6PL18;Q9ULI0;Q9ULI0-2	Q6PL18;Q9ULI0;Q9ULI0-2	ATAD2_HUMAN;ATD2B_HUMAN	ATAD2;ATAD2B	ATPase family AAA domain-containing protein 2	179822
Q6PL24	Q6PL24	TMED8_HUMAN	TMED8	Protein TMED8	247903
Q6PML9	Q6PML9	ZNT9_HUMAN	SLC30A9	Zinc transporter 9	147109
Q6Q0C0;Q6Q0C0-2	Q6Q0C0;Q6Q0C0-2	TRAF7_HUMAN	TRAF7	E3 ubiquitin-protein ligase TRAF7	75391
Q6QNY0	Q6QNY0	BL1S3_HUMAN	BLOC1S3	Biogenesis of lysosome-related organelles complex 1 subunit 3	77731
Q6QNY1	Q6QNY1;Q6QNY1-2	BL1S2_HUMAN	BLOC1S2	Biogenesis of lysosome-related organelles complex 1 subunit 2	145906
Q6R327;Q6R327-3	Q6R327;Q6R327-3	RICTR_HUMAN	RICTOR	Rapamycin-insensitive companion of mTOR	647542
Q6RFH5	Q6RFH5;Q6RFH5-2	WDR74_HUMAN	WDR74	WD repeat-containing protein 74	1.69317e+06
Q6RI45;Q6RI45-2;Q6RI45-5	Q6RI45;Q6RI45-2;Q6RI45-3;Q6RI45-4;Q6RI45-5	BRWD3_HUMAN	BRWD3	Bromodomain and WD repeat-containing protein 3	216634
Q6RI45;Q6RI45-2;Q6RI45-5;Q8WWQ0;Q9NSI6;Q9NSI6-2;Q9NSI6-3	Q9NSI6;Q9NSI6-2;Q9NSI6-3;Q6RI45;Q6RI45-2;Q6RI45-5;Q8WWQ0	BRWD1_HUMAN;BRWD3_HUMAN;PHIP_HUMAN	BRWD1;BRWD3;PHIP	Bromodomain and WD repeat-containing protein 3	145449
Q6RW13	Q6RW13;Q6RW13-2	ATRAP_HUMAN	AGTRAP	Type-1 angiotensin II receptor-associated protein	1.25292e+06
Q6SJ93	Q6SJ93	F111B_HUMAN	FAM111B	Protein FAM111B	85387
Q6SPF0	Q6SPF0	SAMD1_HUMAN	SAMD1	Atherin	888666
Q6SZW1;Q6SZW1-2	Q6SZW1;Q6SZW1-2	SARM1_HUMAN	SARM1	NAD(+) hydrolase SARM1	144945
Q6T4R5;Q6T4R5-2;Q6T4R5-3;Q6T4R5-4	Q6T4R5;Q6T4R5-2;Q6T4R5-3;Q6T4R5-4	NHS_HUMAN	NHS	Nance-Horan syndrome protein	41829
Q6UB28	Q6UB28	MAP12_HUMAN	METAP1D	Methionine aminopeptidase 1D, mitochondrial	357362
Q6UB35	Q6UB35	C1TM_HUMAN	MTHFD1L	Monofunctional C1-tetrahydrofolate synthase, mitochondrial	2.37235e+06
Q6UB98;Q6UB98-2	Q6UB98;Q6UB98-2	ANR12_HUMAN	ANKRD12	Ankyrin repeat domain-containing protein 12	1.13213e+06
Q6UB99	Q6UB99	ANR11_HUMAN	ANKRD11	Ankyrin repeat domain-containing protein 11	1.12024e+06
Q6ULP2;Q6ULP2-6;Q6ULP2-8;Q6ULP2-9	Q6ULP2;Q6ULP2-6;Q6ULP2-8;Q6ULP2-9	AFTIN_HUMAN	AFTPH	Aftiphilin	193682
Q6UN15;Q6UN15-5	Q6UN15;Q6UN15-3;Q6UN15-4;Q6UN15-5	FIP1_HUMAN	FIP1L1	Pre-mRNA 3'-end-processing factor FIP1	1.19463e+06
Q6UUV7;Q6UUV7-3	Q6UUV7;Q6UUV7-3	CRTC3_HUMAN	CRTC3	CREB-regulated transcription coactivator 3	42990
Q6UUV9;Q6UUV9-2	Q6UUV9;Q6UUV9-2;Q6UUV9-3	CRTC1_HUMAN	CRTC1	CREB-regulated transcription coactivator 1	83018
Q6UVJ0	Q6UVJ0	SAS6_HUMAN	SASS6	Spindle assembly abnormal protein 6 homolog	136131
Q6UVK1	Q6UVK1	CSPG4_HUMAN	CSPG4	Chondroitin sulfate proteoglycan 4	553585
Q6UW02;Q6UW02-2	Q6UW02;Q6UW02-2	CP20A_HUMAN	CYP20A1	Cytochrome P450 20A1	213061
Q6UW63	Q6UW63	PLGT2_HUMAN	POGLUT2	Protein O-glucosyltransferase 2	1.16381e+06
Q6UW68	Q6UW68	TM205_HUMAN	TMEM205	Transmembrane protein 205	188111
Q6UW78	Q6UW78	UQCC3_HUMAN	UQCC3	Ubiquinol-cytochrome-c reductase complex assembly factor 3	202977
Q6UWE0	Q6UWE0;Q6UWE0-2;Q6UWE0-3	LRSM1_HUMAN	LRSAM1	E3 ubiquitin-protein ligase LRSAM1	977199
Q6UWP2;Q6UWP2-3	Q6UWP2;Q6UWP2-2;Q6UWP2-3	DHR11_HUMAN	DHRS11	Dehydrogenase/reductase SDR family member 11	398108
Q6UWP7;Q6UWP7-3	Q6UWP7;Q6UWP7-3	LCLT1_HUMAN	LCLAT1	Lysocardiolipin acyltransferase 1	255304
Q6UWY0	Q6UWY0	ARSK_HUMAN	ARSK	Arylsulfatase K	366433
Q6UWZ7;Q6UWZ7-2	Q6UWZ7;Q6UWZ7-2	ABRX1_HUMAN	ABRAXAS1	BRCA1-A complex subunit Abraxas 1	64079
Q6UX01;Q6UX01-2;Q6UX01-3;Q6UX01-4;Q8WVP7;Q8WVP7-3	Q6UX01;Q6UX01-2;Q6UX01-3;Q6UX01-4;Q8WVP7;Q8WVP7-3	LMBR1_HUMAN;LMBRL_HUMAN	LMBR1;LMBR1L	Protein LMBR1L	30823
Q6UX04	Q6UX04;Q6UX04-2	CWC27_HUMAN	CWC27	Spliceosome-associated protein CWC27 homolog	606789
Q6UX07	Q6UX07;Q6UX07-2;Q6UX07-3	DHR13_HUMAN	DHRS13	Dehydrogenase/reductase SDR family member 13	99655
Q6UX41;Q6UX41-4;Q6UX41-6;Q6UX41-7	Q6UX41;Q6UX41-4;Q6UX41-6;Q6UX41-7	BTNL8_HUMAN	BTNL8	Butyrophilin-like protein 8	17744
Q6UX53	Q6UX53	MET7B_HUMAN	METTL7B	Methyltransferase-like protein 7B	80192
Q6UXD5;Q6UXD5-2;Q6UXD5-3;Q6UXD5-5;Q6UXD5-6	Q6UXD5;Q6UXD5-2;Q6UXD5-3;Q6UXD5-5;Q6UXD5-6	SE6L2_HUMAN	SEZ6L2	Seizure 6-like protein 2	186631
Q6UXG2;Q6UXG2-2;Q6UXG2-3;Q6UXG2-4	Q6UXG2;Q6UXG2-2;Q6UXG2-3;Q6UXG2-4	K1324_HUMAN	KIAA1324	UPF0577 protein KIAA1324	16464
Q6UXH1;Q6UXH1-2;Q6UXH1-3;Q6UXH1-4;Q6UXH1-5;Q6UXH1-6	Q6UXH1;Q6UXH1-2;Q6UXH1-3;Q6UXH1-4;Q6UXH1-5;Q6UXH1-6	CREL2_HUMAN	CRELD2	Protein disulfide isomerase CRELD2	365146
Q6UXN9	Q6UXN9	WDR82_HUMAN	WDR82	WD repeat-containing protein 82	1.32263e+06
Q6UXT9	Q6UXT9	ABH15_HUMAN	ABHD15	Protein ABHD15	68067
Q6UXV4	Q6UXV4	MIC27_HUMAN	APOOL	MICOS complex subunit MIC27	312442
Q6V1P9;Q96MW7	Q6V1P9;Q96MW7	PCD23_HUMAN;TIGD1_HUMAN	DCHS2;TIGD1	Protocadherin-23	365162
Q6VMQ6;Q6VMQ6-2;Q6VMQ6-4;Q6VMQ6-5	Q6VMQ6;Q6VMQ6-2;Q6VMQ6-4;Q6VMQ6-5	MCAF1_HUMAN	ATF7IP	Activating transcription factor 7-interacting protein 1	300699
Q6VN20;Q6VN20-3	Q6VN20;Q6VN20-3	RBP10_HUMAN	RANBP10	Ran-binding protein 10	286471
Q6VN20;Q6VN20-3;Q96S59	Q96S59;Q6VN20;Q6VN20-3	RANB9_HUMAN;RBP10_HUMAN	RANBP10;RANBP9	Ran-binding protein 10	45971
Q6VY07	Q6VY07;Q6VY07-2	PACS1_HUMAN	PACS1	Phosphofurin acidic cluster sorting protein 1	427262
Q6WCQ1;Q6WCQ1-2;Q6WCQ1-3	Q6WCQ1;Q6WCQ1-2;Q6WCQ1-3	MPRIP_HUMAN	MPRIP	Myosin phosphatase Rho-interacting protein	1.32496e+06
Q6WKZ4	Q6WKZ4;Q6WKZ4-3;Q6WKZ4-5	RFIP1_HUMAN	RAB11FIP1	Rab11 family-interacting protein 1	2.53329e+06
Q6XQN6	Q6XQN6;Q6XQN6-3	PNCB_HUMAN	NAPRT	Nicotinate phosphoribosyltransferase	1.00706e+06
Q6XZF7	Q6XZF7	DNMBP_HUMAN	DNMBP	Dynamin-binding protein	133070
Q6Y1H2	Q6Y1H2	HACD2_HUMAN	HACD2	Very-long-chain (3R)-3-hydroxyacyl-CoA dehydratase 2	277233
Q6Y288	Q6Y288	B3GLT_HUMAN	B3GLCT	Beta-1,3-glucosyltransferase	107295
Q6Y2X3	Q6Y2X3	DJC14_HUMAN	DNAJC14	DnaJ homolog subfamily C member 14	81978
Q6Y7W6;Q6Y7W6-4;Q6Y7W6-5	Q6Y7W6;Q6Y7W6-4;Q6Y7W6-5	GGYF2_HUMAN	GIGYF2	GRB10-interacting GYF protein 2	1.37833e+06
Q6YBV0	Q6YBV0	S36A4_HUMAN	SLC36A4	Proton-coupled amino acid transporter 4	2200
Q6YHK3	Q6YHK3;Q6YHK3-2;Q6YHK3-4	CD109_HUMAN	CD109	CD109 antigen	1.43863e+06
Q6YHU6;Q6YHU6-3	Q6YHU6;Q6YHU6-3;Q6YHU6-5;Q6YHU6-6	THADA_HUMAN	THADA	Thyroid adenoma-associated protein	443904
Q6YN16	Q6YN16;Q6YN16-2	HSDL2_HUMAN	HSDL2	Hydroxysteroid dehydrogenase-like protein 2	2.84232e+06
Q6YP21;Q6YP21-3	Q6YP21;Q6YP21-3	KAT3_HUMAN	KYAT3	Kynurenine--oxoglutarate transaminase 3	340760
Q6ZMB5	Q6ZMB5	T184A_HUMAN	TMEM184A	Transmembrane protein 184A	138342
Q6ZMI0	Q6ZMI0;Q6ZMI0-2;Q6ZMI0-5;Q6ZMI0-3;Q6ZMI0-4	PPR21_HUMAN	PPP1R21	Protein phosphatase 1 regulatory subunit 21	325231
Q6ZMK1;Q6ZMK1-2	Q6ZMK1;Q6ZMK1-2	CYHR1_HUMAN	CYHR1	Cysteine and histidine-rich protein 1	15621
Q6ZMQ8;Q6ZMQ8-3	Q6ZMQ8;Q6ZMQ8-3	LMTK1_HUMAN	AATK	Serine/threonine-protein kinase LMTK1	246363
Q6ZMT4;Q6ZMT4-2	Q6ZMT4;Q6ZMT4-2	KDM7A_HUMAN	KDM7A	Lysine-specific demethylase 7A	92155
Q6ZN08	Q6ZN08	ZNF66_HUMAN	ZNF66	Putative zinc finger protein 66	56317
Q6ZN16;Q6ZN16-2;Q6ZN16-3	Q99683;Q6ZN16;Q6ZN16-2;Q6ZN16-3	M3K15_HUMAN	MAP3K15	Mitogen-activated protein kinase kinase kinase 15	57988
Q6ZN18;Q6ZN18-2;Q6ZN18-3	Q6ZN18;Q6ZN18-2;Q6ZN18-3	AEBP2_HUMAN	AEBP2	Zinc finger protein AEBP2	68980
Q6ZN55;Q6ZN55-2	Q6ZN55;Q6ZN55-2	ZN574_HUMAN	ZNF574	Zinc finger protein 574	41444
Q6ZNB6	Q6ZNB6;Q6ZNB6-2	NFXL1_HUMAN	NFXL1	NF-X1-type zinc finger protein NFXL1	420250
Q6ZNC4;Q9H8N7;Q9NR83;Q9NR83-3;Q9NR83-4	Q6ZNC4;Q9H8N7;Q9NR83;Q9NR83-4;Q9NR83-3	S2A4R_HUMAN;ZN395_HUMAN;ZN704_HUMAN	SLC2A4RG;ZNF395;ZNF704	Zinc finger protein 704	452393
Q6ZNG1;Q8N823;Q8N823-2	Q6ZNG1;Q8N823;Q8N823-2	ZN600_HUMAN;ZN611_HUMAN	ZNF600;ZNF611	Zinc finger protein 600	114371
Q6ZNJ1;Q6ZNJ1-2;Q6ZNJ1-3	Q6ZNJ1;Q6ZNJ1-2;Q6ZNJ1-3	NBEL2_HUMAN	NBEAL2	Neurobeachin-like protein 2	291186
Q6ZNW5	Q6ZNW5	GDPP1_HUMAN	GDPGP1	GDP-D-glucose phosphorylase 1	116788
Q6ZRP7	Q6ZRP7	QSOX2_HUMAN	QSOX2	Sulfhydryl oxidase 2	852782
Q6ZRQ5	Q6ZRQ5	MMS22_HUMAN	MMS22L	Protein MMS22-like	1.04403e+06
Q6ZRS2;Q6ZRS2-2;Q6ZRS2-3	Q6ZRS2;Q6ZRS2-2;Q6ZRS2-3	SRCAP_HUMAN	SRCAP	Helicase SRCAP	1.35771e+06
Q6ZRV2	Q6ZRV2	FA83H_HUMAN	FAM83H	Protein FAM83H	768299
Q6ZS17;Q6ZS17-2;Q6ZS17-3;Q6ZS17-4	Q6ZS17;Q6ZS17-2;Q6ZS17-3;Q6ZS17-4	RIPR1_HUMAN	RIPOR1	Rho family-interacting cell polarization regulator 1	150133
Q6ZS30;Q6ZS30-1	Q6ZS30;Q6ZS30-1	NBEL1_HUMAN	NBEAL1	Neurobeachin-like protein 1	15464
Q6ZSJ8	Q6ZSJ8;Q6ZSJ8-2	CA122_HUMAN	C1orf122	Uncharacterized protein C1orf122	132555
Q6ZSS7	Q6ZSS7	MFSD6_HUMAN	MFSD6	Major facilitator superfamily domain-containing protein 6	603839
Q6ZSZ5;Q6ZSZ5-5;Q6ZSZ5-6	Q6ZSZ5;Q6ZSZ5-5;Q6ZSZ5-6;Q6ZSZ5-2;Q6ZSZ5-1	ARHGI_HUMAN	ARHGEF18	Rho guanine nucleotide exchange factor 18	553016
Q6ZT07	Q6ZT07	TBCD9_HUMAN	TBC1D9	TBC1 domain family member 9	63696
Q6ZT12;Q6ZT12-4	Q6ZT12;Q6ZT12-4	UBR3_HUMAN	UBR3	E3 ubiquitin-protein ligase UBR3	368863
Q6ZTQ3;Q6ZTQ3-2;Q6ZTQ3-4	Q6ZTQ3;Q6ZTQ3-2;Q6ZTQ3-4	RASF6_HUMAN	RASSF6	Ras association domain-containing protein 6	41912
Q6ZTR5;Q6ZTR5-6	Q6ZTR5;Q6ZTR5-6	CFA47_HUMAN	CFAP47	Cilia- and flagella-associated protein 47	68747
Q6ZU35	Q6ZU35	CRACD_HUMAN	CRACD	Capping protein inhibiting regulator of actin dynamics	370693
Q6ZU65	Q6ZU65	UBN2_HUMAN	UBN2	Ubinuclein-2	822640
Q6ZU80;Q6ZU80-1	Q6ZU80;Q6ZU80-1	CE128_HUMAN	CEP128	Centrosomal protein of 128 kDa	255868
Q6ZUM4;Q6ZUM4-2	Q6ZUM4;Q6ZUM4-2	RHG27_HUMAN	ARHGAP27	Rho GTPase-activating protein 27	32429
Q6ZUT1;Q6ZUT1-2;Q6ZUT1-3	Q6ZUT1;Q6ZUT1-2;Q6ZUT1-3	NKAP1_HUMAN	NKAPD1	Uncharacterized protein NKAPD1	23302
Q6ZUT9;Q6ZUT9-2	Q6ZUT9;Q6ZUT9-2;Q6ZUT9-4	DEN5B_HUMAN	DENND5B	DENN domain-containing protein 5B	218056
Q6ZV73;Q6ZV73-2	Q6ZV73;Q6ZV73-2	FGD6_HUMAN	FGD6	FYVE, RhoGEF and PH domain-containing protein 6	92620
Q6ZVM7;Q6ZVM7-5	Q6ZVM7;Q6ZVM7-2;Q6ZVM7-3;Q6ZVM7-4;Q6ZVM7-5	TM1L2_HUMAN	TOM1L2	TOM1-like protein 2	314564
Q6ZW49	Q6ZW49	PAXI1_HUMAN	PAXIP1	PAX-interacting protein 1	201326
Q6ZWH5;Q6ZWH5-2;Q6ZWH5-4	Q6ZWH5;Q6ZWH5-2;Q6ZWH5-4	NEK10_HUMAN	NEK10	Serine/threonine-protein kinase Nek10	604075
Q6ZWJ1	Q6ZWJ1;Q6ZWJ1-2	STXB4_HUMAN	STXBP4	Syntaxin-binding protein 4	88635
Q6ZXV5;Q6ZXV5-2	Q6ZXV5;Q6ZXV5-2	TMTC3_HUMAN	TMTC3	Protein O-mannosyl-transferase TMTC3	575712
Q709C8;Q709C8-3	Q709C8;Q709C8-2;Q709C8-3;Q709C8-4	VP13C_HUMAN	VPS13C	Vacuolar protein sorting-associated protein 13C	2.90147e+06
Q709F0	Q709F0;Q709F0-3	ACD11_HUMAN	ACAD11	Acyl-CoA dehydrogenase family member 11	936970
Q70CQ2	Q70CQ2;Q70CQ2-2;Q70CQ2-3	UBP34_HUMAN	USP34	Ubiquitin carboxyl-terminal hydrolase 34	1.95088e+06
Q70E73	Q70E73	RAPH1_HUMAN	RAPH1	Ras-associated and pleckstrin homology domains-containing protein 1	474430
Q70EK9	Q70EK9	UBP51_HUMAN	USP51	Ubiquitin carboxyl-terminal hydrolase 51	22049
Q70EL4;Q70EL4-2;Q70EL4-3;Q70EL4-4	Q70EL4;Q70EL4-2;Q70EL4-3;Q70EL4-4	UBP43_HUMAN	USP43	Ubiquitin carboxyl-terminal hydrolase 43	39482
Q70IA6;Q70IA6-2;Q70IA6-3	Q70IA6;Q70IA6-2;Q70IA6-3	MOB2_HUMAN	MOB2	MOB kinase activator 2	112310
Q70J99	Q70J99;Q70J99-2;Q70J99-3	UN13D_HUMAN	UNC13D	Protein unc-13 homolog D	726584
Q70UQ0	Q70UQ0;Q70UQ0-4	IKIP_HUMAN	IKBIP	Inhibitor of nuclear factor kappa-B kinase-interacting protein	606825
Q70Z53;Q70Z53-2;Q70Z53-3;Q70Z53-4;Q70Z53-5	Q70Z53;Q70Z53-2;Q70Z53-3;Q70Z53-4;Q70Z53-5	F10C1_HUMAN	FRA10AC1	Protein FRA10AC1	37536
Q712K3	Q712K3	UB2R2_HUMAN	UBE2R2	Ubiquitin-conjugating enzyme E2 R2	287465
Q71DI3	Q71DI3	H32_HUMAN	HIST2H3A	Histone H3.2	37998
Q71F56	Q71F56	MD13L_HUMAN	MED13L	Mediator of RNA polymerase II transcription subunit 13-like	127110
Q71RC2;Q71RC2-3;Q71RC2-4;Q71RC2-5	Q71RC2;Q71RC2-2;Q71RC2-3;Q71RC2-4;Q71RC2-5;Q71RC2-6;Q71RC2-7	LARP4_HUMAN	LARP4	La-related protein 4	1.17544e+06
Q71SY5;Q71SY5-2;Q71SY5-3;Q71SY5-4;Q71SY5-5	Q71SY5;Q71SY5-2;Q71SY5-3;Q71SY5-4;Q71SY5-5;Q71SY5-6	MED25_HUMAN	MED25	Mediator of RNA polymerase II transcription subunit 25	171042
Q71UM5	Q71UM5	RS27L_HUMAN	RPS27L	40S ribosomal protein S27-like	1.38725e+06
Q75N03;Q75N03-2	Q75N03;Q75N03-2	HAKAI_HUMAN	CBLL1	E3 ubiquitin-protein ligase Hakai	31235
Q75QN2;Q75QN2-2	Q75QN2;Q75QN2-2	INT8_HUMAN	INTS8	Integrator complex subunit 8	300581
Q75V66	Q75V66	ANO5_HUMAN	ANO5	Anoctamin-5	50170
Q765P7	Q765P7	MTSS2_HUMAN	MTSS2	Protein MTSS 2	104725
Q76FK4;Q76FK4-4	Q76FK4;Q76FK4-2;Q76FK4-4	NOL8_HUMAN	NOL8	Nucleolar protein 8	786688
Q76G19;Q76G19-2	Q76G19;Q76G19-2	PDZD4_HUMAN	PDZD4	PDZ domain-containing protein 4	201268
Q76L83	Q76L83	ASXL2_HUMAN	ASXL2	Putative Polycomb group protein ASXL2	412507
Q76N89;Q76N89-2	Q76N89;Q76N89-2	HECW1_HUMAN	HECW1	E3 ubiquitin-protein ligase HECW1	95676
Q7KZ85	Q7KZ85	SPT6H_HUMAN	SUPT6H	Transcription elongation factor SPT6	8.89647e+06
Q7KZ85-2	L0R819;Q7KZ85-2	SPT6H_HUMAN	SUPT6H	Isoform 2 of Transcription elongation factor SPT6	8.89647e+06
Q7KZ85;Q7KZ85-2	Q7KZ85;Q7KZ85-2	SPT6H_HUMAN	SUPT6H	Transcription elongation factor SPT6	8.89647e+06
Q7KZF4	Q7KZF4	SND1_HUMAN	SND1	Staphylococcal nuclease domain-containing protein 1	8.95538e+06
Q7KZI7;Q7KZI7-11;Q7KZI7-4;Q7KZI7-5;Q7KZI7-8;Q7KZI7-9	Q7KZI7;Q7KZI7-2;Q7KZI7-3;Q7KZI7-4;Q7KZI7-5;Q7KZI7-6;Q7KZI7-7;Q7KZI7-8;Q7KZI7-9;Q7KZI7-10;Q7KZI7-11;Q7KZI7-12;Q7KZI7-13;Q7KZI7-14;Q7KZI7-15;Q7KZI7-16	MARK2_HUMAN	MARK2	Serine/threonine-protein kinase MARK2	1.31666e+06
Q7KZN9;Q7KZN9-2	Q7KZN9;Q7KZN9-2	COX15_HUMAN	COX15	Cytochrome c oxidase assembly protein COX15 homolog	297643
Q7L014	Q7L014	DDX46_HUMAN	DDX46	Probable ATP-dependent RNA helicase DDX46	7.31366e+06
Q7L099	Q7L099	RUFY3_HUMAN	RUFY3	Protein RUFY3	236263
Q7L099;Q8WXA3;Q8WXA3-1;Q8WXA3-3;Q96T51	Q96T51;Q96T51-2;Q96T51-3;Q7L099;Q7L099-2;Q7L099-3;Q7L099-4;Q8WXA3;Q8WXA3-1;Q8WXA3-3;Q8WXA3-4;Q8WXA3-5	RUFY1_HUMAN;RUFY2_HUMAN;RUFY3_HUMAN	RUFY1;RUFY2;RUFY3	Protein RUFY3	54647
Q7L0Y3	Q7L0Y3	TM10C_HUMAN	TRMT10C	tRNA methyltransferase 10 homolog C	2.44888e+06
Q7L1Q6;Q7L1Q6-3;Q7L1Q6-4	Q7L1Q6;Q7L1Q6-2;Q7L1Q6-3;Q7L1Q6-4	BZW1_HUMAN	BZW1	Basic leucine zipper and W2 domain-containing protein 1	3.45369e+06
Q7L1Q6;Q7L1Q6-3;Q7L1Q6-4;Q9Y6E2	Q7L1Q6;Q7L1Q6-2;Q7L1Q6-3;Q7L1Q6-4;Q9Y6E2;Q9Y6E2-2	BZW1_HUMAN;BZW2_HUMAN	BZW1;BZW2	Basic leucine zipper and W2 domain-containing protein 1	324652
Q7L1T6	Q7L1T6	NB5R4_HUMAN	CYB5R4	Cytochrome b5 reductase 4	197398
Q7L1V2;Q7L1V2-2	Q7L1V2;Q7L1V2-2	MON1B_HUMAN	MON1B	Vacuolar fusion protein MON1 homolog B	99038
Q7L1W4	Q7L1W4	LRC8D_HUMAN	LRRC8D	Volume-regulated anion channel subunit LRRC8D	272096
Q7L211	Q7L211	ABHDD_HUMAN	ABHD13	Protein ABHD13	20348
Q7L266;Q7L266-2	Q7L266;Q7L266-2	ASGL1_HUMAN	ASRGL1	Isoaspartyl peptidase/L-asparaginase	20105
Q7L273	Q7L273	KCTD9_HUMAN	KCTD9	BTB/POZ domain-containing protein KCTD9	37675
Q7L2E3;Q7L2E3-2;Q7L2E3-3	Q7L2E3;Q7L2E3-2;Q7L2E3-3	DHX30_HUMAN	DHX30	ATP-dependent RNA helicase DHX30	3.34454e+06
Q7L2H7	Q7L2H7	EIF3M_HUMAN	EIF3M	Eukaryotic translation initiation factor 3 subunit M	2.87048e+06
Q7L2J0	Q7L2J0;Q7L2J0-2	MEPCE_HUMAN	MEPCE	7SK snRNA methylphosphate capping enzyme	1.62063e+06
Q7L3B6	Q7L3B6	CD37L_HUMAN	CDC37L1	Hsp90 co-chaperone Cdc37-like 1	115393
Q7L3T8	Q7L3T8	SYPM_HUMAN	PARS2	Probable proline--tRNA ligase, mitochondrial	73248
Q7L4E1	Q7L4E1	MIGA2_HUMAN	MIGA2	Mitoguardin 2	58378
Q7L4I2;Q7L4I2-2	Q7L4I2;Q7L4I2-2	RSRC2_HUMAN	RSRC2	Arginine/serine-rich coiled-coil protein 2	563158
Q7L576	Q7L576	CYFP1_HUMAN	CYFIP1	Cytoplasmic FMR1-interacting protein 1	1.42549e+06
Q7L576;Q96F07	Q96F07;Q96F07-2;Q7L576	CYFP1_HUMAN;CYFP2_HUMAN	CYFIP1;CYFIP2	Cytoplasmic FMR1-interacting protein 1	1.44196e+06
Q7L590;Q7L590-2	Q7L590;Q7L590-2	MCM10_HUMAN	MCM10	Protein MCM10 homolog	32513
Q7L592	Q7L592;Q7L592-2	NDUF7_HUMAN	NDUFAF7	Protein arginine methyltransferase NDUFAF7, mitochondrial	189980
Q7L5D6;Q7L5D6-2	Q7L5D6;Q7L5D6-2	GET4_HUMAN	GET4	Golgi to ER traffic protein 4 homolog	303994
Q7L5N1	Q7L5N1	CSN6_HUMAN	COPS6	COP9 signalosome complex subunit 6	2.05246e+06
Q7L5N7	Q7L5N7	PCAT2_HUMAN	LPCAT2	Lysophosphatidylcholine acyltransferase 2	52727
Q7L5Y1	Q7L5Y1;Q7L5Y1-2;Q7L5Y1-4;Q7L5Y1-5;Q7L5Y1-6;Q7L5Y1-7	ENOF1_HUMAN	ENOSF1	Mitochondrial enolase superfamily member 1	786861
Q7L5Y9;Q7L5Y9-2;Q7L5Y9-3;Q7L5Y9-4;Q7L5Y9-5	Q7L5Y9;Q7L5Y9-2;Q7L5Y9-3;Q7L5Y9-4;Q7L5Y9-5	MAEA_HUMAN	MAEA	E3 ubiquitin-protein transferase MAEA	99386
Q7L775	Q7L775	EPMIP_HUMAN	EPM2AIP1	EPM2A-interacting protein 1	483295
Q7L7V1;Q7L7V1-2	Q7L7V1;Q7L7V1-2	DHX32_HUMAN	DHX32	Putative pre-mRNA-splicing factor ATP-dependent RNA helicase DHX32	220511
Q7L7X3	Q7L7X3;Q7L7X3-3	TAOK1_HUMAN	TAOK1	Serine/threonine-protein kinase TAO1	462467
Q7L8L6	Q7L8L6	FAKD5_HUMAN	FASTKD5	FAST kinase domain-containing protein 5, mitochondrial	738509
Q7L8W6	Q7L8W6	DPH6_HUMAN	DPH6	Diphthine--ammonia ligase	74490
Q7L9L4;Q7L9L4-2;Q9H8S9	Q7L9L4;Q7L9L4-2;Q9H8S9;Q9H8S9-2	MOB1A_HUMAN;MOB1B_HUMAN	MOB1A;MOB1B	MOB kinase activator 1B	321801
Q7LBC6	Q7LBC6;Q7LBC6-2	KDM3B_HUMAN	KDM3B	Lysine-specific demethylase 3B	1.06714e+06
Q7LBC6;Q9Y4C1	Q9Y4C1;Q7LBC6;Q7LBC6-2;Q7LBC6-3	KDM3A_HUMAN;KDM3B_HUMAN	KDM3A;KDM3B	Lysine-specific demethylase 3B	40429
Q7LBR1	Q7LBR1	CHM1B_HUMAN	CHMP1B	Charged multivesicular body protein 1b	262078
Q7LG56;Q7LG56-6	Q7LG56;Q7LG56-5;Q7LG56-6	RIR2B_HUMAN	RRM2B	Ribonucleoside-diphosphate reductase subunit M2 B	95059
Q7LGA3	Q7LGA3;Q7LGA3-2;Q7LGA3-3	HS2ST_HUMAN	HS2ST1	Heparan sulfate 2-O-sulfotransferase 1	132539
Q7LGC8	Q7LGC8	CHST3_HUMAN	CHST3	Carbohydrate sulfotransferase 3	22303
Q7RTP0;Q7RTP0-2	Q7RTP0;Q7RTP0-2	NIPA1_HUMAN	NIPA1	Magnesium transporter NIPA1	83366
Q7RTP6	Q7RTP6	MICA3_HUMAN	MICAL3	[F-actin]-monooxygenase MICAL3	114915
Q7RTP6;Q8TDZ2;Q8TDZ2-2;Q8TDZ2-4	Q8TDZ2;Q8TDZ2-2;Q8TDZ2-4;Q7RTP6;Q7RTP6-2;Q7RTP6-3;Q7RTP6-4;Q7RTP6-5	MICA1_HUMAN;MICA3_HUMAN	MICAL1;MICAL3	[F-actin]-monooxygenase MICAL3	11083
Q7RTS9;Q7RTS9-2	Q7RTS9;Q7RTS9-2	DYM_HUMAN	DYM	Dymeclin	23124
Q7RTV0	Q7RTV0	PHF5A_HUMAN	PHF5A	PHD finger-like domain-containing protein 5A	298817
Q7Z2D5;Q7Z2D5-3	Q7Z2D5;Q7Z2D5-2;Q7Z2D5-3	PLPR4_HUMAN	PLPPR4	Phospholipid phosphatase-related protein type 4	318235
Q7Z2E3;Q7Z2E3-11;Q7Z2E3-13;Q7Z2E3-7;Q7Z2E3-9	Q7Z2E3;Q7Z2E3-3;Q7Z2E3-7;Q7Z2E3-8;Q7Z2E3-9;Q7Z2E3-11;Q7Z2E3-13	APTX_HUMAN	APTX	Aprataxin	136143
Q7Z2K6	Q7Z2K6	ERMP1_HUMAN	ERMP1	Endoplasmic reticulum metallopeptidase 1	2.52114e+06
Q7Z2K8	Q7Z2K8	GRIN1_HUMAN	GPRIN1	G protein-regulated inducer of neurite outgrowth 1	226887
Q7Z2T5	Q7Z2T5	TRM1L_HUMAN	TRMT1L	TRMT1-like protein	1.22519e+06
Q7Z2W4	Q7Z2W4;Q7Z2W4-2;Q7Z2W4-3	ZCCHV_HUMAN	ZC3HAV1	Zinc finger CCCH-type antiviral protein 1	3.84527e+06
Q7Z2W9	Q7Z2W9;Q7Z2W9-2	RM21_HUMAN	MRPL21	39S ribosomal protein L21, mitochondrial	426425
Q7Z2Z2	Q7Z2Z2;Q7Z2Z2-2	EFL1_HUMAN	EFL1	Elongation factor-like GTPase 1	1.97179e+06
Q7Z309;Q7Z309-2;Q7Z309-3;Q7Z309-4	Q7Z309;Q7Z309-2;Q7Z309-3;Q7Z309-4	F122B_HUMAN	FAM122B	Protein FAM122B	47653
Q7Z333;Q7Z333-4	Q7Z333;Q7Z333-3;Q7Z333-4	SETX_HUMAN	SETX	Probable helicase senataxin	1.3731e+06
Q7Z392;Q7Z392-3;Q7Z392-4	Q7Z392;Q7Z392-3;Q7Z392-4	TPC11_HUMAN	TRAPPC11	Trafficking protein particle complex subunit 11	184390
Q7Z3B3	Q7Z3B3	KANL1_HUMAN	KANSL1	KAT8 regulatory NSL complex subunit 1	258670
Q7Z3B4;Q7Z3B4-3	Q7Z3B4;Q7Z3B4-3	NUP54_HUMAN	NUP54	Nucleoporin p54	1.8388e+06
Q7Z3C6;Q7Z3C6-2	Q7Z3C6;Q7Z3C6-2;Q7Z3C6-3	ATG9A_HUMAN	ATG9A	Autophagy-related protein 9A	320441
Q7Z3D4	Q7Z3D4	LYSM3_HUMAN	LYSMD3	LysM and putative peptidoglycan-binding domain-containing protein 3	370712
Q7Z3E2	Q7Z3E2	CC186_HUMAN	CCDC186	Coiled-coil domain-containing protein 186	383878
Q7Z3E5;Q7Z3E5-2	Q7Z3E5;Q7Z3E5-2	ARMC9_HUMAN	ARMC9	LisH domain-containing protein ARMC9	546876
Q7Z3J2	Q7Z3J2;Q7Z3J2-2	VP35L_HUMAN	VPS35L	VPS35 endosomal protein sorting factor-like	504923
Q7Z3K3;Q7Z3K3-2;Q7Z3K3-3;Q7Z3K3-5	Q7Z3K3;Q7Z3K3-2;Q7Z3K3-3;Q7Z3K3-5;Q7Z3K3-6;Q7Z3K3-7	POGZ_HUMAN	POGZ	Pogo transposable element with ZNF domain	1.7833e+06
Q7Z3K6;Q7Z3K6-2	Q7Z3K6;Q7Z3K6-2;Q7Z3K6-3;Q7Z3K6-5	MIER3_HUMAN	MIER3	Mesoderm induction early response protein 3	51666
Q7Z3T8	Q7Z3T8;Q7Z3T8-3	ZFY16_HUMAN	ZFYVE16	Zinc finger FYVE domain-containing protein 16	871930
Q7Z3U7;Q7Z3U7-2;Q7Z3U7-5;Q7Z3U7-6	Q7Z3U7;Q7Z3U7-2;Q7Z3U7-3;Q7Z3U7-5;Q7Z3U7-6	MON2_HUMAN	MON2	Protein MON2 homolog	805025
Q7Z3V4	Q7Z3V4	UBE3B_HUMAN	UBE3B	Ubiquitin-protein ligase E3B	240645
Q7Z401;Q7Z401-2	Q7Z401;Q7Z401-2	MYCPP_HUMAN	DENND4A	C-myc promoter-binding protein	765028
Q7Z403;Q7Z403-2	Q7Z403;Q7Z403-2	TMC6_HUMAN	TMC6	Transmembrane channel-like protein 6	92849
Q7Z406;Q7Z406-2;Q7Z406-6	Q7Z406;Q7Z406-2;Q7Z406-4;Q7Z406-5;Q7Z406-6	MYH14_HUMAN	MYH14	Myosin-14	2.83684e+06
Q7Z412;Q7Z412-2	Q7Z412;Q7Z412-2	PEX26_HUMAN	PEX26	Peroxisome assembly protein 26	22209
Q7Z417	Q7Z417	NUFP2_HUMAN	NUFIP2	Nuclear fragile X mental retardation-interacting protein 2	2.21152e+06
Q7Z422;Q7Z422-2;Q7Z422-3;Q7Z422-4;Q7Z422-5	Q7Z422;Q7Z422-2;Q7Z422-3;Q7Z422-4;Q7Z422-5	SZRD1_HUMAN	SZRD1	SUZ domain-containing protein 1	158972
Q7Z434	Q7Z434;Q7Z434-4	MAVS_HUMAN	MAVS	Mitochondrial antiviral-signaling protein	634159
Q7Z460	Q7Z460;Q7Z460-2;Q7Z460-3;Q7Z460-5	CLAP1_HUMAN	CLASP1	CLIP-associating protein 1	3.75244e+06
Q7Z478	Q7Z478	DHX29_HUMAN	DHX29	ATP-dependent RNA helicase DHX29	963552
Q7Z494	Q7Z494;Q7Z494-3;Q7Z494-6	NPHP3_HUMAN	NPHP3	Nephrocystin-3	116803
Q7Z4F1	Q7Z4F1	LRP10_HUMAN	LRP10	Low-density lipoprotein receptor-related protein 10	16993
Q7Z4G1	Q7Z4G1;Q7Z4G1-2	COMD6_HUMAN	COMMD6	COMM domain-containing protein 6	140037
Q7Z4H3;Q7Z4H3-2	Q7Z4H3;Q7Z4H3-2	HDDC2_HUMAN	HDDC2	HD domain-containing protein 2	128329
Q7Z4H7;Q7Z4H7-3	Q7Z4H7;Q7Z4H7-3	HAUS6_HUMAN	HAUS6	HAUS augmin-like complex subunit 6	492824
Q7Z4H8	Q7Z4H8;Q7Z4H8-2;Q7Z4H8-3	PLGT3_HUMAN	POGLUT3	Protein O-glucosyltransferase 3	568065
Q7Z4L5	Q7Z4L5	TT21B_HUMAN	TTC21B	Tetratricopeptide repeat protein 21B	153362
Q7Z4Q2	Q7Z4Q2;Q7Z4Q2-2	HEAT3_HUMAN	HEATR3	HEAT repeat-containing protein 3	473866
Q7Z4S6;Q7Z4S6-2;Q7Z4S6-4;Q7Z4S6-5;Q7Z4S6-6	Q7Z4S6;Q7Z4S6-2;Q7Z4S6-3;Q7Z4S6-4;Q7Z4S6-5;Q7Z4S6-6	KI21A_HUMAN	KIF21A	Kinesin-like protein KIF21A	796211
Q7Z4V5	Q7Z4V5;Q7Z4V5-2;Q7Z4V5-3;Q7Z4V5-4	HDGR2_HUMAN	HDGFL2	Hepatoma-derived growth factor-related protein 2	854470
Q7Z4W1	Q7Z4W1	DCXR_HUMAN	DCXR	L-xylulose reductase	649531
Q7Z569	Q7Z569;Q7Z569-2	BRAP_HUMAN	BRAP	BRCA1-associated protein	348406
Q7Z589;Q7Z589-4;Q7Z589-5;Q7Z589-6;Q7Z589-7	Q7Z589;Q7Z589-2;Q7Z589-4;Q7Z589-5;Q7Z589-6;Q7Z589-7	EMSY_HUMAN	EMSY	BRCA2-interacting transcriptional repressor EMSY	1.29364e+06
Q7Z591;Q7Z591-2;Q7Z591-3;Q7Z591-7;Q7Z591-8	Q7Z591;Q7Z591-2;Q7Z591-3;Q7Z591-7;Q7Z591-8	AKNA_HUMAN	AKNA	Microtubule organization protein AKNA	73661
Q7Z5G4;Q7Z5G4-3	Q7Z5G4;Q7Z5G4-3	GOGA7_HUMAN	GOLGA7	Golgin subfamily A member 7	273261
Q7Z5J4	Q7Z5J4;Q7Z5J4-3	RAI1_HUMAN	RAI1	Retinoic acid-induced protein 1	330467
Q7Z5K2;Q7Z5K2-2;Q7Z5K2-3	Q7Z5K2;Q7Z5K2-2;Q7Z5K2-3	WAPL_HUMAN	WAPL	Wings apart-like protein homolog	1.03635e+06
Q7Z5L2;Q7Z5L2-2	Q7Z5L2;Q7Z5L2-2	R3HCL_HUMAN	R3HCC1L	Coiled-coil domain-containing protein R3HCC1L	174582
Q7Z5L9;Q7Z5L9-2	Q7Z5L9;Q7Z5L9-2	I2BP2_HUMAN	IRF2BP2	Interferon regulatory factor 2-binding protein 2	289500
Q7Z5L9;Q7Z5L9-2;Q9H1B7	Q7Z5L9;Q7Z5L9-2;Q7Z5L9-3;Q9H1B7	I2BP2_HUMAN;I2BPL_HUMAN	IRF2BP2;IRF2BPL	Interferon regulatory factor 2-binding protein 2	314705
Q7Z6B0;Q7Z6B0-2	Q7Z6B0;Q7Z6B0-2;Q7Z6B0-3	CCD91_HUMAN	CCDC91	Coiled-coil domain-containing protein 91	533590
Q7Z6B7	Q7Z6B7;Q7Z6B7-2	SRGP1_HUMAN	SRGAP1	SLIT-ROBO Rho GTPase-activating protein 1	232212
Q7Z6E9	Q7Z6E9;Q7Z6E9-2;Q7Z6E9-4	RBBP6_HUMAN	RBBP6	E3 ubiquitin-protein ligase RBBP6	974375
Q7Z6I6;Q7Z6I6-2;Q7Z6I6-3	Q7Z6I6;Q7Z6I6-2;Q7Z6I6-3	RHG30_HUMAN	ARHGAP30	Rho GTPase-activating protein 30	181714
Q7Z6I8	Q7Z6I8;Q7Z6I8-2	CE024_HUMAN	C5orf24	UPF0461 protein C5orf24	173348
Q7Z6J4	Q7Z6J4	FGD2_HUMAN	FGD2	FYVE, RhoGEF and PH domain-containing protein 2	145205
Q7Z6J9	Q7Z6J9	SEN54_HUMAN	TSEN54	tRNA-splicing endonuclease subunit Sen54	108768
Q7Z6K3	Q7Z6K3	PTAR1_HUMAN	PTAR1	Protein prenyltransferase alpha subunit repeat-containing protein 1	103421
Q7Z6K5-2	Q7Z6K5;Q7Z6K5-2	ARPIN_HUMAN	ARPIN	Isoform C15orf38-AP3S2 of Arpin	605584
Q7Z6M1	Q7Z6M1	RABEK_HUMAN	RABEPK	Rab9 effector protein with kelch motifs	442382
Q7Z6M4	Q7Z6M4	MTEF4_HUMAN	MTERF4	Transcription termination factor 4, mitochondrial	53799
Q7Z6P3	Q7Z6P3	RAB44_HUMAN	RAB44	Ras-related protein Rab-44	71111
Q7Z6V5	Q7Z6V5	ADAT2_HUMAN	ADAT2	tRNA-specific adenosine deaminase 2	4953
Q7Z6Z7;Q7Z6Z7-2;Q7Z6Z7-3	Q7Z6Z7;Q7Z6Z7-2;Q7Z6Z7-3	HUWE1_HUMAN	HUWE1	E3 ubiquitin-protein ligase HUWE1	1.22841e+07
Q7Z739	Q7Z739	YTHD3_HUMAN	YTHDF3	YTH domain-containing family protein 3	813563
Q7Z739;Q9BYJ9	Q9BYJ9;Q7Z739	YTHD1_HUMAN;YTHD3_HUMAN	YTHDF1;YTHDF3	YTH domain-containing family protein 3	304083
Q7Z739;Q9BYJ9;Q9Y5A9	Q9Y5A9;Q9Y5A9-2;Q9BYJ9;Q7Z739	YTHD1_HUMAN;YTHD2_HUMAN;YTHD3_HUMAN	YTHDF1;YTHDF2;YTHDF3	YTH domain-containing family protein 3	396697
Q7Z739;Q9Y5A9	Q9Y5A9;Q9Y5A9-2;Q7Z739	YTHD2_HUMAN;YTHD3_HUMAN	YTHDF2;YTHDF3	YTH domain-containing family protein 3	293047
Q7Z7A1;Q7Z7A1-5	Q7Z7A1;Q7Z7A1-5	CNTRL_HUMAN	CNTRL	Centriolin	191095
Q7Z7A3	Q7Z7A3	CTU1_HUMAN	CTU1	Cytoplasmic tRNA 2-thiolation protein 1	152418
Q7Z7A4;Q7Z7A4-2	Q7Z7A4;Q7Z7A4-2;Q7Z7A4-4;Q7Z7A4-5;Q7Z7A4-6;Q7Z7A4-7	PXK_HUMAN	PXK	PX domain-containing protein kinase-like protein	142129
Q7Z7B0;Q7Z7B0-2	Q7Z7B0;Q7Z7B0-2;Q7Z7B0-3	FLIP1_HUMAN	FILIP1	Filamin-A-interacting protein 1	145320
Q7Z7B1	Q7Z7B1	PIGW_HUMAN	PIGW	Phosphatidylinositol-glycan biosynthesis class W protein	17317
Q7Z7C8;Q7Z7C8-2	Q7Z7C8;Q7Z7C8-2;Q7Z7C8-4	TAF8_HUMAN	TAF8	Transcription initiation factor TFIID subunit 8	178420
Q7Z7E8	Q7Z7E8;Q7Z7E8-2;Q8WVN8;Q8WVN8-3;Q8WVN8-4	UB2Q1_HUMAN	UBE2Q1	Ubiquitin-conjugating enzyme E2 Q1	2.89544e+06
Q7Z7F0;Q7Z7F0-2;Q7Z7F0-3	Q7Z7F0;Q7Z7F0-2;Q7Z7F0-3	KHDC4_HUMAN	KHDC4	KH homology domain-containing protein 4	152279
Q7Z7F7;Q7Z7F7-2	Q7Z7F7;Q7Z7F7-2	RM55_HUMAN	MRPL55	39S ribosomal protein L55, mitochondrial	599400
Q7Z7G8;Q7Z7G8-2;Q7Z7G8-6	Q7Z7G8;Q7Z7G8-2;Q7Z7G8-6	VP13B_HUMAN	VPS13B	Vacuolar protein sorting-associated protein 13B	225576
Q7Z7H5;Q7Z7H5-3	Q7Z7H5;Q7Z7H5-2;Q7Z7H5-3	TMED4_HUMAN	TMED4	Transmembrane emp24 domain-containing protein 4	1.38301e+06
Q7Z7H5;Q7Z7H5-3;Q9BVK6	Q9BVK6;Q7Z7H5;Q7Z7H5-2;Q7Z7H5-3	TMED4_HUMAN;TMED9_HUMAN	TMED4;TMED9	Transmembrane emp24 domain-containing protein 4	826557
Q7Z7H8;Q7Z7H8-2	Q7Z7H8;Q7Z7H8-2	RM10_HUMAN	MRPL10	39S ribosomal protein L10, mitochondrial	513086
Q7Z7K0	Q7Z7K0	COXM1_HUMAN	CMC1	COX assembly mitochondrial protein homolog	101274
Q7Z7K6	Q7Z7K6;Q7Z7K6-3	CENPV_HUMAN	CENPV	Centromere protein V	892857
Q7Z7L1	Q7Z7L1	SLN11_HUMAN	SLFN11	Schlafen family member 11	104238
Q7Z7L7	Q7Z7L7	ZER1_HUMAN	ZER1	Protein zer-1 homolog	298158
Q7Z7N9	Q7Z7N9	T179B_HUMAN	TMEM179B	Transmembrane protein 179B	78950
Q86SE5;Q86SE5-3	Q86SE5;Q86SE5-3	RALYL_HUMAN	RALYL	RNA-binding Raly-like protein	370918
Q86SF2	Q86SF2	GALT7_HUMAN	GALNT7	N-acetylgalactosaminyltransferase 7	1.81907e+06
Q86SP6	Q86SP6	GP149_HUMAN	GPR149	Probable G-protein coupled receptor 149	2.98059e+06
Q86SQ0	Q86SQ0;Q86SQ0-2;Q86SQ0-3	PHLB2_HUMAN	PHLDB2	Pleckstrin homology-like domain family B member 2	1.45162e+06
Q86SQ4;Q86SQ4-2;Q86SQ4-3;Q86SQ4-4	Q86SQ4;Q86SQ4-2;Q86SQ4-3;Q86SQ4-4	AGRG6_HUMAN	ADGRG6	Adhesion G-protein coupled receptor G6	58582
Q86SR1;Q86SR1-2	Q86SR1;Q86SR1-2;Q86SR1-3	GLT10_HUMAN	GALNT10	Polypeptide N-acetylgalactosaminyltransferase 10	150248
Q86SX3;Q86SX3-2;Q86SX3-6	Q86SX3;Q86SX3-2;Q86SX3-6	TEDC1_HUMAN	TEDC1	Tubulin epsilon and delta complex protein 1	121876
Q86SX6	Q86SX6	GLRX5_HUMAN	GLRX5	Glutaredoxin-related protein 5, mitochondrial	434965
Q86SZ2	Q86SZ2	TPC6B_HUMAN	TRAPPC6B	Trafficking protein particle complex subunit 6B	194441
Q86T03;Q86T03-2	Q86T03;Q86T03-2	PP4P1_HUMAN	PIP4P1	Type 1 phosphatidylinositol 4,5-bisphosphate 4-phosphatase	152230
Q86T24	Q86T24	KAISO_HUMAN	ZBTB33	Transcriptional regulator Kaiso	16616
Q86T29;Q86T29-2	Q86T29;Q86T29-2	ZN605_HUMAN	ZNF605	Zinc finger protein 605	45060
Q86TB9	Q86TB9;Q86TB9-2;Q86TB9-4	PATL1_HUMAN	PATL1	Protein PAT1 homolog 1	681849
Q86TI0;Q86TI0-2	Q86TI0;Q86TI0-2	TBCD1_HUMAN	TBC1D1	TBC1 domain family member 1	377428
Q86TI2;Q86TI2-2;Q86TI2-4	Q86TI2;Q86TI2-2;Q86TI2-4	DPP9_HUMAN	DPP9	Dipeptidyl peptidase 9	1.02942e+06
Q86TJ2;Q86TJ2-2;Q86TJ2-3	Q86TJ2;Q86TJ2-2;Q86TJ2-3	TAD2B_HUMAN	TADA2B	Transcriptional adapter 2-beta	71578
Q86TM6;Q86TM6-2;Q86TM6-3	Q86TM6;Q86TM6-2;Q86TM6-3	SYVN1_HUMAN	SYVN1	E3 ubiquitin-protein ligase synoviolin	164172
Q86TN4;Q86TN4-2;Q86TN4-4	Q86TN4;Q86TN4-2;Q86TN4-3;Q86TN4-4	TRPT1_HUMAN	TRPT1	tRNA 2'-phosphotransferase 1	222525
Q86TP1	Q86TP1	PRUN1_HUMAN	PRUNE1	Exopolyphosphatase PRUNE1	123570
Q86TS9;Q86TS9-2;Q86TS9-3	Q86TS9;Q86TS9-2;Q86TS9-3	RM52_HUMAN	MRPL52	39S ribosomal protein L52, mitochondrial	33701
Q86TU7	Q86TU7;Q86TU7-2;Q86TU7-3	SETD3_HUMAN	SETD3	Actin-histidine N-methyltransferase	1.51501e+06
Q86TW2;Q86TW2-2;Q86TW2-3	Q86TW2;Q86TW2-2;Q86TW2-3	ADCK1_HUMAN	ADCK1	AarF domain-containing protein kinase 1	105077
Q86U06-3	Q86U06;Q86U06-2;Q86U06-3;Q86U06-4;Q86U06-5	RBM23_HUMAN	RBM23	Isoform 3 of Probable RNA-binding protein 23	45125
Q86U28	Q86U28	ISCA2_HUMAN	ISCA2	Iron-sulfur cluster assembly 2 homolog, mitochondrial	25769
Q86U38	Q86U38	NOP9_HUMAN	NOP9	Nucleolar protein 9	864306
Q86U44	Q86U44;Q86U44-2	MTA70_HUMAN	METTL3	N6-adenosine-methyltransferase catalytic subunit	1.12022e+06
Q86U86;Q86U86-8	Q86U86;Q86U86-2;Q86U86-3;Q86U86-4;Q86U86-5;Q86U86-6;Q86U86-7;Q86U86-8;Q86U86-9	PB1_HUMAN	PBRM1	Protein polybromo-1	2.08989e+06
Q86U90	Q86U90	YRDC_HUMAN	YRDC	YrdC domain-containing protein, mitochondrial	372882
Q86UA1	Q86UA1;Q86UA1-2	PRP39_HUMAN	PRPF39	Pre-mRNA-processing factor 39	205086
Q86UB9;Q86UB9-2	Q86UB9;Q86UB9-2	TM135_HUMAN	TMEM135	Transmembrane protein 135	18672
Q86UE3	Q86UE3	ZN546_HUMAN	ZNF546	Zinc finger protein 546	265507
Q86UE4	Q86UE4	LYRIC_HUMAN	MTDH	Protein LYRIC	3.16729e+06
Q86UE8;Q86UE8-2;Q86UE8-3	Q86UE8;Q86UE8-2;Q86UE8-3	TLK2_HUMAN	TLK2	Serine/threonine-protein kinase tousled-like 2	120088
Q86UE8;Q86UE8-2;Q86UE8-3;Q9UKI8;Q9UKI8-2;Q9UKI8-5	Q86UE8;Q86UE8-2;Q86UE8-3;Q9UKI8;Q9UKI8-2;Q9UKI8-3;Q9UKI8-4;Q9UKI8-5	TLK1_HUMAN;TLK2_HUMAN	TLK1;TLK2	Serine/threonine-protein kinase tousled-like 2	201509
Q86UK7;Q86UK7-3	Q86UK7;Q86UK7-2;Q86UK7-3	ZN598_HUMAN	ZNF598	E3 ubiquitin-protein ligase ZNF598	1.29986e+06
Q86UL3	Q86UL3	GPAT4_HUMAN	GPAT4	Glycerol-3-phosphate acyltransferase 4	289449
Q86UP2	Q86UP2;Q86UP2-2;Q86UP2-3;Q86UP2-4	KTN1_HUMAN	KTN1	Kinectin	8.50043e+06
Q86UP2;Q9Y4F3;Q9Y4F3-3;Q9Y4F3-4;Q9Y4F3-5	Q86UP2;Q86UP2-2;Q86UP2-3;Q86UP2-4;Q9Y4F3;Q9Y4F3-3;Q9Y4F3-4;Q9Y4F3-5	KTN1_HUMAN;MARF1_HUMAN	KTN1;MARF1	Kinectin	63969
Q86UR1;Q86UR1-2;Q86UR1-3	Q86UR1;Q86UR1-2;Q86UR1-3	NOXA1_HUMAN	NOXA1	NADPH oxidase activator 1	43993
Q86US8	Q86US8;Q86US8-2;Q86US8-3	EST1A_HUMAN	SMG6	Telomerase-binding protein EST1A	801115
Q86UT6;Q86UT6-2	Q86UT6;Q86UT6-2	NLRX1_HUMAN	NLRX1	NLR family member X1	192513
Q86UT8	Q86UT8	CCD84_HUMAN	CCDC84	Coiled-coil domain-containing protein 84	15152
Q86UU0;Q86UU0-2;Q86UU0-4	Q86UU0;Q86UU0-2;Q86UU0-3;Q86UU0-4	BCL9L_HUMAN	BCL9L	B-cell CLL/lymphoma 9-like protein	316204
Q86UV5;Q86UV5-2;Q86UV5-8	Q86UV5;Q86UV5-2;Q86UV5-3;Q86UV5-5;Q86UV5-8	UBP48_HUMAN	USP48	Ubiquitin carboxyl-terminal hydrolase 48	138902
Q86UW7;Q86UW7-2;Q86UW7-3	Q86UW7;Q86UW7-2;Q86UW7-3	CAPS2_HUMAN	CADPS2	Calcium-dependent secretion activator 2	88445
Q86UX6	Q86UX6	ST32C_HUMAN	STK32C	Serine/threonine-protein kinase 32C	65657
Q86UX7;Q86UX7-2	Q86UX7;Q86UX7-2	URP2_HUMAN	FERMT3	Fermitin family homolog 3	5.34187e+06
Q86UY5	Q86UY5	FA83A_HUMAN	FAM83A	Protein FAM83A	88264
Q86UY6	Q86UY6;Q86UY6-3;Q86UY6-4	NAA40_HUMAN	NAA40	N-alpha-acetyltransferase 40	203916
Q86UY8;Q86UY8-2	Q86UY8;Q86UY8-2	NT5D3_HUMAN	NT5DC3	5'-nucleotidase domain-containing protein 3	177177
Q86V20;Q86V20-2	Q86V20;Q86V20-2	SHLD2_HUMAN	SHLD2	Shieldin complex subunit 2	1.32403e+06
Q86V21	Q86V21;Q86V21-2	AACS_HUMAN	AACS	Acetoacetyl-CoA synthetase	893935
Q86V48;Q86V48-2;Q86V48-3	Q86V48;Q86V48-2;Q86V48-3	LUZP1_HUMAN	LUZP1	Leucine zipper protein 1	1.05019e+06
Q86V71	Q86V71	ZN429_HUMAN	ZNF429	Zinc finger protein 429	223316
Q86V81	Q86V81	THOC4_HUMAN	ALYREF	THO complex subunit 4	3.07964e+06
Q86V85	Q86V85	GP180_HUMAN	GPR180	Integral membrane protein GPR180	35187
Q86V87	Q86V87	F16B2_HUMAN	FAM160B2	Protein FAM160B2	153507
Q86V88;Q86V88-2;Q86V88-3	Q86V88;Q86V88-2;Q86V88-3	MGDP1_HUMAN	MDP1	Magnesium-dependent phosphatase 1	136458
Q86VI3	Q86VI3	IQGA3_HUMAN	IQGAP3	Ras GTPase-activating-like protein IQGAP3	365667
Q86VM9;Q86VM9-2	Q86VM9;Q86VM9-2	ZCH18_HUMAN	ZC3H18	Zinc finger CCCH domain-containing protein 18	423802
Q86VN1;Q86VN1-2	Q86VN1;Q86VN1-2	VPS36_HUMAN	VPS36	Vacuolar protein-sorting-associated protein 36	350077
Q86VP1;Q86VP1-2;Q86VP1-3;Q86VP1-4	Q86VP1;Q86VP1-2;Q86VP1-3;Q86VP1-4	TAXB1_HUMAN	TAX1BP1	Tax1-binding protein 1	208322
Q86VP6	Q86VP6	CAND1_HUMAN	CAND1	Cullin-associated NEDD8-dissociated protein 1	8.8211e+06
Q86VQ1	Q86VQ1	GLCI1_HUMAN	GLCCI1	Glucocorticoid-induced transcript 1 protein	39954
Q86VQ6	Q86VQ6	TRXR3_HUMAN	TXNRD3	Thioredoxin reductase 3	36786
Q86VR2	Q86VR2	RETR3_HUMAN	RETREG3	Reticulophagy regulator 3	172141
Q86VR8	Q86VR8	FJX1_HUMAN	FJX1	Four-jointed box protein 1	876311
Q86VS8	Q86VS8	HOOK3_HUMAN	HOOK3	Protein Hook homolog 3	658860
Q86VU5	Q86VU5	CMTD1_HUMAN	COMTD1	Catechol O-methyltransferase domain-containing protein 1	526610
Q86VV8	Q86VV8;Q86VV8-3	RTTN_HUMAN	RTTN	Rotatin	105703
Q86VX2;Q86VX2-2	Q86VX2;Q86VX2-2	COMD7_HUMAN	COMMD7	COMM domain-containing protein 7	120068
Q86VY4	Q86VY4	TSYL5_HUMAN	TSPYL5	Testis-specific Y-encoded-like protein 5	99843
Q86VZ5	Q86VZ5	SMS1_HUMAN	SGMS1	Phosphatidylcholine:ceramide cholinephosphotransferase 1	40665
Q86W34	Q86W34;Q86W34-5	AMZ2_HUMAN	AMZ2	Archaemetzincin-2	45129
Q86W42	Q86W42;Q86W42-2	THOC6_HUMAN	THOC6	THO complex subunit 6 homolog	1.18559e+06
Q86W50	Q86W50	MET16_HUMAN	METTL16	RNA N6-adenosine-methyltransferase METTL16	888522
Q86W56	Q86W56;Q86W56-2;Q86W56-3;Q86W56-4;Q86W56-5	PARG_HUMAN	PARG	Poly(ADP-ribose) glycohydrolase	499553
Q86W92;Q86W92-4	Q86W92;Q86W92-2;Q86W92-3;Q86W92-4;Q8ND30;Q8ND30-2;Q8ND30-3	LIPB1_HUMAN	PPFIBP1	Liprin-beta-1	815170
Q86WA6;Q86WA6-2	Q86WA6;Q86WA6-2	BPHL_HUMAN	BPHL	Valacyclovir hydrolase	200632
Q86WA8;Q86WA8-2	Q86WA8;Q86WA8-2	LONP2_HUMAN	LONP2	Lon protease homolog 2, peroxisomal	1.17709e+07
Q86WB0	Q86WB0;Q86WB0-2;Q86WB0-3	NIPA_HUMAN	ZC3HC1	Nuclear-interacting partner of ALK	740635
Q86WC4	Q86WC4	OSTM1_HUMAN	OSTM1	Osteopetrosis-associated transmembrane protein 1	102534
Q86WG5	Q86WG5;Q86WG5-3	MTMRD_HUMAN	SBF2	Myotubularin-related protein 13	1.0737e+06
Q86WJ1;Q86WJ1-2	Q86WJ1;Q86WJ1-2	CHD1L_HUMAN	CHD1L	Chromodomain-helicase-DNA-binding protein 1-like	924922
Q86WP2;Q86WP2-2;Q86WP2-3;Q86WP2-4	Q86WP2;Q86WP2-2;Q86WP2-3;Q86WP2-4	GPBP1_HUMAN	GPBP1	Vasculin	37087
Q86WQ0;Q86WQ0-2	Q86WQ0;Q86WQ0-2	NR2CA_HUMAN	NR2C2AP	Nuclear receptor 2C2-associated protein	108951
Q86WR0	Q86WR0;Q86WR0-2	CCD25_HUMAN	CCDC25	Coiled-coil domain-containing protein 25	567493
Q86WR7	Q86WR7;Q86WR7-2	PRSR2_HUMAN	PROSER2	Proline and serine-rich protein 2	96270
Q86WV6	Q86WV6	STING_HUMAN	STING1	Stimulator of interferon genes protein	94271
Q86WW8	Q86WW8	COA5_HUMAN	COA5	Cytochrome c oxidase assembly factor 5	19195
Q86WX3	Q86WX3	AROS_HUMAN	RPS19BP1	Active regulator of SIRT1	123672
Q86WZ6;Q86WZ6-2	Q14590;Q14590-2;Q86WZ6;Q86WZ6-2	ZN227_HUMAN	ZNF227	Zinc finger protein 227	2.89124e+06
Q86X10;Q86X10-3	Q86X10;Q86X10-2;Q86X10-3;Q86X10-4	RLGPB_HUMAN	RALGAPB	Ral GTPase-activating protein subunit beta	2.2298e+06
Q86X27;Q86X27-2;Q86X27-3	Q86X27;Q86X27-2;Q86X27-3	RGPS2_HUMAN	RALGPS2	Ras-specific guanine nucleotide-releasing factor RalGPS2	10882
Q86X29;Q86X29-4;Q86X29-5;Q86X29-6	Q86X29;Q86X29-2;Q86X29-3;Q86X29-4;Q86X29-5;Q86X29-6	LSR_HUMAN	LSR	Lipolysis-stimulated lipoprotein receptor	752519
Q86X52	Q86X52	CHSS1_HUMAN	CHSY1	Chondroitin sulfate synthase 1	60497
Q86X53	Q86X53	ERIC1_HUMAN	ERICH1	Glutamate-rich protein 1	99165
Q86X55;Q86X55-1	Q86X55;Q86X55-1	CARM1_HUMAN	CARM1	Histone-arginine methyltransferase CARM1	730460
Q86X76;Q86X76-2;Q86X76-4	Q86X76;Q86X76-2;Q86X76-4	NIT1_HUMAN	NIT1	Deaminated glutathione amidase	902397
Q86X83;Q86X83-2	Q86X83;Q86X83-2	COMD2_HUMAN	COMMD2	COMM domain-containing protein 2	130616
Q86X95;Q86X95-2	Q86X95;Q86X95-2;Reverse_sp|Q9P242|NYAP2_HUMAN;Reverse_sp|Q9P242-2|NYAP2_HUMAN	CIR1_HUMAN	CIR1	Corepressor interacting with RBPJ 1	238667
Q86XA9	Q86XA9;Q86XA9-2	HTR5A_HUMAN	HEATR5A	HEAT repeat-containing protein 5A	291295
Q86XI2;Q86XI2-2	Q86XI2;Q86XI2-2	CNDG2_HUMAN	NCAPG2	Condensin-2 complex subunit G2	293390
Q86XI8;Q86XI8-2	Q86XI8;Q86XI8-2	ZSWM9_HUMAN	ZSWIM9	Uncharacterized protein ZSWIM9	191455
Q86XK2;Q86XK2-5;Q86XK2-6	Q86XK2;Q86XK2-6;Q86XK2-3;Q86XK2-4;Q86XK2-5	FBX11_HUMAN	FBXO11	F-box only protein 11	53894
Q86XK3;Q86XK3-2;Q86XK3-3	Q86XK3;Q86XK3-2;Q86XK3-3	SFR1_HUMAN	SFR1	Swi5-dependent recombination DNA repair protein 1 homolog	96264
Q86XL3	Q86XL3;Q86XL3-2	ANKL2_HUMAN	ANKLE2	Ankyrin repeat and LEM domain-containing protein 2	568315
Q86XP1;Q86XP1-2;Q86XP1-3;Q86XP1-5	Q86XP1;Q86XP1-2;Q86XP1-3;Q86XP1-5	DGKH_HUMAN	DGKH	Diacylglycerol kinase eta	265780
Q86XP3	Q86XP3;Q86XP3-2	DDX42_HUMAN	DDX42	ATP-dependent RNA helicase DDX42	3.97576e+06
Q86XR7-2;Q9Y3B3;Q9Y3B3-2	Q9Y3B3;Q9Y3B3-2;Q86XR7-2	TCAM2_HUMAN;TMED7_HUMAN	TICAM2;TMED7	Isoform 2 of TIR domain-containing adapter molecule 2	1.09978e+06
Q86XR8;Q86XR8-2;Q86XR8-3;Q86XR8-4;Q86XR8-5	Q86XR8;Q86XR8-2;Q86XR8-3;Q86XR8-4;Q86XR8-5	CEP57_HUMAN	CEP57	Centrosomal protein of 57 kDa	3654
Q86XT9	Q86XT9	TM219_HUMAN	TMEM219	Insulin-like growth factor-binding protein 3 receptor	11761
Q86XZ4	Q86XZ4	SPAS2_HUMAN	SPATS2	Spermatogenesis-associated serine-rich protein 2	325225
Q86Y07	Q86Y07;Q86Y07-3;Q86Y07-4	VRK2_HUMAN	VRK2	Serine/threonine-protein kinase VRK2	152833
Q86Y37	Q86Y37;Q86Y37-2;Q86Y37-4	CACL1_HUMAN	CACUL1	CDK2-associated and cullin domain-containing protein 1	439729
Q86Y39	Q86Y39;Q86Y39-2	NDUAB_HUMAN	NDUFA11	NADH dehydrogenase [ubiquinone] 1 alpha subcomplex subunit 11	300150
Q86Y56	Q86Y56;Q86Y56-2	DAAF5_HUMAN	DNAAF5	Dynein assembly factor 5, axonemal	1.13023e+06
Q86Y79	Q86Y79	PTH_HUMAN	PTRH1	Probable peptidyl-tRNA hydrolase	217091
Q86Y82	Q86Y82	STX12_HUMAN	STX12	Syntaxin-12	425698
Q86Y91;Q86Y91-6	Q86Y91;Q86Y91-6	KI18B_HUMAN	KIF18B	Kinesin-like protein KIF18B	50853
Q86YA3	Q86YA3;Q86YA3-4	ZGRF1_HUMAN	ZGRF1	Protein ZGRF1	231683
Q86YB8	Q86YB8	ERO1B_HUMAN	ERO1B	ERO1-like protein beta	496521
Q86YB8;Q96HE7	Q96HE7;Q86YB8	ERO1A_HUMAN;ERO1B_HUMAN	ERO1A;ERO1B	ERO1-like protein beta	434454
Q86YC2	Q86YC2	PALB2_HUMAN	PALB2	Partner and localizer of BRCA2	6147
Q86YH6	Q86YH6	DLP1_HUMAN	PDSS2	Decaprenyl-diphosphate synthase subunit 2	69141
Q86YM7;Q86YM7-2	Q86YM7;Q86YM7-2	HOME1_HUMAN	HOMER1	Homer protein homolog 1	121287
Q86YN1;Q86YN1-2	Q86YN1;Q86YN1-2	DOPP1_HUMAN	DOLPP1	Dolichyldiphosphatase 1	16482
Q86YP4;Q86YP4-3	Q86YP4;Q86YP4-2;Q86YP4-3	P66A_HUMAN	GATAD2A	Transcriptional repressor p66-alpha	828254
Q86YP4;Q86YP4-3;Q8WXI9	Q86YP4;Q86YP4-2;Q86YP4-3;Q8WXI9	P66A_HUMAN;P66B_HUMAN	GATAD2A;GATAD2B	Transcriptional repressor p66-alpha	284560
Q86YQ8	Q86YQ8	CPNE8_HUMAN	CPNE8	Copine-8	550101
Q86YR5;Q86YR5-4	Q86YR5;Q86YR5-3;Q86YR5-4	GPSM1_HUMAN	GPSM1	G-protein-signaling modulator 1	121529
Q86YS7;Q86YS7-2;Q86YS7-3;Q86YS7-4;Q86YS7-5	Q86YS7;Q86YS7-2;Q86YS7-3;Q86YS7-4;Q86YS7-5	C2CD5_HUMAN	C2CD5	C2 domain-containing protein 5	518740
Q86YT6	Q86YT6	MIB1_HUMAN	MIB1	E3 ubiquitin-protein ligase MIB1	245028
Q86YV5	Q86YV5	PRAG1_HUMAN	PRAG1	Inactive tyrosine-protein kinase PRAG1	72420
Q86YV9	Q86YV9	HPS6_HUMAN	HPS6	Hermansky-Pudlak syndrome 6 protein	234949
Q86YW9;Q86YW9-4	Q86YW9;Q86YW9-4	MD12L_HUMAN	MED12L	Mediator of RNA polymerase II transcription subunit 12-like protein	85421
Q86YW9;Q86YW9-4;Q93074;Q93074-2;Q93074-3	Q86YW9;Q86YW9-4;Q93074;Q93074-2;Q93074-3	MD12L_HUMAN;MED12_HUMAN	MED12;MED12L	Mediator of RNA polymerase II transcription subunit 12-like protein	2820
Q8IU81	Q8IU81	I2BP1_HUMAN	IRF2BP1	Interferon regulatory factor 2-binding protein 1	418489
Q8IU85;Q8IU85-2	Q8IU85;Q8IU85-2	KCC1D_HUMAN	CAMK1D	Calcium/calmodulin-dependent protein kinase type 1D	100629
Q8IUC4	Q8IUC4;Q8IUC4-2	RHPN2_HUMAN	RHPN2	Rhophilin-2	289109
Q8IUC8	Q8IUC8;Q8IUC8-3	GLT13_HUMAN	GALNT13	Polypeptide N-acetylgalactosaminyltransferase 13	156889
Q8IUD2	Q8IUD2;Q8IUD2-2;Q8IUD2-3;Q8IUD2-4;Q8IUD2-5	RB6I2_HUMAN	ERC1	ELKS/Rab6-interacting/CAST family member 1	1.35302e+06
Q8IUE6	P0C0S8;Q99878;Q16777;Q93077;Q9BTM1;Q9BTM1-2;Q8IUE6;Q96QV6;Q6FI13;Q96KK5	H2A2B_HUMAN	HIST2H2AB	Histone H2A type 2-B	3.11742e+06
Q8IUF1;Q9BRT8;Q9BRT8-3	Q8IUF1;Q9BRT8;Q9BRT8-2;Q9BRT8-3;Q9BRT8-4	CBWD1_HUMAN;CBWD2_HUMAN	CBWD1;CBWD2	COBW domain-containing protein 2	93544
Q8IUF8	Q8IUF8;Q8IUF8-3;Q8IUF8-4	RIOX2_HUMAN	RIOX2	Ribosomal oxygenase 2	272153
Q8IUH3;Q8IUH3-3	Q8IUH3;Q8IUH3-2;Q8IUH3-3	RBM45_HUMAN	RBM45	RNA-binding protein 45	79801
Q8IUH4	Q8IUH4;Q8IUH4-2;Q8IUH4-3	ZDH13_HUMAN	ZDHHC13	Palmitoyltransferase ZDHHC13	880787
Q8IUI8	Q8IUI8;Q8IUI8-2	CRLF3_HUMAN	CRLF3	Cytokine receptor-like factor 3	282927
Q8IUQ0;Q8IUQ0-2	Q8IUQ0;Q8IUQ0-2	CLVS1_HUMAN	CLVS1	Clavesin-1	260077
Q8IUR0	Q8IUR0	TPPC5_HUMAN	TRAPPC5	Trafficking protein particle complex subunit 5	35197
Q8IUR7;Q8IUR7-2;Q8IUR7-3;Q8IUR7-7	Q8IUR7;Q8IUR7-2;Q8IUR7-3;Q8IUR7-6;Q8IUR7-7;Q8IUR7-8	ARMC8_HUMAN	ARMC8	Armadillo repeat-containing protein 8	565670
Q8IUW5	Q8IUW5	RELL1_HUMAN	RELL1	RELT-like protein 1	35145
Q8IUX1;Q8IUX1-4	Q8IUX1;Q8IUX1-2;Q8IUX1-3;Q8IUX1-4;Q8IUX1-5	T126B_HUMAN	TMEM126B	Complex I assembly factor TMEM126B, mitochondrial	102417
Q8IV08	Q8IV08	PLD3_HUMAN	PLD3	5'-3' exonuclease PLD3	80358
Q8IV32	Q8IV32	CCD71_HUMAN	CCDC71	Coiled-coil domain-containing protein 71	1.02379e+06
Q8IV33;Q8IV33-2;Q8IV33-3	Q8IV33;Q8IV33-2;Q8IV33-3	K0825_HUMAN	KIAA0825	Uncharacterized protein KIAA0825	10771
Q8IV36;Q8IV36-2;Q8IV36-3	Q8IV36;Q8IV36-2;Q8IV36-3	HID1_HUMAN	HID1	Protein HID1	283193
Q8IV38	Q8IV38	ANKY2_HUMAN	ANKMY2	Ankyrin repeat and MYND domain-containing protein 2	100793
Q8IV48	Q8IV48	ERI1_HUMAN	ERI1	3'-5' exoribonuclease 1	389798
Q8IV50	Q8IV50;Q8IV50-2	LYSM2_HUMAN	LYSMD2	LysM and putative peptidoglycan-binding domain-containing protein 2	225861
Q8IV63;Q8IV63-2;Q8IV63-3	Q8IV63;Q8IV63-2;Q8IV63-3	VRK3_HUMAN	VRK3	Inactive serine/threonine-protein kinase VRK3	53262
Q8IVB5	Q8IVB5	LIX1L_HUMAN	LIX1L	LIX1-like protein	36061
Q8IVD9	Q8IVD9	NUDC3_HUMAN	NUDCD3	NudC domain-containing protein 3	390659
Q8IVF2;Q8IVF2-3	Q8IVF2;Q8IVF2-2;Q8IVF2-3	AHNK2_HUMAN	AHNAK2	Protein AHNAK2	1.96716e+06
Q8IVG5	Q8IVG5	SAM9L_HUMAN	SAMD9L	Sterile alpha motif domain-containing protein 9-like	24268
Q8IVH4	Q8IVH4	MMAA_HUMAN	MMAA	Methylmalonic aciduria type A protein, mitochondrial	47751
Q8IVH8;Q8IVH8-2;Q8IVH8-3	Q8IVH8;Q8IVH8-2;Q8IVH8-3	M4K3_HUMAN	MAP4K3	Mitogen-activated protein kinase kinase kinase kinase 3	247167
Q8IVL1;Q8IVL1-10;Q8IVL1-11;Q8IVL1-12;Q8IVL1-13;Q8IVL1-2;Q8IVL1-3;Q8IVL1-4;Q8IVL1-5;Q8IVL1-8;Q8IVL1-9	Q8IVL1;Q8IVL1-2;Q8IVL1-3;Q8IVL1-4;Q8IVL1-5;Q8IVL1-8;Q8IVL1-9;Q8IVL1-10;Q8IVL1-11;Q8IVL1-12;Q8IVL1-13	NAV2_HUMAN	NAV2	Neuron navigator 2	24975
Q8IVM0	Q8IVM0;Q8IVM0-2	CCD50_HUMAN	CCDC50	Coiled-coil domain-containing protein 50	486867
Q8IVS2	Q8IVS2;Q8IVS2-2	FABD_HUMAN	MCAT	Malonyl-CoA-acyl carrier protein transacylase, mitochondrial	325601
Q8IVT2	Q8IVT2	MISP_HUMAN	MISP	Mitotic interactor and substrate of PLK1	2.90339e+06
Q8IVT5;Q8IVT5-2	Q8IVT5;Q8IVT5-2;Q8IVT5-3;Q8IVT5-4	KSR1_HUMAN	KSR1	Kinase suppressor of Ras 1	16528
Q8IVV7	Q8IVV7	GID4_HUMAN	GID4	Glucose-induced degradation protein 4 homolog	15482
Q8IVW4;Q8IVW4-2	Q8IVW4;Q8IVW4-2	CDKL3_HUMAN	CDKL3	Cyclin-dependent kinase-like 3	23590
Q8IW35;Q8IW35-2	Q8IW35;Q8IW35-2	CEP97_HUMAN	CEP97	Centrosomal protein of 97 kDa	899017
Q8IW45	Q8IW45;Q8IW45-3;Q8IW45-4	NNRD_HUMAN	NAXD	ATP-dependent (S)-NAD(P)H-hydrate dehydratase	360046
Q8IWA0	Q8IWA0	WDR75_HUMAN	WDR75	WD repeat-containing protein 75	1.05899e+06
Q8IWA4	Q8IWA4;Q8IWA4-2;Q8IWA4-3	MFN1_HUMAN	MFN1	Mitofusin-1	256659
Q8IWA5;Q8IWA5-2;Q8IWA5-3	Q8IWA5;Q8IWA5-2;Q8IWA5-3	CTL2_HUMAN	SLC44A2	Choline transporter-like protein 2	308910
Q8IWB1	Q8IWB1	IPRI_HUMAN	ITPRIP	Inositol 1,4,5-trisphosphate receptor-interacting protein	77618
Q8IWB7	Q8IWB7	WDFY1_HUMAN	WDFY1	WD repeat and FYVE domain-containing protein 1	279636
Q8IWB9;Q8IWB9-2	Q8IWB9;Q8IWB9-2	TEX2_HUMAN	TEX2	Testis-expressed protein 2	63055
Q8IWC1;Q8IWC1-2;Q8IWC1-3;Q8IWC1-4	Q8IWC1;Q8IWC1-2;Q8IWC1-3;Q8IWC1-4	MA7D3_HUMAN	MAP7D3	MAP7 domain-containing protein 3	421215
Q8IWD4	Q8IWD4;Q8IWD4-2;Q8IWD4-3;Q8IWD4-4	CC117_HUMAN	CCDC117	Coiled-coil domain-containing protein 117	128933
Q8IWE2	Q8IWE2;Q8IWE2-2	NXP20_HUMAN	FAM114A1	Protein NOXP20	325173
Q8IWE5	Q8IWE5	PKHM2_HUMAN	PLEKHM2	Pleckstrin homology domain-containing family M member 2	9084
Q8IWF6	Q8IWF6	DEN6A_HUMAN	DENND6A	Protein DENND6A	892101
Q8IWI9;Q8IWI9-3	Q8IWI9;Q8IWI9-3	MGAP_HUMAN	MGA	MAX gene-associated protein	294380
Q8IWJ2	Q8IWJ2	GCC2_HUMAN	GCC2	GRIP and coiled-coil domain-containing protein 2	2.50373e+06
Q8IWK6;Q8IWK6-3	Q8IWK6;Q8IWK6-3	AGRA3_HUMAN	ADGRA3	Adhesion G protein-coupled receptor A3	107257
Q8IWL3	Q8IWL3	HSC20_HUMAN	HSCB	Iron-sulfur cluster co-chaperone protein HscB	232158
Q8IWQ3;Q8IWQ3-2;Q8IWQ3-3;Q8IWQ3-4;Q8IWQ3-5;Q8IWQ3-6	Q8IWQ3;Q8IWQ3-2;Q8IWQ3-3;Q8IWQ3-4;Q8IWQ3-5;Q8IWQ3-6	BRSK2_HUMAN	BRSK2	Serine/threonine-protein kinase BRSK2	313615
Q8IWR0	Q8IWR0	Z3H7A_HUMAN	ZC3H7A	Zinc finger CCCH domain-containing protein 7A	555184
Q8IWS0;Q8IWS0-5	Q8IWS0;Q8IWS0-3;Q8IWS0-5	PHF6_HUMAN	PHF6	PHD finger protein 6	653414
Q8IWT0;Q8IWT0-2	Q8IWT0;Q8IWT0-2	ARCH_HUMAN	ZBTB8OS	Protein archease	49572
Q8IWT3;Q8IWT3-3	Q8IWT3;Q8IWT3-3	CUL9_HUMAN	CUL9	Cullin-9	746434
Q8IWT6	Q8IWT6	LRC8A_HUMAN	LRRC8A	Volume-regulated anion channel subunit LRRC8A	602412
Q8IWU2	Q8IWU2	LMTK2_HUMAN	LMTK2	Serine/threonine-protein kinase LMTK2	150445
Q8IWV7	Q8IWV7;Q8IWV7-2	UBR1_HUMAN	UBR1	E3 ubiquitin-protein ligase UBR1	1.1983e+06
Q8IWV8	Q8IWV8;Q8IWV8-2;Q8IWV8-4	UBR2_HUMAN	UBR2	E3 ubiquitin-protein ligase UBR2	280305
Q8IWW6;Q8IWW6-2;Q8IWW6-3;Q8IWW6-4	Q8IWW6;Q8IWW6-2;Q8IWW6-3;Q8IWW6-4	RHG12_HUMAN	ARHGAP12	Rho GTPase-activating protein 12	247425
Q8IWX8	Q8IWX8	CHERP_HUMAN	CHERP	Calcium homeostasis endoplasmic reticulum protein	927408
Q8IWY8;Q8IWY8-2	Q8IWY8;Q8IWY8-2	ZSC29_HUMAN	ZSCAN29	Zinc finger and SCAN domain-containing protein 29	49677
Q8IWY9;Q8IWY9-1	Q8IWY9;Q8IWY9-1	CDAN1_HUMAN	CDAN1	Codanin-1	23203
Q8IWZ3;Q8IWZ3-4;Q8IWZ3-6	Q8IWZ3;Q8IWZ3-4;Q8IWZ3-6	ANKH1_HUMAN	ANKHD1	Ankyrin repeat and KH domain-containing protein 1	2.1609e+06
Q8IWZ8	Q8IWZ8	SUGP1_HUMAN	SUGP1	SURP and G-patch domain-containing protein 1	489550
Q8IX01;Q8IX01-4	Q8IX01;Q8IX01-3;Q8IX01-4	SUGP2_HUMAN	SUGP2	SURP and G-patch domain-containing protein 2	718792
Q8IX03;Q8IX03-2	Q8IX03;Q8IX03-2	KIBRA_HUMAN	WWC1	Protein KIBRA	271018
Q8IX04;Q8IX04-6	Q8IX04;Q8IX04-2;Q8IX04-3;Q8IX04-4;Q8IX04-6;Q8IX04-7	UEVLD_HUMAN	UEVLD	Ubiquitin-conjugating enzyme E2 variant 3	119494
Q8IX12;Q8IX12-2	Q8IX12;Q8IX12-2	CCAR1_HUMAN	CCAR1	Cell division cycle and apoptosis regulator protein 1	4.3972e+06
Q8IX15;Q8IX15-3	Q8IX15;Q8IX15-3	HOMEZ_HUMAN	HOMEZ	Homeobox and leucine zipper protein Homez	47541
Q8IX18;Q8IX18-3	Q8IX18;Q8IX18-2;Q8IX18-3	DHX40_HUMAN	DHX40	Probable ATP-dependent RNA helicase DHX40	264514
Q8IX90	Q8IX90	SKA3_HUMAN	SKA3	Spindle and kinetochore-associated protein 3	412494
Q8IXB1	Q8IXB1;Q8IXB1-2;Q8IXB1-3	DJC10_HUMAN	DNAJC10	DnaJ homolog subfamily C member 10	430153
Q8IXH7;Q8IXH7-4	Q8IXH7;Q8IXH7-4	NELFD_HUMAN	NELFCD	Negative elongation factor C/D	812248
Q8IXI1	Q8IXI1	MIRO2_HUMAN	RHOT2	Mitochondrial Rho GTPase 2	780152
Q8IXI1;Q8IXI2;Q8IXI2-2;Q8IXI2-3;Q8IXI2-4;Q8IXI2-5;Q8IXI2-7	Q8IXI1;Q8IXI1-2;Q8IXI2;Q8IXI2-2;Q8IXI2-3;Q8IXI2-4;Q8IXI2-5;Q8IXI2-6;Q8IXI2-7	MIRO1_HUMAN;MIRO2_HUMAN	RHOT1;RHOT2	Mitochondrial Rho GTPase 2	108440
Q8IXI2;Q8IXI2-2;Q8IXI2-3;Q8IXI2-4;Q8IXI2-5;Q8IXI2-7	Q8IXI2;Q8IXI2-2;Q8IXI2-3;Q8IXI2-4;Q8IXI2-5;Q8IXI2-7	MIRO1_HUMAN	RHOT1	Mitochondrial Rho GTPase 1	589683
Q8IXJ6;Q8IXJ6-2;Q8IXJ6-3;Q8IXJ6-4;Q8IXJ6-5	Q8IXJ6;Q8IXJ6-2;Q8IXJ6-3;Q8IXJ6-4;Q8IXJ6-5	SIR2_HUMAN	SIRT2	NAD-dependent protein deacetylase sirtuin-2	19426
Q8IXK0;Q8IXK0-2;Q8IXK0-4;Q8IXK0-5	Q8IXK0;Q8IXK0-2;Q8IXK0-3;Q8IXK0-4;Q8IXK0-5	PHC2_HUMAN	PHC2	Polyhomeotic-like protein 2	162503
Q8IXM2;Q8IXM2-3	Q8IXM2;Q8IXM2-3	BAP18_HUMAN	BAP18	Chromatin complexes subunit BAP18	815548
Q8IXM3	Q8IXM3	RM41_HUMAN	MRPL41	39S ribosomal protein L41, mitochondrial	710216
Q8IXM6	Q8IXM6;Q8IXM6-2	NRM_HUMAN	NRM	Nurim	309356
Q8IXQ3	Q8IXQ3	CI040_HUMAN	C9orf40	Uncharacterized protein C9orf40	118851
Q8IXQ4	Q8IXQ4;Q8IXQ4-4	GPAM1_HUMAN	GPALPP1	GPALPP motifs-containing protein 1	127277
Q8IXQ5;Q8IXQ5-2;Q8IXQ5-5	Q8IXQ5;Q8IXQ5-2;Q8IXQ5-5	KLHL7_HUMAN	KLHL7	Kelch-like protein 7	369862
Q8IXQ6;Q8IXQ6-2;Q8IXQ6-3	Q8IXQ6;Q8IXQ6-2;Q8IXQ6-3	PARP9_HUMAN	PARP9	Protein mono-ADP-ribosyltransferase PARP9	80236
Q8IXR9;Q8IXR9-2	Q8IXR9;Q8IXR9-2	CL056_HUMAN	C12orf56	Uncharacterized protein C12orf56	81388
Q8IXS2;Q8IXS2-2	Q8IXS2;Q8IXS2-2	DRC2_HUMAN	CCDC65	Dynein regulatory complex subunit 2	198098
Q8IXT5	Q8IXT5	RB12B_HUMAN	RBM12B	RNA-binding protein 12B	1.88215e+06
Q8IXU6;Q8IXU6-3	Q8IXU6;Q8IXU6-3	S35F2_HUMAN	SLC35F2	Solute carrier family 35 member F2	117335
Q8IXW5;Q8IXW5-2	Q8IXW5;Q8IXW5-2	RPAP2_HUMAN	RPAP2	Putative RNA polymerase II subunit B1 CTD phosphatase RPAP2	1.9433e+06
Q8IXZ2	Q8IXZ2	ZC3H3_HUMAN	ZC3H3	Zinc finger CCCH domain-containing protein 3	208116
Q8IY17;Q8IY17-2;Q8IY17-3;Q8IY17-5	Q8IY17;Q8IY17-2;Q8IY17-3;Q8IY17-5	PLPL6_HUMAN	PNPLA6	Neuropathy target esterase	330912
Q8IY18	Q8IY18	SMC5_HUMAN	SMC5	Structural maintenance of chromosomes protein 5	536008
Q8IY21	Q8IY21	DDX60_HUMAN	DDX60	Probable ATP-dependent RNA helicase DDX60	119973
Q8IY22	Q8IY22;Q8IY22-2;Q8IY22-3	CMIP_HUMAN	CMIP	C-Maf-inducing protein	227023
Q8IY26	Q8IY26	PLPP6_HUMAN	PLPP6	Phospholipid phosphatase 6	44588
Q8IY31;Q8IY31-2;Q8IY31-4	Q8IY31;Q8IY31-2;Q8IY31-3;Q8IY31-4	IFT20_HUMAN	IFT20	Intraflagellar transport protein 20 homolog	68912
Q8IY37	Q8IY37	DHX37_HUMAN	DHX37	Probable ATP-dependent RNA helicase DHX37	809986
Q8IY47	Q8IY47	KBTB2_HUMAN	KBTBD2	Kelch repeat and BTB domain-containing protein 2	29786
Q8IY67;Q8IY67-2	Q8IY67;Q8IY67-2	RAVR1_HUMAN	RAVER1	Ribonucleoprotein PTB-binding 1	2.25141e+06
Q8IY81	Q8IY81	SPB1_HUMAN	FTSJ3	pre-rRNA 2'-O-ribose RNA methyltransferase FTSJ3	3.79361e+06
Q8IY95;Q8IY95-2	Q8IY95;Q8IY95-2	TM192_HUMAN	TMEM192	Transmembrane protein 192	275234
Q8IYA6	Q8IYA6;Q8IYA6-2;Q8IYA6-3	CKP2L_HUMAN	CKAP2L	Cytoskeleton-associated protein 2-like	232927
Q8IYB3;Q8IYB3-2	Q8IYB3;Q8IYB3-2	SRRM1_HUMAN	SRRM1	Serine/arginine repetitive matrix protein 1	1.3096e+06
Q8IYB5;Q8IYB5-2;Q8IYB5-3	Q8IYB5;Q8IYB5-2;Q8IYB5-3	SMAP1_HUMAN	SMAP1	Stromal membrane-associated protein 1	235115
Q8IYB5;Q8IYB5-2;Q8IYB5-3;Q8WU79	Q8WU79;Q8WU79-2;Q8IYB5;Q8IYB5-2;Q8IYB5-3	SMAP1_HUMAN;SMAP2_HUMAN	SMAP1;SMAP2	Stromal membrane-associated protein 1	52444
Q8IYB7	Q8IYB7;Q8IYB7-2;Q8IYB7-3	DI3L2_HUMAN	DIS3L2	DIS3-like exonuclease 2	403975
Q8IYB8	Q8IYB8	SUV3_HUMAN	SUPV3L1	ATP-dependent RNA helicase SUPV3L1, mitochondrial	2.593e+06
Q8IYD1	Q8IYD1	ERF3B_HUMAN	GSPT2	Eukaryotic peptide chain release factor GTP-binding subunit ERF3B	1.34053e+06
Q8IYD8;Q8IYD8-3	Q8IYD8;Q8IYD8-3	FANCM_HUMAN	FANCM	Fanconi anemia group M protein	339683
Q8IYI6	Q8IYI6	EXOC8_HUMAN	EXOC8	Exocyst complex component 8	719080
Q8IYL3	Q8IYL3	CA174_HUMAN	C1orf174	UPF0688 protein C1orf174	125775
Q8IYM9;Q8IYM9-2	Q8IYM9;Q8IYM9-2	TRI22_HUMAN	TRIM22	E3 ubiquitin-protein ligase TRIM22	75446
Q8IYQ7	Q8IYQ7	THNS1_HUMAN	THNSL1	Threonine synthase-like 1	218267
Q8IYR2	Q8IYR2	SMYD4_HUMAN	SMYD4	SET and MYND domain-containing protein 4	52661
Q8IYS1	Q8IYS1	P20D2_HUMAN	PM20D2	Peptidase M20 domain-containing protein 2	642187
Q8IYS2;Q8IYS2-2	Q8IYS2;Q8IYS2-2	K2013_HUMAN	KIAA2013	Uncharacterized protein KIAA2013	105159
Q8IYT4;Q8IYT4-2	Q8IYT4;Q8IYT4-2	KATL2_HUMAN	KATNAL2	Katanin p60 ATPase-containing subunit A-like 2	1.81287e+06
Q8IYU8	Q8IYU8	MICU2_HUMAN	MICU2	Calcium uptake protein 2, mitochondrial	288273
Q8IYW5	Q8IYW5	RN168_HUMAN	RNF168	E3 ubiquitin-protein ligase RNF168	74411
Q8IZ07	Q8IZ07	AN13A_HUMAN	ANKRD13A	Ankyrin repeat domain-containing protein 13A	33424
Q8IZ21;Q8IZ21-2;Q8IZ21-3	Q8IZ21;Q8IZ21-2;Q8IZ21-3	PHAR4_HUMAN	PHACTR4	Phosphatase and actin regulator 4	318834
Q8IZ52;Q8IZ52-2;Q8IZ52-4	Q8IZ52;Q8IZ52-2;Q8IZ52-4	CHSS2_HUMAN	CHPF	Chondroitin sulfate synthase 2	37098
Q8IZ69	Q8IZ69;Q8IZ69-2	TRM2A_HUMAN	TRMT2A	tRNA (uracil-5-)-methyltransferase homolog A	1.66933e+06
Q8IZ73	Q8IZ73;Q8IZ73-2	RUSD2_HUMAN	RPUSD2	RNA pseudouridylate synthase domain-containing protein 2	687255
Q8IZ81	Q8IZ81	ELMD2_HUMAN	ELMOD2	ELMO domain-containing protein 2	277990
Q8IZ83	Q8IZ83;Q8IZ83-3	A16A1_HUMAN	ALDH16A1	Aldehyde dehydrogenase family 16 member A1	926516
Q8IZA0;Q8IZA0-2	Q8IZA0;Q8IZA0-2	K319L_HUMAN	KIAA0319L	Dyslexia-associated protein KIAA0319-like protein	217523
Q8IZD2;Q8IZD2-2;Q8IZD2-5;Q8IZD2-7	Q8IZD2;Q8IZD2-2;Q8IZD2-5;Q8IZD2-7	KMT2E_HUMAN	KMT2E	Inactive histone-lysine N-methyltransferase 2E	304711
Q8IZD2;Q8IZD2-2;Q8IZD2-5;Q8IZD2-7;Q9C0A6;Q9C0A6-2;Q9C0A6-3	Q8IZD2;Q8IZD2-2;Q8IZD2-3;Q8IZD2-4;Q8IZD2-5;Q8IZD2-6;Q8IZD2-7;Q8IZD2-8;Q9C0A6;Q9C0A6-2;Q9C0A6-3	KMT2E_HUMAN;SETD5_HUMAN	KMT2E;SETD5	Inactive histone-lysine N-methyltransferase 2E	172747
Q8IZD4;Q8IZD4-2	Q8IZD4;Q8IZD4-2	DCP1B_HUMAN	DCP1B	mRNA-decapping enzyme 1B	42213
Q8IZE3;Q8IZE3-2	Q8IZE3;Q8IZE3-2	PACE1_HUMAN	SCYL3	Protein-associating with the carboxyl-terminal domain of ezrin	52448
Q8IZH2;Q8IZH2-2	Q8IZH2;Q8IZH2-2	XRN1_HUMAN	XRN1	5'-3' exoribonuclease 1	1.29562e+06
Q8IZJ1;Q8IZJ1-2	Q8IZJ1;Q8IZJ1-2	UNC5B_HUMAN	UNC5B	Netrin receptor UNC5B	163015
Q8IZK6;Q8IZK6-2	Q8IZK6;Q8IZK6-2	MCLN2_HUMAN	MCOLN2	Mucolipin-2	2.23147e+06
Q8IZL8	Q8IZL8	PELP1_HUMAN	PELP1	Proline-, glutamic acid- and leucine-rich protein 1	2.16007e+06
Q8IZP0;Q8IZP0-10;Q8IZP0-2;Q8IZP0-3;Q8IZP0-4;Q8IZP0-5;Q8IZP0-6;Q8IZP0-7;Q8IZP0-8;Q8IZP0-9	Q8IZP0;Q8IZP0-2;Q8IZP0-3;Q8IZP0-4;Q8IZP0-5;Q8IZP0-6;Q8IZP0-7;Q8IZP0-8;Q8IZP0-9;Q8IZP0-10;Q8IZP0-11;Q8IZP0-12	ABI1_HUMAN	ABI1	Abl interactor 1	515205
Q8IZP0;Q8IZP0-10;Q8IZP0-2;Q8IZP0-3;Q8IZP0-4;Q8IZP0-5;Q8IZP0-6;Q8IZP0-7;Q8IZP0-8;Q8IZP0-9;Q9NYB9;Q9NYB9-2;Q9NYB9-4	Q8IZP0;Q8IZP0-2;Q8IZP0-3;Q8IZP0-4;Q8IZP0-5;Q8IZP0-6;Q8IZP0-7;Q8IZP0-8;Q8IZP0-9;Q8IZP0-10;Q8IZP0-11;Q8IZP0-12;Q9NYB9;Q9NYB9-2;Q9NYB9-3;Q9NYB9-4	ABI1_HUMAN;ABI2_HUMAN	ABI1;ABI2	Abl interactor 1	206742
Q8IZQ1;Q8IZQ1-2	Q8IZQ1;Q8IZQ1-2	WDFY3_HUMAN	WDFY3	WD repeat and FYVE domain-containing protein 3	136115
Q8IZQ5	Q8IZQ5	SELH_HUMAN	SELENOH	Selenoprotein H	335583
Q8IZT6	Q8IZT6	ASPM_HUMAN	ASPM	Abnormal spindle-like microcephaly-associated protein	2.41188e+06
Q8IZU2;Q8IZU2-2	Q8IZU2;Q8IZU2-2	WDR17_HUMAN	WDR17	WD repeat-containing protein 17	95767
Q8IZV5	Q8IZV5	RDH10_HUMAN	RDH10	Retinol dehydrogenase 10	27574
Q8IZW8	Q8IZW8	TENS4_HUMAN	TNS4	Tensin-4	199167
Q8N0S6;Q8N0S6-2	Q8N0S6;Q8N0S6-2;Q8N0S6-3	CENPL_HUMAN	CENPL	Centromere protein L	45941
Q8N0T1;Q8N0T1-2	Q8N0T1;Q8N0T1-2	RBIS_HUMAN	RBIS	Ribosomal biogenesis factor	16021
Q8N0U4	Q8N0U4;Q8N0U4-3	F185A_HUMAN	FAM185A	Protein FAM185A	35242
Q8N0U8	Q8N0U8	VKORL_HUMAN	VKORC1L1	Vitamin K epoxide reductase complex subunit 1-like protein 1	227727
Q8N0W3;Q8N0W3-2	Q8N0W3;Q8N0W3-2	FCSK_HUMAN	FCSK	L-fucose kinase	122459
Q8N0X4	Q8N0X4;Q8N0X4-2	CLYBL_HUMAN	CLYBL	Citramalyl-CoA lyase, mitochondrial	195635
Q8N0X7	Q8N0X7	SPART_HUMAN	SPART	Spartin	591487
Q8N0Z3	Q8N0Z3	SPICE_HUMAN	SPICE1	Spindle and centriole-associated protein 1	137692
Q8N0Z6	Q8N0Z6	TTC5_HUMAN	TTC5	Tetratricopeptide repeat protein 5	300563
Q8N108;Q8N108-12;Q8N108-13;Q8N108-17	Q8N108;Q8N108-12;Q8N108-13;Q8N108-14;Q8N108-15;Q8N108-16;Q8N108-17;Q8N108-18;Q8N108-19	MIER1_HUMAN	MIER1	Mesoderm induction early response protein 1	244780
Q8N122	Q8N122;Q8N122-3	RPTOR_HUMAN	RPTOR	Regulatory-associated protein of mTOR	719869
Q8N128;Q8N128-2	Q8N128;Q8N128-2	F177A_HUMAN	FAM177A1	Protein FAM177A1	23571
Q8N129	Q8N129	CNPY4_HUMAN	CNPY4	Protein canopy homolog 4	173785
Q8N131;Q8N131-2	Q8N131;Q8N131-2	PORIM_HUMAN	TMEM123	Porimin	53498
Q8N137;Q8N137-2;Q8N137-3;Q8N137-4;Q8N137-5	Q8N137;Q8N137-2;Q8N137-3;Q8N137-4;Q8N137-5	CNTRB_HUMAN	CNTROB	Centrobin	568456
Q8N141	Q8N141	ZFP82_HUMAN	ZFP82	Zinc finger protein 82 homolog	1.02414e+06
Q8N142	Q8N142;Q8N142-2	PURA1_HUMAN	ADSS1	Adenylosuccinate synthetase isozyme 1	131040
Q8N157;Q8N157-2;Q8N157-3	Q8N157;Q8N157-2;Q8N157-3	AHI1_HUMAN	AHI1	Jouberin	225548
Q8N163;Q8N163-2	Q8N163;Q8N163-2	CCAR2_HUMAN	CCAR2	Cell cycle and apoptosis regulator protein 2	4.60419e+06
Q8N183	Q8N183	NDUF2_HUMAN	NDUFAF2	NADH dehydrogenase [ubiquinone] 1 alpha subcomplex assembly factor 2	1.64113e+06
Q8N1B4;Q8N1B4-2	Q8N1B4;Q8N1B4-2	VPS52_HUMAN	VPS52	Vacuolar protein sorting-associated protein 52 homolog	432016
Q8N1F7	Q8N1F7;Q8N1F7-2	NUP93_HUMAN	NUP93	Nuclear pore complex protein Nup93	5.73179e+06
Q8N1F8	Q8N1F8	S11IP_HUMAN	STK11IP	Serine/threonine-protein kinase 11-interacting protein	72596
Q8N1G0	Q8N1G0;Q8N1G0-2	ZN687_HUMAN	ZNF687	Zinc finger protein 687	140155
Q8N1G2	Q8N1G2	CMTR1_HUMAN	CMTR1	Cap-specific mRNA (nucleoside-2'-O-)-methyltransferase 1	1.02672e+06
Q8N1G4	Q8N1G4	LRC47_HUMAN	LRRC47	Leucine-rich repeat-containing protein 47	2.47845e+06
Q8N1I0;Q8N1I0-2;Q8N1I0-3	Q8N1I0;Q8N1I0-2;Q8N1I0-3	DOCK4_HUMAN	DOCK4	Dedicator of cytokinesis protein 4	170288
Q8N1S5;Q8N1S5-2	Q8N1S5;Q8N1S5-2	S39AB_HUMAN	SLC39A11	Zinc transporter ZIP11	45400
Q8N1W2	Q8N1W2	ZN710_HUMAN	ZNF710	Zinc finger protein 710	18078
Q8N201	Q8N201	INT1_HUMAN	INTS1	Integrator complex subunit 1	1.75848e+06
Q8N2F6;Q8N2F6-3	Q8N2F6;Q8N2F6-2;Q8N2F6-3;Q8N2F6-4;Q8N2F6-5;Q8N2F6-6	ARM10_HUMAN	ARMC10	Armadillo repeat-containing protein 10	360228
Q8N2G8;Q8N2G8-3	Q8N2G8;Q8N2G8-2;Q8N2G8-3	GHDC_HUMAN	GHDC	GH3 domain-containing protein	491956
Q8N2K0;Q8N2K0-2	Q8N2K0;Q8N2K0-2;Q8N2K0-3	ABD12_HUMAN	ABHD12	Lysophosphatidylserine lipase ABHD12	463880
Q8N2M8	Q8N2M8;Q8N2M8-3;Q8N2M8-4	CLASR_HUMAN	CLASRP	CLK4-associating serine/arginine rich protein	160956
Q8N2U0	Q8N2U0	TM256_HUMAN	TMEM256	Transmembrane protein 256	11204
Q8N2W9	Q8N2W9	PIAS4_HUMAN	PIAS4	E3 SUMO-protein ligase PIAS4	14161
Q8N302	Q8N302	AGGF1_HUMAN	AGGF1	Angiogenic factor with G patch and FHA domains 1	44334
Q8N335	Q8N335	GPD1L_HUMAN	GPD1L	Glycerol-3-phosphate dehydrogenase 1-like protein	1.11877e+06
Q8N344	Q8N344	MIER2_HUMAN	MIER2	Mesoderm induction early response protein 2	40421
Q8N357	Q8N357	S35F6_HUMAN	SLC35F6	Solute carrier family 35 member F6	327087
Q8N371;Q8N371-3	Q8N371;Q8N371-2;Q8N371-3	KDM8_HUMAN	KDM8	Bifunctional peptidase and arginyl-hydroxylase JMJD5	169584
Q8N392	Q8N392	RHG18_HUMAN	ARHGAP18	Rho GTPase-activating protein 18	968413
Q8N3C0	Q8N3C0	ASCC3_HUMAN	ASCC3	Activating signal cointegrator 1 complex subunit 3	2.45921e+06
Q8N3C7;Q8N3C7-2;Q8N3C7-3;Q8N3C7-4	Q8N3C7;Q8N3C7-2;Q8N3C7-3;Q8N3C7-4	CLIP4_HUMAN	CLIP4	CAP-Gly domain-containing linker protein 4	48644
Q8N3D4	Q8N3D4	EH1L1_HUMAN	EHBP1L1	EH domain-binding protein 1-like protein 1	838333
Q8N3E9	Q8N3E9	PLCD3_HUMAN	PLCD3	1-phosphatidylinositol 4,5-bisphosphate phosphodiesterase delta-3	582386
Q8N3F8	Q8N3F8	MILK1_HUMAN	MICALL1	MICAL-like protein 1	306460
Q8N3L3	Q8N3L3	TXLNB_HUMAN	TXLNB	Beta-taxilin	52175
Q8N3P4;Q8N3P4-2;Q8N3P4-3	Q8N3P4;Q8N3P4-2;Q8N3P4-3	VPS8_HUMAN	VPS8	Vacuolar protein sorting-associated protein 8 homolog	53876
Q8N3R9;Q8N3R9-2	Q8N3R9;Q8N3R9-2	MPP5_HUMAN	MPP5	MAGUK p55 subfamily member 5	196692
Q8N3U4;Q8N3U4-2	Q8N3U4;Q8N3U4-2	STAG2_HUMAN	STAG2	Cohesin subunit SA-2	1.509e+06
Q8N3U4;Q8N3U4-2;Q8WVM7;Q8WVM7-2	Q8WVM7;Q8WVM7-2;Q8N3U4;Q8N3U4-2	STAG1_HUMAN;STAG2_HUMAN	STAG1;STAG2	Cohesin subunit SA-2	658870
Q8N3V7	Q8N3V7;Q8N3V7-2;Q8N3V7-3	SYNPO_HUMAN	SYNPO	Synaptopodin	777753
Q8N3X1;Q8N3X1-2	Q8N3X1;Q8N3X1-2	FNBP4_HUMAN	FNBP4	Formin-binding protein 4	1.04791e+06
Q8N3Y1;Q8N3Y1-2	Q8N3Y1;Q8N3Y1-2	FBXW8_HUMAN	FBXW8	F-box/WD repeat-containing protein 8	100110
Q8N442	Q8N442	GUF1_HUMAN	GUF1	Translation factor GUF1, mitochondrial	54427
Q8N443;Q8N443-2;Q8N443-3	Q8N443;Q8N443-2;Q8N443-3	RIBC1_HUMAN	RIBC1	RIB43A-like with coiled-coils protein 1	59913
Q8N488	Q8N488	RYBP_HUMAN	RYBP	RING1 and YY1-binding protein	52076
Q8N490	Q8N490;Q8N490-3;Q8N490-4	PNKD_HUMAN	PNKD	Probable hydrolase PNKD	90916
Q8N4A0	Q8N4A0	GALT4_HUMAN	GALNT4	Polypeptide N-acetylgalactosaminyltransferase 4	326499
Q8N4C6;Q8N4C6-11;Q8N4C6-5;Q8N4C6-7;Q8N4C6-9	Q8N4C6;Q8N4C6-2;Q8N4C6-10;Q8N4C6-4;Q8N4C6-5;Q8N4C6-6;Q8N4C6-7;Q8N4C6-9;Q8N4C6-11	NIN_HUMAN	NIN	Ninein	736549
Q8N4C6;Q8N4C6-11;Q8N4C6-5;Q8N4C6-7;Q8N4C6-9;Q9P2E9	Q9P2E9;Q9P2E9-3;Q8N4C6;Q8N4C6-2;Q8N4C6-10;Q8N4C6-4;Q8N4C6-5;Q8N4C6-6;Q8N4C6-7;Q8N4C6-9;Q8N4C6-11	NIN_HUMAN;RRBP1_HUMAN	NIN;RRBP1	Ninein	74012
Q8N4C8;Q8N4C8-2;Q8N4C8-3;Q8N4C8-4;Q8N4C8-5	Q8N4C8;Q8N4C8-2;Q8N4C8-3;Q8N4C8-4;Q8N4C8-5	MINK1_HUMAN	MINK1	Misshapen-like kinase 1	175000
Q8N4H5;Q8N4H5-2;Q8N4H5-3	Q8N4H5;Q8N4H5-2;Q8N4H5-3	TOM5_HUMAN	TOMM5	Mitochondrial import receptor subunit TOM5 homolog	211980
Q8N4J0	Q8N4J0	CARME_HUMAN	CARNMT1	Carnosine N-methyltransferase	123551
Q8N4L2	Q8N4L2	PP4P2_HUMAN	PIP4P2	Type 2 phosphatidylinositol 4,5-bisphosphate 4-phosphatase	89049
Q8N4P3;Q8N4P3-2	Q8N4P3;Q8N4P3-2	MESH1_HUMAN	HDDC3	Guanosine-3',5'-bis(diphosphate) 3'-pyrophosphohydrolase MESH1	84775
Q8N4Q0	Q8N4Q0;Q8N4Q0-2	PTGR3_HUMAN	ZADH2	Prostaglandin reductase 3	733994
Q8N4Q1;Q8N4Q1-2	Q8N4Q1;Q8N4Q1-2	MIA40_HUMAN	CHCHD4	Mitochondrial intermembrane space import and assembly protein 40	292780
Q8N4S0;Q8N4S0-2	Q8N4S0;Q8N4S0-2	CCD82_HUMAN	CCDC82	Coiled-coil domain-containing protein 82	103831
Q8N4S9;Q8N4S9-3	Q8N4S9;Q8N4S9-2;Q8N4S9-3	MALD2_HUMAN	MARVELD2	MARVEL domain-containing protein 2	34219
Q8N4T4;Q8N4T4-2;Q8N4T4-3;Q8N4T4-4	Q8N4T4;Q8N4T4-2;Q8N4T4-3;Q8N4T4-4	ARG39_HUMAN	ARHGEF39	Rho guanine nucleotide exchange factor 39	122295
Q8N4T8	Q8N4T8	CBR4_HUMAN	CBR4	Carbonyl reductase family member 4	317106
Q8N4V1;Q8N4V1-2	Q8N4V1;Q8N4V1-2	MMGT1_HUMAN	MMGT1	Membrane magnesium transporter 1	19638
Q8N531;Q8N531-2	Q8N531;Q8N531-2	FBXL6_HUMAN	FBXL6	F-box/LRR-repeat protein 6	139039
Q8N543	Q8N543;Q8N543-2	OGFD1_HUMAN	OGFOD1	Prolyl 3-hydroxylase OGFOD1	612371
Q8N556;Q8N556-2	Q8N556;Q8N556-2	AFAP1_HUMAN	AFAP1	Actin filament-associated protein 1	174717
Q8N567	Q8N567	ZCHC9_HUMAN	ZCCHC9	Zinc finger CCHC domain-containing protein 9	42801
Q8N573;Q8N573-2;Q8N573-5;Q8N573-8	Q8N573;Q8N573-2;Q8N573-3;Q8N573-5;Q8N573-8	OXR1_HUMAN	OXR1	Oxidation resistance protein 1	196436
Q8N573;Q8N573-2;Q8N573-5;Q8N573-8;Q8NI08;Q8NI08-2	Q8N573;Q8N573-2;Q8N573-5;Q8N573-6;Q8N573-8;Q8NI08;Q8NI08-2;Q8NI08-7	NCOA7_HUMAN;OXR1_HUMAN	NCOA7;OXR1	Oxidation resistance protein 1	106545
Q8N584;Q8N584-2	Q8N584;Q8N584-2	TT39C_HUMAN	TTC39C	Tetratricopeptide repeat protein 39C	181724
Q8N5A5;Q8N5A5-2;Q8N5A5-3	Q8N5A5;Q8N5A5-2;Q8N5A5-3;Q8N5A5-4	ZGPAT_HUMAN	ZGPAT	Zinc finger CCCH-type with G patch domain-containing protein	80035
Q8N5C6	Q8N5C6;Q8N5C6-2	SRBD1_HUMAN	SRBD1	S1 RNA-binding domain-containing protein 1	357681
Q8N5C7	Q8N5C7;Q8N5C7-2	DTWD1_HUMAN	DTWD1	DTW domain-containing protein 1	94131
Q8N5C8;Q8N5C8-2	Q8N5C8;Q8N5C8-2	TAB3_HUMAN	TAB3	TGF-beta-activated kinase 1 and MAP3K7-binding protein 3	122321
Q8N5D0;Q8N5D0-4	Q8N5D0;Q8N5D0-4	WDTC1_HUMAN	WDTC1	WD and tetratricopeptide repeats protein 1	159286
Q8N5F7	Q8N5F7	NKAP_HUMAN	NKAP	NF-kappa-B-activating protein	185208
Q8N5G0;Q8N5G0-2	Q8N5G0;Q8N5G0-2	SIM20_HUMAN	SMIM20	Small integral membrane protein 20	111117
Q8N5G2	Q8N5G2	MACOI_HUMAN	MACO1	Macoilin	56307
Q8N5I2	Q8N5I2	ARRD1_HUMAN	ARRDC1	Arrestin domain-containing protein 1	105525
Q8N5I4	Q8N5I4	DHRSX_HUMAN	DHRSX	Dehydrogenase/reductase SDR family member on chromosome X	57929
Q8N5I9	Q8N5I9	CL045_HUMAN	C12orf45	Uncharacterized protein C12orf45	54411
Q8N5K1	Q8N5K1	CISD2_HUMAN	CISD2	CDGSH iron-sulfur domain-containing protein 2	718315
Q8N5L8	Q8N5L8	RP25L_HUMAN	RPP25L	Ribonuclease P protein subunit p25-like protein	78901
Q8N5M1	Q8N5M1	ATPF2_HUMAN	ATPAF2	ATP synthase mitochondrial F1 complex assembly factor 2	350274
Q8N5M4	Q8N5M4	TTC9C_HUMAN	TTC9C	Tetratricopeptide repeat protein 9C	397154
Q8N5M9	Q8N5M9	JAGN1_HUMAN	JAGN1	Protein jagunal homolog 1	320626
Q8N5N7	Q8N5N7;Q8N5N7-2	RM50_HUMAN	MRPL50	39S ribosomal protein L50, mitochondrial	908106
Q8N5P1	Q8N5P1	ZC3H8_HUMAN	ZC3H8	Zinc finger CCCH domain-containing protein 8	34811
Q8N5S9;Q8N5S9-2	Q8N5S9;Q8N5S9-2	KKCC1_HUMAN	CAMKK1	Calcium/calmodulin-dependent protein kinase kinase 1	37596
Q8N5Y8;Q8N5Y8-3	Q8N5Y8;Q8N5Y8-2;Q8N5Y8-3	PAR16_HUMAN	PARP16	Protein mono-ADP-ribosyltransferase PARP16	102205
Q8N612;Q8N612-2	Q8N612;Q8N612-2	F16A2_HUMAN	FAM160A2	FTS and Hook-interacting protein	57878
Q8N668	Q8N668	COMD1_HUMAN	COMMD1	COMM domain-containing protein 1	68324
Q8N680	Q8N680	ZBTB2_HUMAN	ZBTB2	Zinc finger and BTB domain-containing protein 2	37469
Q8N684;Q8N684-2;Q8N684-3	Q8N684;Q8N684-2;Q8N684-3	CPSF7_HUMAN	CPSF7	Cleavage and polyadenylation specificity factor subunit 7	2.4596e+06
Q8N697	Q8N697	S15A4_HUMAN	SLC15A4	Solute carrier family 15 member 4	47251
Q8N6G5	Q8N6G5;Q8N6G5-2	CGAT2_HUMAN	CSGALNACT2	Chondroitin sulfate N-acetylgalactosaminyltransferase 2	27842
Q8N6H7	Q8N6H7;Q8N6H7-2;Q8N6H7-3	ARFG2_HUMAN	ARFGAP2	ADP-ribosylation factor GTPase-activating protein 2	2.56991e+06
Q8N6L1;Q8N6L1-2	Q8N6L1;Q8N6L1-2	KTAP2_HUMAN	KRTCAP2	Keratinocyte-associated protein 2	266260
Q8N6M0	Q8N6M0;Q8N6M0-2	OTU6B_HUMAN	OTUD6B	Deubiquitinase OTUD6B	490048
Q8N6M3	Q8N6M3	FITM2_HUMAN	FITM2	Fat storage-inducing transmembrane protein 2	110785
Q8N6N3;Q8N6N3-2	Q8N6N3;Q8N6N3-2	CA052_HUMAN	C1orf52	UPF0690 protein C1orf52	300991
Q8N6R0	Q8N6R0;Q8N6R0-4;Q8N6R0-3	EFNMT_HUMAN	EEF1AKNMT	eEF1A lysine and N-terminal methyltransferase	406345
Q8N6S5	Q8N6S5	AR6P6_HUMAN	ARL6IP6	ADP-ribosylation factor-like protein 6-interacting protein 6	32632
Q8N6T3	Q8N6T3;Q8N6T3-2;Q8N6T3-3;Q8N6T3-4;Q8N6T3-5	ARFG1_HUMAN	ARFGAP1	ADP-ribosylation factor GTPase-activating protein 1	1.22325e+06
Q8N6T7	Q8N6T7;Q8N6T7-2	SIR6_HUMAN	SIRT6	NAD-dependent protein deacetylase sirtuin-6	141704
Q8N766;Q8N766-2;Q8N766-3	Q8N766;Q8N766-2;Q8N766-3;Q8N766-4	EMC1_HUMAN	EMC1	ER membrane protein complex subunit 1	2.12893e+06
Q8N7H5;Q8N7H5-3	Q8N7H5;Q8N7H5-2;Q8N7H5-3	PAF1_HUMAN	PAF1	RNA polymerase II-associated factor 1 homolog	1.17479e+06
Q8N7R7;Q8N7R7-3	Q8N7R7;Q8N7R7-3	CCYL1_HUMAN	CCNYL1	Cyclin-Y-like protein 1	77645
Q8N806	Q8N806	UBR7_HUMAN	UBR7	Putative E3 ubiquitin-protein ligase UBR7	725431
Q8N884	Q8N884;Q8N884-2	CGAS_HUMAN	CGAS	Cyclic GMP-AMP synthase	257500
Q8N895	Q8N895	ZN366_HUMAN	ZNF366	Zinc finger protein 366	19932
Q8N8A2;Q8N8A2-2;Q8N8A2-4	Q8N8A2;Q8N8A2-2;Q8N8A2-4	ANR44_HUMAN	ANKRD44	Serine/threonine-protein phosphatase 6 regulatory ankyrin repeat subunit B	68829
Q8N8A6	Q8N8A6	DDX51_HUMAN	DDX51	ATP-dependent RNA helicase DDX51	388606
Q8N8E3	Q8N8E3	CE112_HUMAN	CEP112	Centrosomal protein of 112 kDa	1.54792e+06
Q8N8I0	Q8N8I0	SAM12_HUMAN	SAMD12	Sterile alpha motif domain-containing protein 12	40688
Q8N8J7	Q8N8J7	F241A_HUMAN	FAM241A	Uncharacterized protein FAM241A	13900
Q8N8N7	Q8N8N7	PTGR2_HUMAN	PTGR2	Prostaglandin reductase 2	294328
Q8N8Q9;Q8N8Q9-2	Q8N8Q9;Q8N8Q9-2	NIPA2_HUMAN	NIPA2	Magnesium transporter NIPA2	18303
Q8N8R5	Q8N8R5	CB069_HUMAN	C2orf69	UPF0565 protein C2orf69	117898
Q8N8S7;Q8N8S7-2;Q8N8S7-3	Q8N8S7;Q8N8S7-2;Q8N8S7-3	ENAH_HUMAN	ENAH	Protein enabled homolog	1.00604e+06
Q8N8Y2	Q8N8Y2	VA0D2_HUMAN	ATP6V0D2	V-type proton ATPase subunit d 2	29467
Q8N910	Q8N910	CO056_HUMAN	C15orf56	Putative uncharacterized protein C15orf56	158977
Q8N954	Q8N954;Q8N954-2	GPT11_HUMAN	GPATCH11	G patch domain-containing protein 11	98148
Q8N960;Q8N960-2	Q8N960;Q8N960-2	CE120_HUMAN	CEP120	Centrosomal protein of 120 kDa	112018
Q8N983;Q8N983-2	Q8N983;Q8N983-2;Q8N983-3;Q8N983-4;Q8N983-6;Q8N983-7	RM43_HUMAN	MRPL43	39S ribosomal protein L43, mitochondrial	531201
Q8N999	Q8N999;Q8N999-3	CL029_HUMAN	C12orf29	Uncharacterized protein C12orf29	639110
Q8N9A8;Q8N9A8-2	Q8N9A8;Q8N9A8-2	NEPR1_HUMAN	CNEP1R1	Nuclear envelope phosphatase-regulatory subunit 1	13202
Q8N9B5;Q8N9B5-2	Q8N9B5;Q8N9B5-2	JMY_HUMAN	JMY	Junction-mediating and -regulatory protein	132679
Q8N9E0	Q8N9E0	F133A_HUMAN	FAM133A	Protein FAM133A	144252
Q8N9F7;Q8N9F7-2	Q8N9F7;Q8N9F7-2;Q8N9F7-3	GDPD1_HUMAN	GDPD1	Lysophospholipase D GDPD1	186669
Q8N9M1;Q8N9M1-2	Q8N9M1;Q8N9M1-2;Q8N9M1-3	CS047_HUMAN	C19orf47	Uncharacterized protein C19orf47	225126
Q8N9M5	Q8N9M5	TM102_HUMAN	TMEM102	Transmembrane protein 102	13894
Q8N9N2;Q8N9N2-2	Q8N9N2;Q8N9N2-2	ASCC1_HUMAN	ASCC1	Activating signal cointegrator 1 complex subunit 1	431435
Q8N9N5;Q8N9N5-4;Q8N9N5-5	Q8N9N5;Q8N9N5-2;Q8N9N5-3;Q8N9N5-4;Q8N9N5-5;Q8N9N5-6;Q8N9N5-7	BANP_HUMAN	BANP	Protein BANP	358047
Q8N9N7	Q8N9N7	LRC57_HUMAN	LRRC57	Leucine-rich repeat-containing protein 57	298689
Q8N9N8	Q8N9N8	EIF1A_HUMAN	EIF1AD	Probable RNA-binding protein EIF1AD	218004
Q8N9Q2	Q8N9Q2	SR1IP_HUMAN	SREK1IP1	Protein SREK1IP1	11586
Q8N9R8;Q8N9R8-2	Q8N9R8;Q8N9R8-2	SCAI_HUMAN	SCAI	Protein SCAI	130846
Q8N9T8	Q8N9T8	KRI1_HUMAN	KRI1	Protein KRI1 homolog	794729
Q8N9V2	Q8N9V2	TRIML_HUMAN	TRIML1	Probable E3 ubiquitin-protein ligase TRIML1	93355
Q8NA58;Q8NA58-2	Q8NA58;Q8NA58-2	PNDC1_HUMAN	PNLDC1	Poly(A)-specific ribonuclease PNLDC1	810722
Q8NAF0	Q8NAF0	ZN579_HUMAN	ZNF579	Zinc finger protein 579	70982
Q8NAV1	Q8NAV1	PR38A_HUMAN	PRPF38A	Pre-mRNA-splicing factor 38A	311252
Q8NB14;Q8NB14-2	Q8NB14;Q8NB14-2	UBP38_HUMAN	USP38	Ubiquitin carboxyl-terminal hydrolase 38	8726
Q8NB15;Q8NB15-1	Q8NB15;Q8NB15-1	ZN511_HUMAN	ZNF511	Zinc finger protein 511	22086
Q8NB16	Q8NB16	MLKL_HUMAN	MLKL	Mixed lineage kinase domain-like protein	816264
Q8NB37	Q8NB37;Q8NB37-2	GALD1_HUMAN	GATD1	Glutamine amidotransferase-like class 1 domain-containing protein 1	169952
Q8NB46	Q8NB46	ANR52_HUMAN	ANKRD52	Serine/threonine-protein phosphatase 6 regulatory ankyrin repeat subunit C	123991
Q8NB49;Q8NB49-2;Q8NB49-3;Q8NB49-4	Q8NB49;Q8NB49-2;Q8NB49-3;Q8NB49-4	AT11C_HUMAN	ATP11C	Phospholipid-transporting ATPase IG	1.72106e+06
Q8NB50;Q8NB50-2;Q8NB50-3	Q8NB50;Q8NB50-2;Q8NB50-3	ZFP62_HUMAN	ZFP62	Zinc finger protein 62 homolog	121029
Q8NB66	Q8NB66	UN13C_HUMAN	UNC13C	Protein unc-13 homolog C	298798
Q8NB78;Q8NB78-2	Q8NB78;Q8NB78-2	KDM1B_HUMAN	KDM1B	Lysine-specific histone demethylase 1B	48965
Q8NB90;Q8NB90-2	Q8NB90;Q8NB90-2;Q8NB90-3	AFG2H_HUMAN	SPATA5	ATPase family protein 2 homolog	984985
Q8NB91	Q8NB91	FANCB_HUMAN	FANCB	Fanconi anemia group B protein	290468
Q8NBF2	Q8NBF2	NHLC2_HUMAN	NHLRC2	NHL repeat-containing protein 2	1.25062e+06
Q8NBF6	Q8NBF6;Q8NBF6-2	AVL9_HUMAN	AVL9	Late secretory pathway protein AVL9 homolog	359307
Q8NBI6	Q8NBI6	XXLT1_HUMAN	XXYLT1	Xyloside xylosyltransferase 1	362397
Q8NBJ4;Q8NBJ4-2	Q8NBJ4;Q8NBJ4-2	GOLM1_HUMAN	GOLM1	Golgi membrane protein 1	344012
Q8NBJ5	Q8NBJ5	GT251_HUMAN	COLGALT1	Procollagen galactosyltransferase 1	6.3309e+06
Q8NBJ7	Q8NBJ7;Q8NBJ7-2;Q8NBJ7-3	SUMF2_HUMAN	SUMF2	Inactive C-alpha-formylglycine-generating enzyme 2	1.05861e+06
Q8NBK3;Q8NBK3-5	Q8NBK3;Q8NBK3-2;Q8NBK3-3;Q8NBK3-5	SUMF1_HUMAN	SUMF1	Formylglycine-generating enzyme	480373
Q8NBL1	Q8NBL1	PGLT1_HUMAN	POGLUT1	Protein O-glucosyltransferase 1	619232
Q8NBM4	Q8NBM4;Q8NBM4-2;Q8NBM4-3;Q8NBM4-4	UBAC2_HUMAN	UBAC2	Ubiquitin-associated domain-containing protein 2	171577
Q8NBN3	Q8NBN3;Q8NBN3-3	TM87A_HUMAN	TMEM87A	Transmembrane protein 87A	935935
Q8NBN7	Q8NBN7	RDH13_HUMAN	RDH13	Retinol dehydrogenase 13	608236
Q8NBP0	Q8NBP0	TTC13_HUMAN	TTC13	Tetratricopeptide repeat protein 13	342329
Q8NBQ5	Q8NBQ5	DHB11_HUMAN	HSD17B11	Estradiol 17-beta-dehydrogenase 11	990026
Q8NBS9	Q8NBS9;Q8NBS9-2	TXND5_HUMAN	TXNDC5	Thioredoxin domain-containing protein 5	4.05466e+06
Q8NBT2;Q8NBT2-2	Q8NBT2;Q8NBT2-2	SPC24_HUMAN	SPC24	Kinetochore protein Spc24	58465
Q8NBT3	Q8NBT3	TM145_HUMAN	TMEM145	Transmembrane protein 145	98437
Q8NBU5	Q8NBU5;Q8NBU5-2	ATAD1_HUMAN	ATAD1	ATPase family AAA domain-containing protein 1	1.57153e+06
Q8NBX0	Q8NBX0	SCPDL_HUMAN	SCCPDH	Saccharopine dehydrogenase-like oxidoreductase	96851
Q8NBZ0	Q8NBZ0	IN80E_HUMAN	INO80E	INO80 complex subunit E	58203
Q8NBZ7;Q8NBZ7-2	Q8NBZ7;Q8NBZ7-2;Q8NBZ7-3	UXS1_HUMAN	UXS1	UDP-glucuronic acid decarboxylase 1	175552
Q8NC42	Q8NC42	RN149_HUMAN	RNF149	E3 ubiquitin-protein ligase RNF149	34534
Q8NC44	Q8NC44	RETR2_HUMAN	RETREG2	Reticulophagy regulator 2	16662
Q8NC51;Q8NC51-3	Q8NC51;Q8NC51-2;Q8NC51-3;Q8NC51-4	PAIRB_HUMAN	SERBP1	Plasminogen activator inhibitor 1 RNA-binding protein	1.01269e+07
Q8NC54	Q8NC54	KCT2_HUMAN	KCT2	Keratinocyte-associated transmembrane protein 2	83247
Q8NC56	Q8NC56;Q8NC56-2	LEMD2_HUMAN	LEMD2	LEM domain-containing protein 2	980586
Q8NC60	Q8NC60	NOA1_HUMAN	NOA1	Nitric oxide-associated protein 1	246377
Q8NC96	Q8NC96;Q8NC96-2	NECP1_HUMAN	NECAP1	Adaptin ear-binding coat-associated protein 1	188929
Q8NCA5	Q8NCA5	FA98A_HUMAN	FAM98A	Protein FAM98A	1.05088e+06
Q8NCC3	Q8NCC3;Q8NCC3-2	PAG15_HUMAN	PLA2G15	Group XV phospholipase A2	43997
Q8NCD3;Q8NCD3-2;Q8NCD3-3	Q8NCD3;Q8NCD3-2;Q8NCD3-3	HJURP_HUMAN	HJURP	Holliday junction recognition protein	60232
Q8NCE0;Q8NCE0-2	Q8NCE0;Q8NCE0-2;Q8NCE0-3;Q8NCE0-4;Q8NCE0-5	SEN2_HUMAN	TSEN2	tRNA-splicing endonuclease subunit Sen2	208620
Q8NCE2;Q8NCE2-2	Q8NCE2;Q8NCE2-2;Q8NCE2-3	MTMRE_HUMAN	MTMR14	Myotubularin-related protein 14	123497
Q8NCF5	Q8NCF5;Q8NCF5-2;Q8NCF5-3	NF2IP_HUMAN	NFATC2IP	NFATC2-interacting protein	219875
Q8NCG7;Q8NCG7-4	Q8NCG7;Q8NCG7-2;Q8NCG7-4	DGLB_HUMAN	DAGLB	Sn1-specific diacylglycerol lipase beta	650820
Q8NCH0	Q8NCH0	CHSTE_HUMAN	CHST14	Carbohydrate sulfotransferase 14	184687
Q8NCJ5	Q8NCJ5	SPRY3_HUMAN	SPRYD3	SPRY domain-containing protein 3	82759
Q8NCM8;Q8NCM8-2	Q8NCM8;Q8NCM8-2	DYHC2_HUMAN	DYNC2H1	Cytoplasmic dynein 2 heavy chain 1	1.14867e+06
Q8NCN4	Q8NCN4	RN169_HUMAN	RNF169	E3 ubiquitin-protein ligase RNF169	196155
Q8NCN5	Q8NCN5	PDPR_HUMAN	PDPR	Pyruvate dehydrogenase phosphatase regulatory subunit, mitochondrial	930394
Q8NCR0;Q8NCR0-2	Q8NCR0;Q8NCR0-2	B3GL2_HUMAN	B3GALNT2	UDP-GalNAc:beta-1,3-N-acetylgalactosaminyltransferase 2	142115
Q8NCW5	Q8NCW5;Q8NCW5-2	NNRE_HUMAN	NAXE	NAD(P)H-hydrate epimerase	2.82763e+06
Q8NCX0	Q8NCX0	CC150_HUMAN	CCDC150	Coiled-coil domain-containing protein 150	50490
Q8ND04	Q8ND04;Q8ND04-3	SMG8_HUMAN	SMG8	Protein SMG8	302872
Q8ND24	Q8ND24	RN214_HUMAN	RNF214	RING finger protein 214	289773
Q8ND56;Q8ND56-2;Q8ND56-3	Q8ND56;Q8ND56-2;Q8ND56-3	LS14A_HUMAN	LSM14A	Protein LSM14 homolog A	773294
Q8ND76;Q8ND76-2;Q8ND76-3	Q8ND76;Q8ND76-2;Q8ND76-3	CCNY_HUMAN	CCNY	Cyclin-Y	505679
Q8ND82	Q8ND82	Z280C_HUMAN	ZNF280C	Zinc finger protein 280C	168733
Q8ND83;Q8ND83-2;Q8ND83-4	Q8ND83;Q8ND83-2;Q8ND83-4	SLAI1_HUMAN	SLAIN1	SLAIN motif-containing protein 1	293159
Q8NDA8;Q8NDA8-2	Q8NDA8;Q8NDA8-2	MROH1_HUMAN	MROH1	Maestro heat-like repeat-containing protein family member 1	141072
Q8NDD1;Q8NDD1-5;Q8NDD1-6	Q8NDD1;Q8NDD1-5;Q8NDD1-6	CA131_HUMAN	C1orf131	Uncharacterized protein C1orf131	50726
Q8NDF8;Q8NDF8-5	Q8NDF8;Q8NDF8-3;Q8NDF8-5	PAPD5_HUMAN	TENT4B	Terminal nucleotidyltransferase 4B	115639
Q8NDH2	Q8NDH2	CC168_HUMAN	CCDC168	Coiled-coil domain-containing protein 168	29576
Q8NDH3;Q8NDH3-4;Q8NDH3-5	Q8NDH3;Q8NDH3-4;Q8NDH3-5	PEPL1_HUMAN	NPEPL1	Probable aminopeptidase NPEPL1	607900
Q8NDI1;Q8NDI1-2;Q8NDI1-3	Q8NDI1;Q8NDI1-2;Q8NDI1-3	EHBP1_HUMAN	EHBP1	EH domain-binding protein 1	202755
Q8NDN9	Q8NDN9	RCBT1_HUMAN	RCBTB1	RCC1 and BTB domain-containing protein 1	215195
Q8NDT2	Q8NDT2	RB15B_HUMAN	RBM15B	Putative RNA-binding protein 15B	189256
Q8NDV7;Q8NDV7-6	Q8NDV7;Q8NDV7-2;Q8NDV7-5;Q8NDV7-6	TNR6A_HUMAN	TNRC6A	Trinucleotide repeat-containing gene 6A protein	1.00181e+07
Q8NDX5;Q8NDX5-2;Q8NDX5-7	Q8NDX5;Q8NDX5-2;Q8NDX5-7	PHC3_HUMAN	PHC3	Polyhomeotic-like protein 3	323317
Q8NDX6	Q8NDX6	ZN740_HUMAN	ZNF740	Zinc finger protein 740	83662
Q8NDZ4	Q8NDZ4	DIK2A_HUMAN	DIPK2A	Divergent protein kinase domain 2A	143667
Q8NDZ6;Q8NDZ6-2;Q8NDZ6-3	Q8NDZ6;Q8NDZ6-2;Q8NDZ6-3	T161B_HUMAN	TMEM161B	Transmembrane protein 161B	15431
Q8NE01	Q8NE01;Q8NE01-2;Q8NE01-3	CNNM3_HUMAN	CNNM3	Metal transporter CNNM3	473909
Q8NE62	Q8NE62	CHDH_HUMAN	CHDH	Choline dehydrogenase, mitochondrial	384791
Q8NE71;Q8NE71-2	Q8NE71;Q8NE71-2	ABCF1_HUMAN	ABCF1	ATP-binding cassette sub-family F member 1	6.11339e+06
Q8NE86;Q8NE86-3	Q8NE86;Q8NE86-2;Q8NE86-3	MCU_HUMAN	MCU	Calcium uniporter protein, mitochondrial	848532
Q8NEB9	Q8NEB9	PK3C3_HUMAN	PIK3C3	Phosphatidylinositol 3-kinase catalytic subunit type 3	520253
Q8NEC7	Q8NEC7;Q8NEC7-3	GSTCD_HUMAN	GSTCD	Glutathione S-transferase C-terminal domain-containing protein	73390
Q8NEF9	Q8NEF9	SRFB1_HUMAN	SRFBP1	Serum response factor-binding protein 1	336827
Q8NEJ9;Q8NEJ9-2	Q8NEJ9;Q8NEJ9-2	NGDN_HUMAN	NGDN	Neuroguidin	770391
Q8NEL9	Q8NEL9;Q8NEL9-2;Q8NEL9-3;Q8NEL9-4	DDHD1_HUMAN	DDHD1	Phospholipase DDHD1	55364
Q8NEM2	Q8NEM2	SHCBP_HUMAN	SHCBP1	SHC SH2 domain-binding protein 1	98670
Q8NEM7;Q8NEM7-2;Q8NEM7-3	Q8NEM7;Q8NEM7-2;Q8NEM7-3	SP20H_HUMAN	SUPT20H	Transcription factor SPT20 homolog	76311
Q8NEN9	Q8NEN9	PDZD8_HUMAN	PDZD8	PDZ domain-containing protein 8	73079
Q8NEU8;Q8NEU8-3	Q8NEU8;Q8NEU8-2;Q8NEU8-3	DP13B_HUMAN	APPL2	DCC-interacting protein 13-beta	265117
Q8NEV8;Q8NEV8-2	Q8NEV8;Q8NEV8-2	EXPH5_HUMAN	EXPH5	Exophilin-5	37418
Q8NEW0	Q8NEW0	ZNT7_HUMAN	SLC30A7	Zinc transporter 7	587857
Q8NEY1;Q8NEY1-2;Q8NEY1-3;Q8NEY1-4;Q8NEY1-5;Q8NEY1-7	Q8NEY1;Q8NEY1-2;Q8NEY1-3;Q8NEY1-4;Q8NEY1-5;Q8NEY1-6;Q8NEY1-7	NAV1_HUMAN	NAV1	Neuron navigator 1	196206
Q8NEY8	Q8NEY8;Q8NEY8-2;Q8NEY8-8;Q8NEY8-9	PPHLN_HUMAN	PPHLN1	Periphilin-1	462825
Q8NEZ2	Q8NEZ2;Q8NEZ2-2	VP37A_HUMAN	VPS37A	Vacuolar protein sorting-associated protein 37A	88036
Q8NEZ4;Q8NEZ4-3	Q8NEZ4;Q8NEZ4-2;Q8NEZ4-3	KMT2C_HUMAN	KMT2C	Histone-lysine N-methyltransferase 2C	1.38879e+06
Q8NEZ5	Q8NEZ5;Q8NEZ5-3	FBX22_HUMAN	FBXO22	F-box only protein 22	1.21742e+06
Q8NF37	Q8NF37	PCAT1_HUMAN	LPCAT1	Lysophosphatidylcholine acyltransferase 1	1.10406e+06
Q8NF50;Q8NF50-2;Q8NF50-3;Q8NF50-4	Q8NF50;Q8NF50-2;Q8NF50-3;Q8NF50-4	DOCK8_HUMAN	DOCK8	Dedicator of cytokinesis protein 8	390448
Q8NF64;Q8NF64-2;Q8NF64-3	Q8NF64;Q8NF64-2;Q8NF64-3	ZMIZ2_HUMAN	ZMIZ2	Zinc finger MIZ domain-containing protein 2	81167
Q8NF91;Q8NF91-4	Q8NF91;Q8NF91-4;Q8NF91-7;Q8NF91-12	SYNE1_HUMAN	SYNE1	Nesprin-1	2.32138e+06
Q8NF99	Q8NF99	ZN397_HUMAN	ZNF397	Zinc finger protein 397	26043
Q8NFA0	Q8NFA0;Q8NFA0-2	UBP32_HUMAN	USP32	Ubiquitin carboxyl-terminal hydrolase 32	70394
Q8NFC6	Q8NFC6	BD1L1_HUMAN	BOD1L1	Biorientation of chromosomes in cell division protein 1-like 1	1.10883e+06
Q8NFD5;Q8NFD5-2;Q8NFD5-3	Q8NFD5;Q8NFD5-2;Q8NFD5-3;Q8NFD5-4	ARI1B_HUMAN	ARID1B	AT-rich interactive domain-containing protein 1B	164740
Q8NFF5	Q8NFF5;Q8NFF5-2;Q8NFF5-3	FAD1_HUMAN	FLAD1	FAD synthase	674384
Q8NFG4	Q8NFG4;Q8NFG4-2	FLCN_HUMAN	FLCN	Folliculin	18381
Q8NFH3	Q8NFH3	NUP43_HUMAN	NUP43	Nucleoporin Nup43	1.17982e+06
Q8NFH4	Q8NFH4	NUP37_HUMAN	NUP37	Nucleoporin Nup37	1.12772e+06
Q8NFH5;Q8NFH5-2	Q8NFH5;Q8NFH5-2;Q8NFH5-3	NUP35_HUMAN	NUP35	Nucleoporin NUP35	1.26932e+06
Q8NFI3;Q8NFI3-2;Q8NFI3-3	Q8NFI3;Q8NFI3-2;Q8NFI3-3	ENASE_HUMAN	ENGASE	Cytosolic endo-beta-N-acetylglucosaminidase	50239
Q8NFJ5	Q8NFJ5	RAI3_HUMAN	GPRC5A	Retinoic acid-induced protein 3	1.72473e+06
Q8NFP9	Q8NFP9	NBEA_HUMAN	NBEA	Neurobeachin	261872
Q8NFQ8	Q8NFQ8	TOIP2_HUMAN	TOR1AIP2	Torsin-1A-interacting protein 2	488699
Q8NFU5	Q8NFU5	IPMK_HUMAN	IPMK	Inositol polyphosphate multikinase	1.42258e+06
Q8NFV4;Q8NFV4-4	Q8NFV4;Q8NFV4-4	ABHDB_HUMAN	ABHD11	Protein ABHD11	329755
Q8NFW8	Q8NFW8	NEUA_HUMAN	CMAS	N-acylneuraminate cytidylyltransferase	698541
Q8NFX7;Q8NFX7-2;Q8NFX7-3	Q8NFX7;Q8NFX7-2;Q8NFX7-3	STXB6_HUMAN	STXBP6	Syntaxin-binding protein 6	18676
Q8NFZ0;Q8NFZ0-2	Q8NFZ0;Q8NFZ0-2	FBH1_HUMAN	FBH1	F-box DNA helicase 1	299830
Q8NG31;Q8NG31-2	Q8NG31;Q8NG31-2;Q8NG31-3;Q8NG31-4	KNL1_HUMAN	KNL1	Kinetochore scaffold 1	703039
Q8NG68	Q8NG68	TTL_HUMAN	TTL	Tubulin--tyrosine ligase	19077
Q8NHG7	Q8NHG7	SVIP_HUMAN	SVIP	Small VCP/p97-interacting protein	144568
Q8NHG8	Q8NHG8	ZNRF2_HUMAN	ZNRF2	E3 ubiquitin-protein ligase ZNRF2	3726
Q8NHH9;Q8NHH9-3;Q8NHH9-5	Q8NHH9;Q8NHH9-2;Q8NHH9-3;Q8NHH9-4;Q8NHH9-5	ATLA2_HUMAN	ATL2	Atlastin-2	796462
Q8NHM5;Q8NHM5-3;Q8NHM5-4	Q8NHM5;Q8NHM5-2;Q8NHM5-3;Q8NHM5-4	KDM2B_HUMAN	KDM2B	Lysine-specific demethylase 2B	204220
Q8NHP6	Q8NHP6;Q8NHP6-2	MSPD2_HUMAN	MOSPD2	Motile sperm domain-containing protein 2	439796
Q8NHP8	Q8NHP8;Q8NHP8-2	PLBL2_HUMAN	PLBD2	Putative phospholipase B-like 2	892285
Q8NHQ8;Q8NHQ8-2	Q8NHQ8;Q8NHQ8-2	RASF8_HUMAN	RASSF8	Ras association domain-containing protein 8	426099
Q8NHQ9	Q8NHQ9	DDX55_HUMAN	DDX55	ATP-dependent RNA helicase DDX55	309747
Q8NHU2;Q8NHU2-4	Q8NHU2;Q8NHU2-4	CFA61_HUMAN	CFAP61	Cilia- and flagella-associated protein 61	146305
Q8NHV4;Q8NHV4-3	Q8NHV4;Q8NHV4-2;Q8NHV4-3	NEDD1_HUMAN	NEDD1	Protein NEDD1	474646
Q8NHZ8	Q8NHZ8	CDC26_HUMAN	CDC26	Anaphase-promoting complex subunit CDC26	135960
Q8NI08;Q8NI08-2	Q8NI08;Q8NI08-2;Q8NI08-3;Q8NI08-4;Q8NI08-7	NCOA7_HUMAN	NCOA7	Nuclear receptor coactivator 7	316842
Q8NI22;Q8NI22-2;Q8NI22-3	Q8NI22;Q8NI22-2;Q8NI22-3	MCFD2_HUMAN	MCFD2	Multiple coagulation factor deficiency protein 2	1.76262e+06
Q8NI27	Q8NI27	THOC2_HUMAN	THOC2	THO complex subunit 2	2.17258e+06
Q8NI35;Q8NI35-2;Q8NI35-3;Q8NI35-4	Q8NI35;Q8NI35-2;Q8NI35-3;Q8NI35-4;Q8NI35-5	INADL_HUMAN	PATJ	InaD-like protein	767938
Q8NI36	Q8NI36	WDR36_HUMAN	WDR36	WD repeat-containing protein 36	3.49521e+06
Q8NI37	Q8NI37	PPTC7_HUMAN	PPTC7	Protein phosphatase PTC7 homolog	208399
Q8NI60	Q8NI60;Q8NI60-2;Q8NI60-3;Q8NI60-4	COQ8A_HUMAN	COQ8A	Atypical kinase COQ8A, mitochondrial	336847
Q8NI77	Q8NI77	KI18A_HUMAN	KIF18A	Kinesin-like protein KIF18A	78882
Q8TA86	Q8TA86	RP9_HUMAN	RP9	Retinitis pigmentosa 9 protein	208096
Q8TAA5	Q8TAA5	GRPE2_HUMAN	GRPEL2	GrpE protein homolog 2, mitochondrial	146083
Q8TAA9;Q8TAA9-2	Q8TAA9;Q8TAA9-2	VANG1_HUMAN	VANGL1	Vang-like protein 1	143737
Q8TAD4	Q8TAD4;Q8TAD4-3;Q8TAD4-4	ZNT5_HUMAN	SLC30A5	Zinc transporter 5	70117
Q8TAD8	Q8TAD8	SNIP1_HUMAN	SNIP1	Smad nuclear-interacting protein 1	190875
Q8TAE8	Q8TAE8	G45IP_HUMAN	GADD45GIP1	Growth arrest and DNA damage-inducible proteins-interacting protein 1	678246
Q8TAF3	Q8TAF3;Q8TAF3-2;Q8TAF3-3;Q8TAF3-4;Q8TAF3-5	WDR48_HUMAN	WDR48	WD repeat-containing protein 48	788376
Q8TAG9	Q8TAG9;Q8TAG9-2	EXOC6_HUMAN	EXOC6	Exocyst complex component 6	1.03516e+06
Q8TAP8	Q8TAP8	PPR35_HUMAN	PPP1R35	Protein phosphatase 1 regulatory subunit 35	48642
Q8TAQ2;Q8TAQ2-2;Q8TAQ2-3	Q8TAQ2;Q8TAQ2-2;Q8TAQ2-3	SMRC2_HUMAN	SMARCC2	SWI/SNF complex subunit SMARCC2	1.53411e+06
Q8TAQ2;Q8TAQ2-2;Q8TAQ2-3;Q92922	Q92922;Q8TAQ2;Q8TAQ2-2;Q8TAQ2-3	SMRC1_HUMAN;SMRC2_HUMAN	SMARCC1;SMARCC2	SWI/SNF complex subunit SMARCC2	785790
Q8TAT2	Q8TAT2	FGFP3_HUMAN	FGFBP3	Fibroblast growth factor-binding protein 3	20444
Q8TAT6;Q8TAT6-2	Q8TAT6;Q8TAT6-2	NPL4_HUMAN	NPLOC4	Nuclear protein localization protein 4 homolog	2.21941e+06
Q8TB03;Q8TB03-2	Q8TB03;Q8TB03-2	CX038_HUMAN	CXorf38	Uncharacterized protein CXorf38	129757
Q8TB22;Q8TB22-2;Q8TB22-3;Q8TB22-4	Q8TB22;Q8TB22-2;Q8TB22-3;Q8TB22-4	SPT20_HUMAN	SPATA20	Spermatogenesis-associated protein 20	7698
Q8TB36;Q8TB36-2	Q8TB36;Q8TB36-2	GDAP1_HUMAN	GDAP1	Ganglioside-induced differentiation-associated protein 1	240956
Q8TB37	Q8TB37	NUBPL_HUMAN	NUBPL	Iron-sulfur protein NUBPL	193642
Q8TB45;Q8TB45-2	Q8TB45;Q8TB45-2	DPTOR_HUMAN	DEPTOR	DEP domain-containing mTOR-interacting protein	34764
Q8TB52	Q8TB52	FBX30_HUMAN	FBXO30	F-box only protein 30	71105
Q8TB61;Q8TB61-2;Q8TB61-3	Q8TB61;Q8TB61-2;Q8TB61-3	S35B2_HUMAN	SLC35B2	Adenosine 3'-phospho 5'-phosphosulfate transporter 1	350135
Q8TB72;Q8TB72-3;Q8TB72-4	Q8TB72;Q8TB72-2;Q8TB72-3;Q8TB72-4	PUM2_HUMAN	PUM2	Pumilio homolog 2	344753
Q8TBA6;Q8TBA6-2	Q8TBA6;Q8TBA6-2	GOGA5_HUMAN	GOLGA5	Golgin subfamily A member 5	280109
Q8TBB0;Q8TBB0-2	Q8TBB0;Q8TBB0-2	THAP6_HUMAN	THAP6	THAP domain-containing protein 6	25603
Q8TBB5;Q8TBB5-3	Q8TBB5;Q8TBB5-2;Q8TBB5-3	KLDC4_HUMAN	KLHDC4	Kelch domain-containing protein 4	786083
Q8TBC4	Q8TBC4;Q8TBC4-2	UBA3_HUMAN	UBA3	NEDD8-activating enzyme E1 catalytic subunit	1.32256e+06
Q8TBF2;Q8TBF2-2;Q8TBF2-3;Q8TBF2-4;Q8TBF2-6;Q8TBF2-7	Q8TBF2;Q8TBF2-2;Q8TBF2-3;Q8TBF2-4;Q8TBF2-6;Q8TBF2-7	PXL2B_HUMAN	PRXL2B	Prostamide/prostaglandin F synthase	48793
Q8TBF4	Q8TBF4	ZCRB1_HUMAN	ZCRB1	Zinc finger CCHC-type and RNA-binding motif-containing protein 1	74098
Q8TBK6;Q8TBK6-2	Q8TBK6;Q8TBK6-2	ZCH10_HUMAN	ZCCHC10	Zinc finger CCHC domain-containing protein 10	18150
Q8TBN0;Q8TBN0-2	Q8TBN0;Q8TBN0-2	R3GEF_HUMAN	RAB3IL1	Guanine nucleotide exchange factor for Rab-3A	5520
Q8TBP0;Q8TBP0-2;Q8TBP0-3;Q8TBP0-4	Q8TBP0;Q8TBP0-2;Q8TBP0-3;Q8TBP0-4	TBC16_HUMAN	TBC1D16	TBC1 domain family member 16	72480
Q8TBP5	Q8TBP5	F174A_HUMAN	FAM174A	Membrane protein FAM174A	11929
Q8TBP6	Q8TBP6	S2540_HUMAN	SLC25A40	Solute carrier family 25 member 40	112352
Q8TBQ9	Q8TBQ9	KISHA_HUMAN	TMEM167A	Protein kish-A	21510
Q8TBX8	Q8TBX8;Q8TBX8-2;Q8TBX8-3	PI42C_HUMAN	PIP4K2C	Phosphatidylinositol 5-phosphate 4-kinase type-2 gamma	406802
Q8TBZ3;Q8TBZ3-2;Q8TBZ3-4;Q8TBZ3-5;Q8TBZ3-6;Q8TBZ3-7	Q8TBZ3;Q8TBZ3-2;Q8TBZ3-3;Q8TBZ3-4;Q8TBZ3-5;Q8TBZ3-6;Q8TBZ3-7;Q8TBZ3-8	WDR20_HUMAN	WDR20	WD repeat-containing protein 20	55640
Q8TBZ6	Q8TBZ6	TM10A_HUMAN	TRMT10A	tRNA methyltransferase 10 homolog A	69459
Q8TC05;Q8TC05-4	Q8TC05;Q8TC05-4	MDM1_HUMAN	MDM1	Nuclear protein MDM1	3.64619e+06
Q8TC07;Q8TC07-2	Q8TC07;Q8TC07-2;Q8TC07-3	TBC15_HUMAN	TBC1D15	TBC1 domain family member 15	1.42872e+06
Q8TC12	Q8TC12;Q8TC12-3	RDH11_HUMAN	RDH11	Retinol dehydrogenase 11	803789
Q8TC56	Q8TC56	FA71B_HUMAN	FAM71B	Protein FAM71B	130550
Q8TCA0;Q8TCA0-3	Q8TCA0;Q8TCA0-3	LRC20_HUMAN	LRRC20	Leucine-rich repeat-containing protein 20	45692
Q8TCB7;Q8TCB7-2	Q8TCB7;Q8TCB7-2	METL6_HUMAN	METTL6	tRNA N(3)-methylcytidine methyltransferase METTL6	178104
Q8TCC3;Q8TCC3-2	Q8TCC3;Q8TCC3-2;Q8TCC3-3	RM30_HUMAN	MRPL30	39S ribosomal protein L30, mitochondrial	321553
Q8TCD5	Q8TCD5	NT5C_HUMAN	NT5C	5'(3')-deoxyribonucleotidase, cytosolic type	537968
Q8TCE6;Q8TCE6-2	Q8TCE6;Q8TCE6-2	DEN10_HUMAN	DENND10	DENN domain-containing protein 10	471686
Q8TCF1;Q8TCF1-3;Q8TCF1-4	Q8TCF1;Q8TCF1-3;Q8TCF1-4	ZFAN1_HUMAN	ZFAND1	AN1-type zinc finger protein 1	25433
Q8TCG1;Q8TCG1-2	Q8TCG1;Q8TCG1-2	CIP2A_HUMAN	CIP2A	Protein CIP2A	484968
Q8TCJ2	Q8TCJ2	STT3B_HUMAN	STT3B	Dolichyl-diphosphooligosaccharide--protein glycosyltransferase subunit STT3B	2.26526e+06
Q8TCS8	Q8TCS8	PNPT1_HUMAN	PNPT1	Polyribonucleotide nucleotidyltransferase 1, mitochondrial	4.52091e+06
Q8TCT7;Q8TCT7-2;Q8TCT7-4	Q8TCT7;Q8TCT7-2;Q8TCT7-4	SPP2B_HUMAN	SPPL2B	Signal peptide peptidase-like 2B	86544
Q8TCT8	Q8TCT8	SPP2A_HUMAN	SPPL2A	Signal peptide peptidase-like 2A	139120
Q8TCT9;Q8TCT9-5	Q8TCT9;Q8TCT9-2;Q8TCT9-4;Q8TCT9-5	HM13_HUMAN	HM13	Minor histocompatibility antigen H13	3.14622e+06
Q8TCU4	Q8TCU4;Q8TCU4-2;Q8TCU4-3	ALMS1_HUMAN	ALMS1	Alstrom syndrome protein 1	882219
Q8TCU6	Q8TCU6;Q8TCU6-2	PREX1_HUMAN	PREX1	Phosphatidylinositol 3,4,5-trisphosphate-dependent Rac exchanger 1 protein	330644
Q8TCX1;Q8TCX1-2;Q8TCX1-3	Q8TCX1;Q8TCX1-2;Q8TCX1-3	DC2L1_HUMAN	DYNC2LI1	Cytoplasmic dynein 2 light intermediate chain 1	16318
Q8TCY9;Q8TCY9-2	Q8TCY9;Q8TCY9-2	URGCP_HUMAN	URGCP	Up-regulator of cell proliferation	443278
Q8TCZ2;Q8TCZ2-2;Q8TCZ2-3;Q8TCZ2-5	Q8TCZ2;Q8TCZ2-2;Q8TCZ2-3;Q8TCZ2-5;Q8TCZ2-6	C99L2_HUMAN	CD99L2	CD99 antigen-like protein 2	300923
Q8TD08;Q8TD08-2;Q8TD08-3	Q8TD08;Q8TD08-2;Q8TD08-3	MK15_HUMAN	MAPK15	Mitogen-activated protein kinase 15	556124
Q8TD10;Q8TD10-3	Q8TD10;Q8TD10-3	MIPO1_HUMAN	MIPOL1	Mirror-image polydactyly gene 1 protein	250959
Q8TD16;Q8TD16-2	Q8TD16;Q8TD16-2	BICD2_HUMAN	BICD2	Protein bicaudal D homolog 2	207719
Q8TD16;Q8TD16-2;Q96G01;Q96G01-3;Q96G01-4	Q8TD16;Q8TD16-2;Q96G01;Q96G01-3;Q96G01-4	BICD1_HUMAN;BICD2_HUMAN	BICD1;BICD2	Protein bicaudal D homolog 2	42865
Q8TD17	Q8TD17	ZN398_HUMAN	ZNF398	Zinc finger protein 398	395089
Q8TD19	Q8TD19	NEK9_HUMAN	NEK9	Serine/threonine-protein kinase Nek9	1.24936e+06
Q8TD26	Q8TD26	CHD6_HUMAN	CHD6	Chromodomain-helicase-DNA-binding protein 6	81739
Q8TD26;Q9P2D1	Q9P2D1;Q8TD26	CHD6_HUMAN;CHD7_HUMAN	CHD6;CHD7	Chromodomain-helicase-DNA-binding protein 6	29360
Q8TD30	Q8TD30;Q8TD30-2	ALAT2_HUMAN	GPT2	Alanine aminotransferase 2	533065
Q8TDB6	Q8TDB6	DTX3L_HUMAN	DTX3L	E3 ubiquitin-protein ligase DTX3L	402006
Q8TDD1;Q8TDD1-2	Q8TDD1;Q8TDD1-2	DDX54_HUMAN	DDX54	ATP-dependent RNA helicase DDX54	2.74666e+06
Q8TDG4	Q8TDG4	HELQ_HUMAN	HELQ	Helicase POLQ-like	272006
Q8TDH9	Q8TDH9;Q8TDH9-3	BL1S5_HUMAN	BLOC1S5	Biogenesis of lysosome-related organelles complex 1 subunit 5	323074
Q8TDI0	Q8TDI0	CHD5_HUMAN	CHD5	Chromodomain-helicase-DNA-binding protein 5	204209
Q8TDJ6;Q8TDJ6-3	Q8TDJ6;Q8TDJ6-2;Q8TDJ6-3	DMXL2_HUMAN	DMXL2	DmX-like protein 2	876917
Q8TDM6;Q8TDM6-4	Q8TDM6;Q8TDM6-2;Q8TDM6-4	DLG5_HUMAN	DLG5	Disks large homolog 5	883675
Q8TDN6	Q8TDN6	BRX1_HUMAN	BRIX1	Ribosome biogenesis protein BRX1 homolog	3.99351e+06
Q8TDP1	Q8TDP1	RNH2C_HUMAN	RNASEH2C	Ribonuclease H2 subunit C	1.74632e+06
Q8TDQ7-2	Q8TDQ7;Q8TDQ7-2;Q8TDQ7-3;Q8TDQ7-5	GNPI2_HUMAN	GNPDA2	Isoform 2 of Glucosamine-6-phosphate isomerase 2	129425
Q8TDR2	Q8TDR2	STK35_HUMAN	STK35	Serine/threonine-protein kinase 35	416419
Q8TDW0	Q8TDW0	LRC8C_HUMAN	LRRC8C	Volume-regulated anion channel subunit LRRC8C	38069
Q8TDW7;Q8TDW7-1	Q8TDW7;Q8TDW7-1	FAT3_HUMAN	FAT3	Protocadherin Fat 3	38075
Q8TDX7	Q8TDX7	NEK7_HUMAN	NEK7	Serine/threonine-protein kinase Nek7	685989
Q8TDY2;Q8TDY2-2	Q8TDY2;Q8TDY2-2	RBCC1_HUMAN	RB1CC1	RB1-inducible coiled-coil protein 1	97250
Q8TDZ2;Q8TDZ2-2;Q8TDZ2-4	Q8TDZ2;Q8TDZ2-2;Q8TDZ2-4	MICA1_HUMAN	MICAL1	[F-actin]-monooxygenase MICAL1	62928
Q8TE02;Q8TE02-4	Q8TE02;Q8TE02-2;Q8TE02-3;Q8TE02-4	ELP5_HUMAN	ELP5	Elongator complex protein 5	171614
Q8TE73	Q8TE73	DYH5_HUMAN	DNAH5	Dynein heavy chain 5, axonemal	878294
Q8TE76;Q8TE76-3	Q8TE76;Q8TE76-3	MORC4_HUMAN	MORC4	MORC family CW-type zinc finger protein 4	25527
Q8TE77	Q8TE77;Q8TE77-3	SSH3_HUMAN	SSH3	Protein phosphatase Slingshot homolog 3	276292
Q8TEA1	Q8TEA1	NSUN6_HUMAN	NSUN6	tRNA (cytosine(72)-C(5))-methyltransferase NSUN6	179637
Q8TEA7;Q8TEA7-2;Q8TEA7-3	Q8TEA7;Q8TEA7-2;Q8TEA7-3	TBCK_HUMAN	TBCK	TBC domain-containing protein kinase-like protein	282258
Q8TEA8	Q8TEA8	DTD1_HUMAN	DTD1	D-aminoacyl-tRNA deacylase 1	410850
Q8TEB1;Q8TEB1-2	Q8TEB1;Q8TEB1-2	DCA11_HUMAN	DCAF11	DDB1- and CUL4-associated factor 11	51905
Q8TEB9;Q8TEB9-2	Q8TEB9;Q8TEB9-2	RHBL4_HUMAN	RHBDD1	Rhomboid-related protein 4	6460
Q8TED0	Q8TED0;Q8TED0-3	UTP15_HUMAN	UTP15	U3 small nucleolar RNA-associated protein 15 homolog	1.68442e+06
Q8TED1	Q8TED1	GPX8_HUMAN	GPX8	Probable glutathione peroxidase 8	796465
Q8TEH3;Q8TEH3-6;Q8TEH3-7	Q8TEH3;Q8TEH3-2;Q8TEH3-3;Q8TEH3-4;Q8TEH3-5;Q8TEH3-6;Q8TEH3-7	DEN1A_HUMAN	DENND1A	DENN domain-containing protein 1A	34732
Q8TEL6;Q8TEL6-2;Q8TEL6-3	Q8TEL6;Q8TEL6-2;Q8TEL6-3	TP4AP_HUMAN	TRPC4AP	Short transient receptor potential channel 4-associated protein	54351
Q8TEM1	Q8TEM1	PO210_HUMAN	NUP210	Nuclear pore membrane glycoprotein 210	3.68416e+06
Q8TEP8;Q8TEP8-1	Q8TEP8;Q8TEP8-1	CE192_HUMAN	CEP192	Centrosomal protein of 192 kDa	85450
Q8TEQ6	Q8TEQ6	GEMI5_HUMAN	GEMIN5	Gem-associated protein 5	2.71041e+06
Q8TEQ8;Q8TEQ8-2	Q8TEQ8;Q8TEQ8-2	PIGO_HUMAN	PIGO	GPI ethanolamine phosphate transferase 3	33267
Q8TER5;Q8TER5-3;Q8TER5-4	Q8TER5;Q8TER5-3;Q8TER5-4	ARH40_HUMAN	ARHGEF40	Rho guanine nucleotide exchange factor 40	150496
Q8TEU7	Q8TEU7;Q8TEU7-2;Q8TEU7-3;Q8TEU7-4;Q8TEU7-5	RPGF6_HUMAN	RAPGEF6	Rap guanine nucleotide exchange factor 6	834369
Q8TEU7;Q9Y4G8	Q8TEU7;Q8TEU7-2;Q8TEU7-3;Q8TEU7-4;Q8TEU7-5;Q9Y4G8	RPGF2_HUMAN;RPGF6_HUMAN	RAPGEF2;RAPGEF6	Rap guanine nucleotide exchange factor 6	730233
Q8TEV9;Q8TEV9-2	Q8TEV9;Q8TEV9-2	SMCR8_HUMAN	SMCR8	Guanine nucleotide exchange protein SMCR8	52997
Q8TEW0;Q8TEW0-10;Q8TEW0-11;Q8TEW0-2;Q8TEW0-4;Q8TEW0-6;Q8TEW0-7;Q8TEW0-8;Q8TEW0-9	Q8TEW0;Q8TEW0-2;Q8TEW0-3;Q8TEW0-4;Q8TEW0-5;Q8TEW0-6;Q8TEW0-7;Q8TEW0-8;Q8TEW0-9;Q8TEW0-10;Q8TEW0-11	PARD3_HUMAN	PARD3	Partitioning defective 3 homolog	424412
Q8TEX9;Q8TEX9-2	Q8TEX9;Q8TEX9-2	IPO4_HUMAN	IPO4	Importin-4	3.65957e+06
Q8TEY7;Q8TEY7-2;Q8TEY7-3	Q8TEY7;Q8TEY7-2;Q8TEY7-3	UBP33_HUMAN	USP33	Ubiquitin carboxyl-terminal hydrolase 33	5962
Q8TF01	Q8TF01	PNISR_HUMAN	PNISR	Arginine/serine-rich protein PNISR	225419
Q8TF05;Q8TF05-2	Q8TF05;Q8TF05-2	PP4R1_HUMAN	PPP4R1	Serine/threonine-protein phosphatase 4 regulatory subunit 1	764601
Q8TF30	Q8TF30	WHAMM_HUMAN	WHAMM	WASP homolog-associated protein with actin, membranes and microtubules	215497
Q8TF46;Q8TF46-2;Q8TF46-4	Q8TF46;Q8TF46-2;Q8TF46-4	DI3L1_HUMAN	DIS3L	DIS3-like exonuclease 1	572990
Q8TF68;Q8TF68-2;Q8TF68-3	Q8TF68;Q8TF68-2;Q8TF68-3	ZN384_HUMAN	ZNF384	Zinc finger protein 384	44892
Q8TF74	Q8TF74;Q8TF74-2	WIPF2_HUMAN	WIPF2	WAS/WASL-interacting protein family member 2	768646
Q8TF76	Q8TF76;Q8TF76-2	HASP_HUMAN	HASPIN	Serine/threonine-protein kinase haspin	382464
Q8WTS1	Q8WTS1	ABHD5_HUMAN	ABHD5	1-acylglycerol-3-phosphate O-acyltransferase ABHD5	92263
Q8WTS6	Q8WTS6	SETD7_HUMAN	SETD7	Histone-lysine N-methyltransferase SETD7	582372
Q8WTT2	Q8WTT2	NOC3L_HUMAN	NOC3L	Nucleolar complex protein 3 homolog	1.53944e+06
Q8WTV0;Q8WTV0-2;Q8WTV0-4;Q8WTV0-5	Q8WTV0;Q8WTV0-2;Q8WTV0-3;Q8WTV0-4;Q8WTV0-5	SCRB1_HUMAN	SCARB1	Scavenger receptor class B member 1	593677
Q8WTW3	Q8WTW3	COG1_HUMAN	COG1	Conserved oligomeric Golgi complex subunit 1	568819
Q8WU10;Q8WU10-2	Q8WU10;Q8WU10-2	PYRD1_HUMAN	PYROXD1	Pyridine nucleotide-disulfide oxidoreductase domain-containing protein 1	604333
Q8WU76;Q8WU76-2	Q8WU76;Q8WU76-2	SCFD2_HUMAN	SCFD2	Sec1 family domain-containing protein 2	327501
Q8WU79	Q8WU79	SMAP2_HUMAN	SMAP2	Stromal membrane-associated protein 2	225257
Q8WU90	Q8WU90	ZC3HF_HUMAN	ZC3H15	Zinc finger CCCH domain-containing protein 15	1.00367e+06
Q8WUA2	Q8WUA2	PPIL4_HUMAN	PPIL4	Peptidyl-prolyl cis-trans isomerase-like 4	706822
Q8WUA4	Q8WUA4;Q8WUA4-2	TF3C2_HUMAN	GTF3C2	General transcription factor 3C polypeptide 2	587016
Q8WUA7;Q8WUA7-4	Q8WUA7;Q8WUA7-3;Q8WUA7-4	TB22A_HUMAN	TBC1D22A	TBC1 domain family member 22A	166637
Q8WUA8	Q8WUA8	TSK_HUMAN	TSKU	Tsukushin	61372
Q8WUB8;Q8WUB8-2;Q8WUB8-3	Q8WUB8;Q8WUB8-2;Q8WUB8-3	PHF10_HUMAN	PHF10	PHD finger protein 10	232104
Q8WUD1	Q8WUD1;Q8WUD1-2	RAB2B_HUMAN	RAB2B	Ras-related protein Rab-2B	200365
Q8WUD4	Q8WUD4	CCD12_HUMAN	CCDC12	Coiled-coil domain-containing protein 12	348681
Q8WUF5	Q8WUF5	IASPP_HUMAN	PPP1R13L	RelA-associated inhibitor	598568
Q8WUF8	Q8WUF8;Q8WUF8-3;Q8WUF8-4	F172A_HUMAN	FAM172A	Cotranscriptional regulator FAM172A	121982
Q8WUH1	Q8WUH1	CHUR_HUMAN	CHURC1	Protein Churchill	83027
Q8WUH2	Q8WUH2	TGFA1_HUMAN	TGFBRAP1	Transforming growth factor-beta receptor-associated protein 1	43113
Q8WUH6	Q8WUH6	TM263_HUMAN	TMEM263	Transmembrane protein 263	546575
Q8WUI4;Q8WUI4-3;Q8WUI4-4;Q8WUI4-5;Q8WUI4-6;Q8WUI4-7;Q8WUI4-8	Q8WUI4;Q8WUI4-3;Q8WUI4-4;Q8WUI4-5;Q8WUI4-6;Q8WUI4-7;Q8WUI4-8	HDAC7_HUMAN	HDAC7	Histone deacetylase 7	48619
Q8WUK0	Q8WUK0;Q8WUK0-2	PTPM1_HUMAN	PTPMT1	Phosphatidylglycerophosphatase and protein-tyrosine phosphatase 1	549207
Q8WUM0	Q8WUM0	NU133_HUMAN	NUP133	Nuclear pore complex protein Nup133	3.28104e+06
Q8WUM4	Q8WUM4;Q8WUM4-2;Q8WUM4-3	PDC6I_HUMAN	PDCD6IP	Programmed cell death 6-interacting protein	9.03364e+06
Q8WUN7	Q9HAC8;Q8WUN7	UBTD2_HUMAN	UBTD2	Ubiquitin domain-containing protein 2	18530
Q8WUQ7;Q8WUQ7-2	Q8WUQ7;Q8WUQ7-2	CATIN_HUMAN	CACTIN	Cactin	578676
Q8WUR7;Q8WUR7-2;Q8WUR7-3	Q8WUR7;Q8WUR7-2;Q8WUR7-3	CO040_HUMAN	C15orf40	UPF0235 protein C15orf40	35899
Q8WUU5	Q8WUU5	GATD1_HUMAN	GATAD1	GATA zinc finger domain-containing protein 1	76605
Q8WUW1;Q8WUW1-2	Q8WUW1;Q8WUW1-2	BRK1_HUMAN	BRK1	Protein BRICK1	239606
Q8WUX1	Q8WUX1	S38A5_HUMAN	SLC38A5	Sodium-coupled neutral amino acid transporter 5	987229
Q8WUX2	Q8WUX2	CHAC2_HUMAN	CHAC2	Glutathione-specific gamma-glutamylcyclotransferase 2	381928
Q8WUX9	Q8WUX9	CHMP7_HUMAN	CHMP7	Charged multivesicular body protein 7	621355
Q8WUY1	Q8WUY1	THEM6_HUMAN	THEM6	Protein THEM6	1.24324e+06
Q8WUZ0;Q8WUZ0-2	Q8WUZ0;Q8WUZ0-2	BCL7C_HUMAN	BCL7C	B-cell CLL/lymphoma 7 protein family member C	92402
Q8WUZ0;Q8WUZ0-2;Q9BQE9;Q9BQE9-4	Q4VC05;Q4VC05-2;Q8WUZ0;Q8WUZ0-2;Q9BQE9;Q9BQE9-3;Q9BQE9-4	BCL7B_HUMAN;BCL7C_HUMAN	BCL7B;BCL7C	B-cell CLL/lymphoma 7 protein family member C	151213
Q8WV19	Q8WV19	SFT2A_HUMAN	SFT2D1	Vesicle transport protein SFT2A	10944
Q8WV22	Q8WV22	NSE1_HUMAN	NSMCE1	Non-structural maintenance of chromosomes element 1 homolog	181723
Q8WV24	Q8WV24	PHLA1_HUMAN	PHLDA1	Pleckstrin homology-like domain family A member 1	30636
Q8WV44;Q8WV44-3	Q8WV44;Q8WV44-3	TRI41_HUMAN	TRIM41	E3 ubiquitin-protein ligase TRIM41	22095
Q8WV60;Q8WV60-2;Q8WV60-3	Q8WV60;Q8WV60-2;Q8WV60-3	PTCD2_HUMAN	PTCD2	Pentatricopeptide repeat-containing protein 2, mitochondrial	34545
Q8WV74	Q8WV74	NUDT8_HUMAN	NUDT8	Nucleoside diphosphate-linked moiety X motif 8	72950
Q8WV92	Q8WV92	MITD1_HUMAN	MITD1	MIT domain-containing protein 1	77524
Q8WVB3;Q8WVB3-2	Q8WVB3;Q8WVB3-2	HEXD_HUMAN	HEXD	Hexosaminidase D	11499
Q8WVB6;Q8WVB6-2	Q8WVB6;Q8WVB6-2;Q8WVB6-3	CTF18_HUMAN	CHTF18	Chromosome transmission fidelity protein 18 homolog	1.17381e+06
Q8WVC0	Q8WVC0;Q8WVC0-2	LEO1_HUMAN	LEO1	RNA polymerase-associated protein LEO1	965996
Q8WVC6	Q8WVC6;Q8WVC6-2	DCAKD_HUMAN	DCAKD	Dephospho-CoA kinase domain-containing protein	139751
Q8WVI0	Q8WVI0	SMIM4_HUMAN	SMIM4	Small integral membrane protein 4	42193
Q8WVJ2	Q8WVJ2	NUDC2_HUMAN	NUDCD2	NudC domain-containing protein 2	1.51825e+06
Q8WVK2	Q8WVK2	SNR27_HUMAN	SNRNP27	U4/U6.U5 small nuclear ribonucleoprotein 27 kDa protein	362803
Q8WVM0	Q8WVM0	TFB1M_HUMAN	TFB1M	Dimethyladenosine transferase 1, mitochondrial	534574
Q8WVM7;Q8WVM7-2	Q8WVM7;Q8WVM7-2	STAG1_HUMAN	STAG1	Cohesin subunit SA-1	2.67663e+06
Q8WVM8	Q8WVM8;Q8WVM8-2;Q8WVM8-3	SCFD1_HUMAN	SCFD1	Sec1 family domain-containing protein 1	1.41513e+06
Q8WVQ1;Q8WVQ1-3	Q8WVQ1;Q8WVQ1-3	CANT1_HUMAN	CANT1	Soluble calcium-activated nucleotidase 1	132976
Q8WVS4	Q8WVS4	WDR60_HUMAN	WDR60	WD repeat-containing protein 60	1.46488e+06
Q8WVT3	Q8WVT3	TPC12_HUMAN	TRAPPC12	Trafficking protein particle complex subunit 12	234494
Q8WVV9;Q8WVV9-4;Q8WVV9-5	Q8WVV9;Q8WVV9-2;Q8WVV9-3;Q8WVV9-4;Q8WVV9-5	HNRLL_HUMAN	HNRNPLL	Heterogeneous nuclear ribonucleoprotein L-like	1.05724e+06
Q8WVX3;Q8WVX3-2	Q8WVX3;Q8WVX3-2	CD003_HUMAN	C4orf3	Uncharacterized protein C4orf3	17718
Q8WVX9	Q8WVX9	FACR1_HUMAN	FAR1	Fatty acyl-CoA reductase 1	1.07056e+06
Q8WVY7	Q8WVY7	UBCP1_HUMAN	UBLCP1	Ubiquitin-like domain-containing CTD phosphatase 1	1.39663e+06
Q8WW01	Q8WW01	SEN15_HUMAN	TSEN15	tRNA-splicing endonuclease subunit Sen15	204229
Q8WW12	Q8WW12;Q8WW12-3	PCNP_HUMAN	PCNP	PEST proteolytic signal-containing nuclear protein	1.38751e+06
Q8WW22;Q8WW22-2;Q8WW22-3	Q8WW22;Q8WW22-2;Q8WW22-3	DNJA4_HUMAN	DNAJA4	DnaJ homolog subfamily A member 4	316621
Q8WW59	Q8WW59	SPRY4_HUMAN	SPRYD4	SPRY domain-containing protein 4	938401
Q8WWC4	Q8WWC4	MAIP1_HUMAN	MAIP1	m-AAA protease-interacting protein 1, mitochondrial	472411
Q8WWH5	Q8WWH5	TRUB1_HUMAN	TRUB1	Probable tRNA pseudouridine synthase 1	445329
Q8WWI1	Q8WWI1;Q8WWI1-2;Q8WWI1-3;Q8WWI1-4;Q8WWI1-5	LMO7_HUMAN	LMO7	LIM domain only protein 7	4.47492e+06
Q8WWI5;Q8WWI5-2;Q8WWI5-3	Q8WWI5;Q8WWI5-2;Q8WWI5-3	CTL1_HUMAN	SLC44A1	Choline transporter-like protein 1	593901
Q8WWK9;Q8WWK9-5;Q8WWK9-6	Q8WWK9;Q8WWK9-6;Q8WWK9-5	CKAP2_HUMAN	CKAP2	Cytoskeleton-associated protein 2	364039
Q8WWM7	Q8WWM7;Q8WWM7-2;Q8WWM7-3;Q8WWM7-4;Q8WWM7-5;Q8WWM7-6;Q8WWM7-8;Q8WWM7-9	ATX2L_HUMAN	ATXN2L	Ataxin-2-like protein	3.60091e+06
Q8WWN8	Q8WWN8	ARAP3_HUMAN	ARAP3	Arf-GAP with Rho-GAP domain, ANK repeat and PH domain-containing protein 3	50147
Q8WWQ0	Q8WWQ0	PHIP_HUMAN	PHIP	PH-interacting protein	2.01809e+06
Q8WWQ0;Q9NSI6;Q9NSI6-2;Q9NSI6-3	Q9NSI6;Q9NSI6-2;Q9NSI6-3;Q8WWQ0	BRWD1_HUMAN;PHIP_HUMAN	BRWD1;PHIP	PH-interacting protein	64473
Q8WWV3	Q8WWV3;Q8WWV3-3	RT4I1_HUMAN	RTN4IP1	Reticulon-4-interacting protein 1, mitochondrial	346754
Q8WWY3	Q8WWY3	PRP31_HUMAN	PRPF31	U4/U6 small nuclear ribonucleoprotein Prp31	1.40817e+06
Q8WX92;Q8WX92-2	Q8WX92;Q8WX92-2	NELFB_HUMAN	NELFB	Negative elongation factor B	1.49111e+06
Q8WX93	Q8WX93;Q8WX93-3;Q8WX93-4;Q8WX93-5;Q8WX93-7;Q8WX93-8	PALLD_HUMAN	PALLD	Palladin	1.40193e+06
Q8WXA3;Q8WXA3-1;Q8WXA3-3	Q8WXA3;Q8WXA3-1;Q8WXA3-3	RUFY2_HUMAN	RUFY2	RUN and FYVE domain-containing protein 2	165976
Q8WXA9;Q8WXA9-2	Q8WXA9;Q8WXA9-2	SREK1_HUMAN	SREK1	Splicing regulatory glutamine/lysine-rich protein 1	507896
Q8WXD5	Q8WXD5	GEMI6_HUMAN	GEMIN6	Gem-associated protein 6	382178
Q8WXD9	Q8WXD9	CSKI1_HUMAN	CASKIN1	Caskin-1	184814
Q8WXD9;Q8WXE0;Q8WXE0-2	Q8WXE0;Q8WXE0-2;Q8WXD9	CSKI1_HUMAN;CSKI2_HUMAN	CASKIN1;CASKIN2	Caskin-1	57732
Q8WXE0;Q8WXE0-2	Q8WXE0;Q8WXE0-2	CSKI2_HUMAN	CASKIN2	Caskin-2	182541
Q8WXE1;Q8WXE1-2	Q8WXE1;Q8WXE1-2;Q8WXE1-3;Q8WXE1-5	ATRIP_HUMAN	ATRIP	ATR-interacting protein	161578
Q8WXF1	Q8WXF1;Q8WXF1-2	PSPC1_HUMAN	PSPC1	Paraspeckle component 1	2.77746e+06
Q8WXG6	Q8WXG6;Q8WXG6-2;Q8WXG6-3;Q8WXG6-4;Q8WXG6-5;Q8WXG6-6;Q8WXG6-7;Q8WXG6-8	MADD_HUMAN	MADD	MAP kinase-activating death domain protein	761463
Q8WXH0;Q8WXH0-2	Q8WXH0;Q8WXH0-2;Q8WXH0-7	SYNE2_HUMAN	SYNE2	Nesprin-2	4.99314e+06
Q8WXI2;Q8WXI2-2;Q8WXI2-4;Q8WXI2-5	Q8WXI2;Q8WXI2-2;Q8WXI2-4;Q8WXI2-5	CNKR2_HUMAN	CNKSR2	Connector enhancer of kinase suppressor of ras 2	613210
Q8WXI7	Q8WXI7	MUC16_HUMAN	MUC16	Mucin-16	271851
Q8WXI9	Q8WXI9	P66B_HUMAN	GATAD2B	Transcriptional repressor p66-beta	1.41676e+06
Q8WXW3	Q8WXW3;Q8WXW3-2	PIBF1_HUMAN	PIBF1	Progesterone-induced-blocking factor 1	332693
Q8WXX5	Q8WXX5	DNJC9_HUMAN	DNAJC9	DnaJ homolog subfamily C member 9	1.11935e+06
Q8WY22	Q8WY22	BRI3B_HUMAN	BRI3BP	BRI3-binding protein	984969
Q8WY36;Q8WY36-2	Q8WY36;Q8WY36-2	BBX_HUMAN	BBX	HMG box transcription factor BBX	188413
Q8WY54;Q8WY54-3	Q8WY54;Q8WY54-3	PPM1E_HUMAN	PPM1E	Protein phosphatase 1E	26650
Q8WY91	Q8WY91	THAP4_HUMAN	THAP4	THAP domain-containing protein 4	7185
Q8WYA0	Q8WYA0	IFT81_HUMAN	IFT81	Intraflagellar transport protein 81 homolog	611009
Q8WYA6;Q8WYA6-4	Q8WYA6;Q8WYA6-4	CTBL1_HUMAN	CTNNBL1	Beta-catenin-like protein 1	1.97767e+06
Q8WYH8;Q8WYH8-2	Q9UNL4;Q9UNL4-2;Q9UNL4-3;Q9UNL4-4;Q9UNL4-5;Q9UNL4-6;Q9UNL4-7;Q9UNL4-8;Q8WYH8;Q8WYH8-2	ING5_HUMAN	ING5	Inhibitor of growth protein 5	90619
Q8WYK2;Q8WYK2-2	Q8WYK2;Q8WYK2-2	JDP2_HUMAN	JDP2	Jun dimerization protein 2	53831
Q8WYP5;Q8WYP5-2;Q8WYP5-3	Q8WYP5;Q8WYP5-2;Q8WYP5-3	ELYS_HUMAN	AHCTF1	Protein ELYS	2.62506e+06
Q8WYQ5;Q8WYQ5-3	Q8WYQ5;Q8WYQ5-3	DGCR8_HUMAN	DGCR8	Microprocessor complex subunit DGCR8	90638
Q8WZ42;Q8WZ42-11;Q8WZ42-12;Q8WZ42-13;Q8WZ42-2;Q8WZ42-4;Q8WZ42-5;Q8WZ42-7;Q8WZ42-8	Q8WZ42;Q8WZ42-2;Q8WZ42-4;Q8WZ42-5;Q8WZ42-7;Q8WZ42-8;Q8WZ42-11;Q8WZ42-12;Q8WZ42-13	TITIN_HUMAN	TTN	Titin	1.54132e+06
Q8WZ79	Q8WZ79	DNS2B_HUMAN	DNASE2B	Deoxyribonuclease-2-beta	86440
Q8WZ82	Q8WZ82	OVCA2_HUMAN	OVCA2	Esterase OVCA2	513174
Q8WZA0;Q8WZA0-2	Q8WZA0;Q8WZA0-2	LZIC_HUMAN	LZIC	Protein LZIC	636572
Q8WZA9	Q8WZA9	IRGQ_HUMAN	IRGQ	Immunity-related GTPase family Q protein	256505
Q92466	Q92466;Q92466-2;Q92466-4	DDB2_HUMAN	DDB2	DNA damage-binding protein 2	2.45575e+06
Q92478	Q92478	CLC2B_HUMAN	CLEC2B	C-type lectin domain family 2 member B	108133
Q92485	Q92485;Q92485-2	ASM3B_HUMAN	SMPDL3B	Acid sphingomyelinase-like phosphodiesterase 3b	239789
Q92499	Q92499;Q92499-2	DDX1_HUMAN	DDX1	ATP-dependent RNA helicase DDX1	7.19402e+06
Q92503;Q92503-2;Q92503-3	Q92503;Q92503-2;Q92503-3	S14L1_HUMAN	SEC14L1	SEC14-like protein 1	123642
Q92504	Q92504	S39A7_HUMAN	SLC39A7	Zinc transporter SLC39A7	89438
Q92506	Q92506	DHB8_HUMAN	HSD17B8	Estradiol 17-beta-dehydrogenase 8	551661
Q92508	Q92508	PIEZ1_HUMAN	PIEZO1	Piezo-type mechanosensitive ion channel component 1	304492
Q92520	Q92520	FAM3C_HUMAN	FAM3C	Protein FAM3C	566541
Q92522	Q92522	H1X_HUMAN	H1FX	Histone H1x	3.61369e+06
Q92526-2	Q92526;Q92526-2;Q92526-3	TCPW_HUMAN	CCT6B	Isoform 2 of T-complex protein 1 subunit zeta-2	702112
Q92530	Q92530	PSMF1_HUMAN	PSMF1	Proteasome inhibitor PI31 subunit	661063
Q92538;Q92538-2;Q92538-3	Q92538;Q92538-2;Q92538-3	GBF1_HUMAN	GBF1	Golgi-specific brefeldin A-resistance guanine nucleotide exchange factor 1	1.81114e+06
Q92539	Q92539	LPIN2_HUMAN	LPIN2	Phosphatidate phosphatase LPIN2	399976
Q92540;Q92540-2;Q92540-4;Q92540-5	Q92540;Q92540-2;Q92540-4;Q92540-5	SMG7_HUMAN	SMG7	Protein SMG7	18852
Q92541	Q92541	RTF1_HUMAN	RTF1	RNA polymerase-associated protein RTF1 homolog	2.60199e+06
Q92542;Q92542-2	Q92542;Q92542-2	NICA_HUMAN	NCSTN	Nicastrin	484047
Q92544	Q92544	TM9S4_HUMAN	TM9SF4	Transmembrane 9 superfamily member 4	1.14043e+06
Q92545	Q92545	TM131_HUMAN	TMEM131	Transmembrane protein 131	109946
Q92547	Q92547	TOPB1_HUMAN	TOPBP1	DNA topoisomerase 2-binding protein 1	229705
Q92551	Q92551;Q92551-2	IP6K1_HUMAN	IP6K1	Inositol hexakisphosphate kinase 1	222168
Q92552;Q92552-2	Q92552;Q92552-2	RT27_HUMAN	MRPS27	28S ribosomal protein S27, mitochondrial	1.68082e+06
Q92558	Q92558	WASF1_HUMAN	WASF1	Wiskott-Aldrich syndrome protein family member 1	884268
Q92560	Q92560	BAP1_HUMAN	BAP1	Ubiquitin carboxyl-terminal hydrolase BAP1	19063
Q92561	Q92561	PHYIP_HUMAN	PHYHIP	Phytanoyl-CoA hydroxylase-interacting protein	132647
Q92562	Q92562	FIG4_HUMAN	FIG4	Polyphosphoinositide phosphatase	124552
Q92564;Q92564-3	Q92564;Q92564-2;Q92564-3	DCNL4_HUMAN	DCUN1D4	DCN1-like protein 4	97515
Q92564;Q92564-3;Q9BTE7	Q9BTE7;Q92564;Q92564-2;Q92564-3	DCNL4_HUMAN;DCNL5_HUMAN	DCUN1D4;DCUN1D5	DCN1-like protein 4	106012
Q92572	Q92572	AP3S1_HUMAN	AP3S1	AP-3 complex subunit sigma-1	662047
Q92574	Q92574;Q92574-2	TSC1_HUMAN	TSC1	Hamartin	126504
Q92575	Q92575	UBXN4_HUMAN	UBXN4	UBX domain-containing protein 4	328344
Q92576;Q92576-2	Q92576;Q92576-2	PHF3_HUMAN	PHF3	PHD finger protein 3	1.36537e+06
Q92581;Q92581-2;Q92581-3	Q92581;Q92581-2;Q92581-3	SL9A6_HUMAN	SLC9A6	Sodium/hydrogen exchanger 6	90521
Q92597	Q92597;Q92597-2;Q92597-3	NDRG1_HUMAN	NDRG1	Protein NDRG1	1.38826e+06
Q92598;Q92598-2	Q92598;Q92598-2;Q92598-3;Q92598-4	HS105_HUMAN	HSPH1	Heat shock protein 105 kDa	6.65676e+06
Q92599;Q92599-2;Q92599-4	Q92599;Q92599-2;Q92599-4	SEPT8_HUMAN	SEPTIN8	Septin-8	572917
Q92600	Q92600;Q92600-2;Q92600-3	CNOT9_HUMAN	CNOT9	CCR4-NOT transcription complex subunit 9	506072
Q92604	Q92604	LGAT1_HUMAN	LPGAT1	Acyl-CoA:lysophosphatidylglycerol acyltransferase 1	85986
Q92608	Q92608	DOCK2_HUMAN	DOCK2	Dedicator of cytokinesis protein 2	204202
Q92609;Q92609-2	Q92609;Q92609-2	TBCD5_HUMAN	TBC1D5	TBC1 domain family member 5	346441
Q92610	Q92610	ZN592_HUMAN	ZNF592	Zinc finger protein 592	258635
Q92613	Q92613	JADE3_HUMAN	JADE3	Protein Jade-3	493192
Q92614;Q92614-4	Q92614;Q92614-2;Q92614-3;Q92614-4;Q92614-5	MY18A_HUMAN	MYO18A	Unconventional myosin-XVIIIa	1.78295e+06
Q92615	Q92615	LAR4B_HUMAN	LARP4B	La-related protein 4B	936967
Q92616	Q92616	GCN1_HUMAN	GCN1	eIF-2-alpha kinase activator GCN1	1.48356e+07
Q92619	Q92619;Q92619-2	HMHA1_HUMAN	ARHGAP45	Rho GTPase-activating protein 45	219970
Q92620	Q92620	PRP16_HUMAN	DHX38	Pre-mRNA-splicing factor ATP-dependent RNA helicase PRP16	1.05917e+06
Q92621	Q92621	NU205_HUMAN	NUP205	Nuclear pore complex protein Nup205	5.82001e+06
Q92625	Q92625	ANS1A_HUMAN	ANKS1A	Ankyrin repeat and SAM domain-containing protein 1A	108102
Q92626	Q92626;Q92626-2	PXDN_HUMAN	PXDN	Peroxidasin homolog	494889
Q92636	Q92636;Q92636-2	FAN_HUMAN	NSMAF	Protein FAN	35004
Q92643	Q92643;Q92643-2	GPI8_HUMAN	PIGK	GPI-anchor transamidase	1.04052e+06
Q92665	Q92665	RT31_HUMAN	MRPS31	28S ribosomal protein S31, mitochondrial	723757
Q92667	Q92667;Q92667-2	AKAP1_HUMAN	AKAP1	A-kinase anchor protein 1, mitochondrial	8.85637e+06
Q92674	Q92674	CENPI_HUMAN	CENPI	Centromere protein I	51409
Q92685	Q92685	ALG3_HUMAN	ALG3	Dol-P-Man:Man(5)GlcNAc(2)-PP-Dol alpha-1,3-mannosyltransferase	512129
Q92688;Q92688-2	Q92688;Q92688-2	AN32B_HUMAN	ANP32B	Acidic leucine-rich nuclear phosphoprotein 32 family member B	6.78117e+06
Q92692	Q92692;Q92692-2	NECT2_HUMAN	NECTIN2	Nectin-2	152774
Q92696	Q92696	PGTA_HUMAN	RABGGTA	Geranylgeranyl transferase type-2 subunit alpha	776084
Q92729;Q92729-2;Q92729-3;Q92729-4	Q92729;Q92729-2;Q92729-3;Q92729-4	PTPRU_HUMAN	PTPRU	Receptor-type tyrosine-protein phosphatase U	37111
Q92733	Q92733	PRCC_HUMAN	PRCC	Proline-rich protein PRCC	483027
Q92734;Q92734-2;Q92734-3;Q92734-4	Q92734;Q92734-2;Q92734-3;Q92734-4	TFG_HUMAN	TFG	Protein TFG	2.11698e+06
Q92736;Q92736-2	Q92736;Q92736-2	RYR2_HUMAN	RYR2	Ryanodine receptor 2	192519
Q92738;Q92738-2	Q92738;Q92738-2	US6NL_HUMAN	USP6NL	USP6 N-terminal-like protein	246779
Q92743	Q92743	HTRA1_HUMAN	HTRA1	Serine protease HTRA1	70471
Q92747	Q92747	ARC1A_HUMAN	ARPC1A	Actin-related protein 2/3 complex subunit 1A	717524
Q92750;Q92750-2	Q92750;Q92750-2	TAF4B_HUMAN	TAF4B	Transcription initiation factor TFIID subunit 4B	61693
Q92759	Q92759	TF2H4_HUMAN	GTF2H4	General transcription factor IIH subunit 4	309361
Q92766;Q92766-2	Q92766;Q92766-2;Q92766-4	RREB1_HUMAN	RREB1	Ras-responsive element-binding protein 1	310875
Q92769	Q92769;Q92769-3	HDAC2_HUMAN	HDAC2	Histone deacetylase 2	1.59674e+06
Q92783;Q92783-2	Q92783;Q92783-2	STAM1_HUMAN	STAM	Signal transducing adapter molecule 1	440460
Q92785	Q92785;Q92785-2	REQU_HUMAN	DPF2	Zinc finger protein ubi-d4	344613
Q92793;Q92793-2	Q92793;Q92793-2	CBP_HUMAN	CREBBP	CREB-binding protein	159258
Q92796;Q92796-2;Q92796-3	Q92796;Q92796-2;Q92796-3	DLG3_HUMAN	DLG3	Disks large homolog 3	746298
Q92797	Q92797	SYMPK_HUMAN	SYMPK	Symplekin	1.7792e+06
Q92800;Q92800-2;Q92800-3;Q92800-4;Q92800-5	Q92800;Q92800-2;Q92800-3;Q92800-4;Q92800-5	EZH1_HUMAN	EZH1	Histone-lysine N-methyltransferase EZH1	31764
Q92804;Q92804-2	Q92804;Q92804-2	RBP56_HUMAN	TAF15	TATA-binding protein-associated factor 2N	425500
Q92805	Q92805	GOGA1_HUMAN	GOLGA1	Golgin subfamily A member 1	363805
Q92817	Q92817	EVPL_HUMAN	EVPL	Envoplakin	529287
Q92820	Q92820	GGH_HUMAN	GGH	Gamma-glutamyl hydrolase	2.52732e+06
Q92823;Q92823-2;Q92823-3;Q92823-4;Q92823-5;Q92823-6	Q92823;Q92823-2;Q92823-3;Q92823-4;Q92823-5;Q92823-6	NRCAM_HUMAN	NRCAM	Neuronal cell adhesion molecule	44606
Q92828	Q92828	COR2A_HUMAN	CORO2A	Coronin-2A	25167
Q92830;Q92830-2	Q92830;Q92830-2	KAT2A_HUMAN	KAT2A	Histone acetyltransferase KAT2A	430325
Q92834;Q92834-2;Q92834-4	Q92834;Q92834-2;Q92834-4	RPGR_HUMAN	RPGR	X-linked retinitis pigmentosa GTPase regulator	634445
Q92841	Q92841;Q92841-1;Q92841-2;Q92841-3	DDX17_HUMAN	DDX17	Probable ATP-dependent RNA helicase DDX17	1.23516e+07
Q92843-2	Q92843-2;Q86U42;Q86U42-2	B2CL2_HUMAN	BCL2L2	Isoform 3 of Bcl-2-like protein 2	767924
Q92844;Q92844-2;Q92844-3	Q92844;Q92844-2;Q92844-3	TANK_HUMAN	TANK	TRAF family member-associated NF-kappa-B activator	48159
Q92845;Q92845-2;Q92845-3	Q92845;Q92845-2;Q92845-3	KIFA3_HUMAN	KIFAP3	Kinesin-associated protein 3	249291
Q92851;Q92851-4	Q92851;Q92851-4	CASPA_HUMAN	CASP10	Caspase-10	44077
Q92859;Q92859-2;Q92859-3;Q92859-4	Q92859;Q92859-2;Q92859-3;Q92859-4	NEO1_HUMAN	NEO1	Neogenin	362469
Q92870;Q92870-2;Q92870-3;Q92870-4	Q92870;Q92870-2;Q92870-3;Q92870-4	APBB2_HUMAN	APBB2	Amyloid-beta A4 precursor protein-binding family B member 2	54542
Q92878;Q92878-2	Q92878;Q92878-2;Q92878-3	RAD50_HUMAN	RAD50	DNA repair protein RAD50	4.91644e+06
Q92879;Q92879-2;Q92879-3;Q92879-4;Q92879-5;Q92879-6	Q92879;Q92879-2;Q92879-3;Q92879-4;Q92879-5;Q92879-6	CELF1_HUMAN	CELF1	CUGBP Elav-like family member 1	1.24384e+06
Q92882	Q92882	OSTF1_HUMAN	OSTF1	Osteoclast-stimulating factor 1	526710
Q92887	Q92887	MRP2_HUMAN	ABCC2	Canalicular multispecific organic anion transporter 1	393431
Q92888;Q92888-3	Q92888;Q92888-2;Q92888-3;Q92888-4	ARHG1_HUMAN	ARHGEF1	Rho guanine nucleotide exchange factor 1	1.86219e+06
Q92889	Q92889	XPF_HUMAN	ERCC4	DNA repair endonuclease XPF	285719
Q92890;Q92890-1	Q92890;Q92890-1;Q92890-3	UFD1_HUMAN	UFD1	Ubiquitin recognition factor in ER-associated degradation protein 1	765044
Q92896;Q92896-2;Q92896-3	Q92896;Q92896-2;Q92896-3	GSLG1_HUMAN	GLG1	Golgi apparatus protein 1	1.43334e+06
Q92900;Q92900-2	Q92900;Q92900-2	RENT1_HUMAN	UPF1	Regulator of nonsense transcripts 1	6.09565e+06
Q92905	Q92905	CSN5_HUMAN	COPS5	COP9 signalosome complex subunit 5	743561
Q92917	Q92917	GPKOW_HUMAN	GPKOW	G-patch domain and KOW motifs-containing protein	1.10688e+06
Q92922	Q92922	SMRC1_HUMAN	SMARCC1	SWI/SNF complex subunit SMARCC1	621651
Q92925;Q92925-3	Q92925;Q92925-2;Q92925-3	SMRD2_HUMAN	SMARCD2	SWI/SNF-related matrix-associated actin-dependent regulator of chromatin subfamily D member 2	426280
Q92925;Q92925-3;Q96GM5	Q6STE5;Q6STE5-2;Q92925;Q92925-2;Q92925-3;Q96GM5;Q96GM5-2	SMRD1_HUMAN;SMRD2_HUMAN	SMARCD1;SMARCD2	SWI/SNF-related matrix-associated actin-dependent regulator of chromatin subfamily D member 2	128832
Q92930	Q92930	RAB8B_HUMAN	RAB8B	Ras-related protein Rab-8B	544084
Q92932;Q92932-2;Q92932-3;Q92932-4	Q92932;Q92932-2;Q92932-3;Q92932-4	PTPR2_HUMAN	PTPRN2	Receptor-type tyrosine-protein phosphatase N2	21360
Q92934	Q92934	BAD_HUMAN	BAD	Bcl2-associated agonist of cell death	84298
Q92945	Q92945	FUBP2_HUMAN	KHSRP	Far upstream element-binding protein 2	1.25772e+07
Q92945;Q96AE4	Q92945;Q96AE4;Q96AE4-2	FUBP1_HUMAN;FUBP2_HUMAN	FUBP1;KHSRP	Far upstream element-binding protein 2	521768
Q92945;Q96AE4;Q96I24	Q92945;Q96I24;Q96I24-2;Q96AE4;Q96AE4-2	FUBP1_HUMAN;FUBP2_HUMAN;FUBP3_HUMAN	FUBP1;FUBP3;KHSRP	Far upstream element-binding protein 2	927678
Q92947	Q92947;Q92947-2	GCDH_HUMAN	GCDH	Glutaryl-CoA dehydrogenase, mitochondrial	338836
Q92963;Q92963-2;Q92963-3	Q92963;Q92963-2;Q92963-3	RIT1_HUMAN	RIT1	GTP-binding protein Rit1	20401
Q92968	Q92968	PEX13_HUMAN	PEX13	Peroxisomal membrane protein PEX13	99632
Q92973;Q92973-2	Q92973;Q92973-2;Q92973-3	TNPO1_HUMAN	TNPO1	Transportin-1	1.07914e+07
Q92974;Q92974-2;Q92974-3	Q92974;Q92974-2;Q92974-3	ARHG2_HUMAN	ARHGEF2	Rho guanine nucleotide exchange factor 2	3.18444e+06
Q92979	Q92979	NEP1_HUMAN	EMG1	Ribosomal RNA small subunit methyltransferase NEP1	1.12628e+06
Q92989;Q92989-2	Q92989;Q92989-2	CLP1_HUMAN	CLP1	Polyribonucleotide 5'-hydroxyl-kinase Clp1	341315
Q92990	Q92990;Q92990-2	GLMN_HUMAN	GLMN	Glomulin	286728
Q92994;Q92994-5	Q92994;Q92994-3;Q92994-5;Q92994-7;Q92994-8;Q92994-9	TF3B_HUMAN	BRF1	Transcription factor IIIB 90 kDa subunit	31103
Q92995	Q92995;Q92995-2	UBP13_HUMAN	USP13	Ubiquitin carboxyl-terminal hydrolase 13	732042
Q92997	Q92997;Q92997-2	DVL3_HUMAN	DVL3	Segment polarity protein dishevelled homolog DVL-3	112160
Q93008;Q93008-1	Q93008;Q93008-1	USP9X_HUMAN	USP9X	Probable ubiquitin carboxyl-terminal hydrolase FAF-X	2.57297e+06
Q93009;Q93009-3	Q93009;Q93009-3	UBP7_HUMAN	USP7	Ubiquitin carboxyl-terminal hydrolase 7	3.69308e+06
Q93034	Q93034	CUL5_HUMAN	CUL5	Cullin-5	990629
Q93045;Q93045-2	Q93045;Q93045-2	STMN2_HUMAN	STMN2	Stathmin-2	1.14502e+06
Q93050;Q93050-1;Q93050-3	Q93050;Q93050-1;Q93050-3	VPP1_HUMAN	ATP6V0A1	V-type proton ATPase 116 kDa subunit a isoform 1	683204
Q93050;Q93050-1;Q93050-3;Q9Y487	Q93050;Q93050-1;Q93050-3;Q9Y487	VPP1_HUMAN;VPP2_HUMAN	ATP6V0A1;ATP6V0A2	V-type proton ATPase 116 kDa subunit a isoform 1	69141
Q93052	Q93052	LPP_HUMAN	LPP	Lipoma-preferred partner	2.17212e+06
Q93062;Q93062-2;Q93062-3;Q93062-4;Q93062-5	Q93062;Q93062-2;Q93062-3;Q93062-4;Q93062-5	RBPMS_HUMAN	RBPMS	RNA-binding protein with multiple splicing	46194
Q93073;Q93073-2	Q93073;Q93073-2	SBP2L_HUMAN	SECISBP2L	Selenocysteine insertion sequence-binding protein 2-like	366973
Q93074;Q93074-2;Q93074-3	Q93074;Q93074-2;Q93074-3	MED12_HUMAN	MED12	Mediator of RNA polymerase II transcription subunit 12	379968
Q93096	Q93096	TP4A1_HUMAN	PTP4A1	Protein tyrosine phosphatase type IVA 1	797105
Q93100;Q93100-2;Q93100-3;Q93100-4	Q93100;Q93100-2;Q93100-3;Q93100-4	KPBB_HUMAN	PHKB	Phosphorylase b kinase regulatory subunit beta	283562
Q969E2;Q969E2-2	Q969E2;Q969E2-2;Q969E2-3	SCAM4_HUMAN	SCAMP4	Secretory carrier-associated membrane protein 4	209263
Q969E8	Q969E8	TSR2_HUMAN	TSR2	Pre-rRNA-processing protein TSR2 homolog	211648
Q969F1	Q969F1	TF3C6_HUMAN	GTF3C6	General transcription factor 3C polypeptide 6	3372
Q969F2;Q969F2-2	Q969F2;Q969F2-2	NKD2_HUMAN	NKD2	Protein naked cuticle homolog 2	351209
Q969F9	Q969F9;Q969F9-2	HPS3_HUMAN	HPS3	Hermansky-Pudlak syndrome 3 protein	276895
Q969G3;Q969G3-2	Q969G3;Q969G3-2	SMCE1_HUMAN	SMARCE1	SWI/SNF-related matrix-associated actin-dependent regulator of chromatin subfamily E member 1	895410
Q969H6;Q969H6-2	Q969H6;Q969H6-2	POP5_HUMAN	POP5	Ribonuclease P/MRP protein subunit POP5	65159
Q969H8	Q969H8	MYDGF_HUMAN	MYDGF	Myeloid-derived growth factor	1.84765e+06
Q969J2	Q969J2	ZKSC4_HUMAN	ZKSCAN4	Zinc finger protein with KRAB and SCAN domains 4	40217
Q969J3	Q969J3	BORC5_HUMAN	BORCS5	BLOC-1-related complex subunit 5	129830
Q969K3;Q969K3-2	Q969K3;Q969K3-2	RNF34_HUMAN	RNF34	E3 ubiquitin-protein ligase RNF34	43068
Q969L2	Q969L2	MAL2_HUMAN	MAL2	Protein MAL2	371995
Q969M3;Q969M3-3	Q969M3;Q969M3-3	YIPF5_HUMAN	YIPF5	Protein YIPF5	122292
Q969N2;Q969N2-5	Q969N2;Q969N2-2;Q969N2-4;Q969N2-5;Q969N2-6	PIGT_HUMAN	PIGT	GPI transamidase component PIG-T	759204
Q969Q0	Q969Q0;P83881	RL36L_HUMAN	RPL36AL	60S ribosomal protein L36a-like	1.62764e+06
Q969Q5	Q969Q5	RAB24_HUMAN	RAB24	Ras-related protein Rab-24	52794
Q969R2;Q969R2-2;Q969R2-3;Q969R2-6	Q969R2;Q969R2-2;Q969R2-3;Q969R2-4;Q969R2-5;Q969R2-6	OSBP2_HUMAN	OSBP2	Oxysterol-binding protein 2	300419
Q969R5	Q969R5;Q969R5-2;Q969R5-3	LMBL2_HUMAN	L3MBTL2	Lethal(3)malignant brain tumor-like protein 2	188662
Q969R8	Q969R8	ITFG2_HUMAN	ITFG2	KICSTOR complex protein ITFG2	78639
Q969S0;Q969S0-2;Q969S0-3	Q969S0;Q969S0-2;Q969S0-3	S35B4_HUMAN	SLC35B4	UDP-xylose and UDP-N-acetylglucosamine transporter	100727
Q969S3	Q969S3	ZN622_HUMAN	ZNF622	Zinc finger protein 622	1.40011e+06
Q969S9;Q969S9-3	Q969S9;Q969S9-2;Q969S9-3;Q969S9-4;Q969S9-5	RRF2M_HUMAN	GFM2	Ribosome-releasing factor 2, mitochondrial	786419
Q969T4;Q96LR5	Q96LR5;Q969T4	UB2E2_HUMAN;UB2E3_HUMAN	UBE2E2;UBE2E3	Ubiquitin-conjugating enzyme E2 E3	180122
Q969T9	Q969T9	WBP2_HUMAN	WBP2	WW domain-binding protein 2	174490
Q969U7;Q969U7-2	Q969U7;Q969U7-2	PSMG2_HUMAN	PSMG2	Proteasome assembly chaperone 2	592692
Q969V3;Q969V3-2	Q969V3;Q969V3-2	NCLN_HUMAN	NCLN	Nicalin	2.85892e+06
Q969V5	Q969V5	MUL1_HUMAN	MUL1	Mitochondrial ubiquitin ligase activator of NFKB 1	176665
Q969V6	Q969V6	MRTFA_HUMAN	MRTFA	Myocardin-related transcription factor A	47442
Q969X1	Q969X1	LFG3_HUMAN	TMBIM1	Protein lifeguard 3	88345
Q969X5;Q969X5-2	Q969X5;Q969X5-2	ERGI1_HUMAN	ERGIC1	Endoplasmic reticulum-Golgi intermediate compartment protein 1	952831
Q969X6	Q969X6;Q969X6-2;Q969X6-3	UTP4_HUMAN	UTP4	U3 small nucleolar RNA-associated protein 4 homolog	1.53376e+06
Q969Y2;Q969Y2-2;Q969Y2-3;Q969Y2-4	Q969Y2;Q969Y2-2;Q969Y2-3;Q969Y2-4	GTPB3_HUMAN	GTPBP3	tRNA modification GTPase GTPBP3, mitochondrial	443950
Q969Z0	Q969Z0;Q969Z0-2	FAKD4_HUMAN	TBRG4	FAST kinase domain-containing protein 4	487111
Q969Z3	Q969Z3;Q969Z3-2	MARC2_HUMAN	MTARC2	Mitochondrial amidoxime reducing component 2	133230
Q96A08	Q96A08;P33778;P62807;Q16778;Q99877;Q93079;P57053;P58876;Q99880;Q5QNW6;Q5QNW6-2;P06899;P23527;Q99879;O60814;Q8N257	H2B1A_HUMAN	H2BC1	Histone H2B type 1-A	2.29251e+07
Q96A26	Q96A26	F162A_HUMAN	FAM162A	Protein FAM162A	645568
Q96A33;Q96A33-2	Q96A33;Q96A33-2	CCD47_HUMAN	CCDC47	Coiled-coil domain-containing protein 47	3.54348e+06
Q96A35	Q96A35	RM24_HUMAN	MRPL24	39S ribosomal protein L24, mitochondrial	575324
Q96A49	Q96A49	SYAP1_HUMAN	SYAP1	Synapse-associated protein 1	771338
Q96A57;Q96A57-2	Q96A57;Q96A57-2	TM230_HUMAN	TMEM230	Transmembrane protein 230	106416
Q96A61;Q96A61-2	Q96A61;Q96A61-2	TRI52_HUMAN	TRIM52	E3 ubiquitin-protein ligase TRIM52	796243
Q96A65	Q96A65	EXOC4_HUMAN	EXOC4	Exocyst complex component 4	1.00538e+06
Q96A73;Q96A73-2	Q96A73;Q96A73-2;Q96A73-3	P33MX_HUMAN	KIAA1191	Putative monooxygenase p33MONOX	74694
Q96AA3	Q96AA3	RFT1_HUMAN	RFT1	Protein RFT1 homolog	182790
Q96AB3;Q96AB3-2;Q96AB3-3	Q96AB3;Q96AB3-2;Q96AB3-3	ISOC2_HUMAN	ISOC2	Isochorismatase domain-containing protein 2	279062
Q96AC1;Q96AC1-3	Q96AC1;Q96AC1-2;Q96AC1-3	FERM2_HUMAN	FERMT2	Fermitin family homolog 2	2.35497e+06
Q96AC1;Q96AC1-3;Q9BQL6	Q96AC1;Q96AC1-2;Q96AC1-3;Q9BQL6;Q9BQL6-2;Q9BQL6-4	FERM1_HUMAN;FERM2_HUMAN	FERMT1;FERMT2	Fermitin family homolog 2	349221
Q96AD5	Q96AD5	PLPL2_HUMAN	PNPLA2	Patatin-like phospholipase domain-containing protein 2	52643
Q96AE4	Q96AE4;Q96AE4-2	FUBP1_HUMAN	FUBP1	Far upstream element-binding protein 1	1.32081e+07
Q96AE4;Q96I24	Q96I24;Q96I24-2;Q96AE4;Q96AE4-2	FUBP1_HUMAN;FUBP3_HUMAN	FUBP1;FUBP3	Far upstream element-binding protein 1	80984
Q96AE7	Q96AE7;Q96AE7-2	TTC17_HUMAN	TTC17	Tetratricopeptide repeat protein 17	404905
Q96AG4	Q96AG4	LRC59_HUMAN	LRRC59	Leucine-rich repeat-containing protein 59	5.99261e+06
Q96AH0;Q96AH0-3	Q96AH0;Q96AH0-3	SOSB2_HUMAN	NABP1	SOSS complex subunit B2	41542
Q96AJ9;Q96AJ9-1	Q96AJ9;Q96AJ9-1	VTI1A_HUMAN	VTI1A	Vesicle transport through interaction with t-SNAREs homolog 1A	71534
Q96AQ6;Q96AQ6-2	Q96AQ6;Q96AQ6-2;Q96AQ6-3	PBIP1_HUMAN	PBXIP1	Pre-B-cell leukemia transcription factor-interacting protein 1	555842
Q96AT1	Q96AT1	K1143_HUMAN	KIAA1143	Uncharacterized protein KIAA1143	96803
Q96AT9;Q96AT9-2;Q96AT9-3;Q96AT9-5	Q96AT9;Q96AT9-2;Q96AT9-3;Q96AT9-5	RPE_HUMAN	RPE	Ribulose-phosphate 3-epimerase	180786
Q96AX1	Q96AX1	VP33A_HUMAN	VPS33A	Vacuolar protein sorting-associated protein 33A	583874
Q96AY2;Q96AY2-2	Q96AY2;Q96AY2-2	EME1_HUMAN	EME1	Crossover junction endonuclease EME1	939585
Q96AY3	Q96AY3;Q96AY3-2	FKB10_HUMAN	FKBP10	Peptidyl-prolyl cis-trans isomerase FKBP10	4.29988e+06
Q96AY4	Q96AY4	TTC28_HUMAN	TTC28	Tetratricopeptide repeat protein 28	1.23183e+06
Q96AZ6	Q96AZ6	ISG20_HUMAN	ISG20	Interferon-stimulated gene 20 kDa protein	147345
Q96B01;Q96B01-2	Q96B01;Q96B01-2;Q96B01-3	R51A1_HUMAN	RAD51AP1	RAD51-associated protein 1	52361
Q96B23;Q96B23-2	Q96B23;Q96B23-2	CR025_HUMAN	C18orf25	Uncharacterized protein C18orf25	173990
Q96B26	Q96B26	EXOS8_HUMAN	EXOSC8	Exosome complex component RRP43	1.61145e+06
Q96B36;Q96B36-3	Q96B36;Q96B36-2;Q96B36-3	AKTS1_HUMAN	AKT1S1	Proline-rich AKT1 substrate 1	174103
Q96B45	Q96B45	BORC7_HUMAN	BORCS7	BLOC-1-related complex subunit 7	140380
Q96B49	Q96B49	TOM6_HUMAN	TOMM6	Mitochondrial import receptor subunit TOM6 homolog	23513
Q96B54	Q96B54	ZN428_HUMAN	ZNF428	Zinc finger protein 428	55290
Q96B70	Q96B70	LENG9_HUMAN	LENG9	Leukocyte receptor cluster member 9	122334
Q96B77	Q96B77	TM186_HUMAN	TMEM186	Transmembrane protein 186	27351
Q96B97;Q96B97-2	Q96B97;Q96B97-2;Q96B97-3	SH3K1_HUMAN	SH3KBP1	SH3 domain-containing kinase-binding protein 1	2.21912e+06
Q96BD0;Q96BD0-2;Q96BD0-3;Q96BD0-4	Q96BD0;Q96BD0-2;Q96BD0-3;Q96BD0-4	SO4A1_HUMAN	SLCO4A1	Solute carrier organic anion transporter family member 4A1	73175
Q96BD5;Q96BD5-2;Q96BD5-3	Q96BD5;Q96BD5-2;Q96BD5-3	PF21A_HUMAN	PHF21A	PHD finger protein 21A	87474
Q96BD8;Q96BD8-2	Q96BD8;Q96BD8-2	SKA1_HUMAN	SKA1	Spindle and kinetochore-associated protein 1	177719
Q96BH1	Q96BH1	RNF25_HUMAN	RNF25	E3 ubiquitin-protein ligase RNF25	15554
Q96BI1	Q96BI1	S22AI_HUMAN	SLC22A18	Solute carrier family 22 member 18	152827
Q96BI3;Q96BI3-2	Q96BI3;Q96BI3-2	APH1A_HUMAN	APH1A	Gamma-secretase subunit APH-1A	116337
Q96BJ3	Q96BJ3	AIDA_HUMAN	AIDA	Axin interactor, dorsalization-associated protein	296549
Q96BJ8;Q96BJ8-3	Q96BJ8;Q96BJ8-3	ELMO3_HUMAN	ELMO3	Engulfment and cell motility protein 3	24405
Q96BK5	Q96BK5	PINX1_HUMAN	PINX1	PIN2/TERF1-interacting telomerase inhibitor 1	129527
Q96BM9	Q96BM9	ARL8A_HUMAN	ARL8A	ADP-ribosylation factor-like protein 8A	145224
Q96BM9;Q9NVJ2	Q9NVJ2;Q96BM9	ARL8A_HUMAN;ARL8B_HUMAN	ARL8A;ARL8B	ADP-ribosylation factor-like protein 8A	654371
Q96BN2	Q96BN2	TADA1_HUMAN	TADA1	Transcriptional adapter 1	71836
Q96BN8	Q96BN8	OTUL_HUMAN	OTULIN	Ubiquitin thioesterase otulin	1.73364e+06
Q96BP2	Q96BP2	CHCH1_HUMAN	CHCHD1	Coiled-coil-helix-coiled-coil-helix domain-containing protein 1	224550
Q96BP3	Q96BP3	PPWD1_HUMAN	PPWD1	Peptidylprolyl isomerase domain and WD repeat-containing protein 1	2.02662e+06
Q96BQ5	Q96BQ5	CC127_HUMAN	CCDC127	Coiled-coil domain-containing protein 127	160076
Q96BR5	Q96BR5	COA7_HUMAN	COA7	Cytochrome c oxidase assembly factor 7	164670
Q96BU1;Q96BU1-2	Q96BU1;Q96BU1-2	S1PBP_HUMAN	S100PBP	S100P-binding protein	216787
Q96BW1;Q96BW1-3	Q96BW1;Q96BW1-3	UPP_HUMAN	UPRT	Uracil phosphoribosyltransferase homolog	78611
Q96BW5;Q96BW5-2	Q96BW5;Q96BW5-2	PTER_HUMAN	PTER	Phosphotriesterase-related protein	137477
Q96BW9;Q96BW9-3	Q96BW9;Q96BW9-2;Q96BW9-3	TAM41_HUMAN	TAMM41	Phosphatidate cytidylyltransferase, mitochondrial	332186
Q96BX8	Q96BX8	MOB3A_HUMAN	MOB3A	MOB kinase activator 3A	18375
Q96BY7	Q96BY7	ATG2B_HUMAN	ATG2B	Autophagy-related protein 2 homolog B	192072
Q96BY9	Q96BY9	SARAF_HUMAN	SARAF	Store-operated calcium entry-associated regulatory factor	19891
Q96BZ8	Q96BZ8	LENG1_HUMAN	LENG1	Leukocyte receptor cluster member 1	77302
Q96C00	Q96C00	ZBTB9_HUMAN	ZBTB9	Zinc finger and BTB domain-containing protein 9	12102
Q96C01	Q96C01	F136A_HUMAN	FAM136A	Protein FAM136A	1.19745e+06
Q96C19	Q96C19	EFHD2_HUMAN	EFHD2	EF-hand domain-containing protein D2	1.35923e+06
Q96C19;Q9BUP0	Q96C19;Q9BUP0;Q9BUP0-2	EFHD1_HUMAN;EFHD2_HUMAN	EFHD1;EFHD2	EF-hand domain-containing protein D2	205974
Q96C23	Q96C23	GALM_HUMAN	GALM	Aldose 1-epimerase	481651
Q96C24	Q96C24	SYTL4_HUMAN	SYTL4	Synaptotagmin-like protein 4	222919
Q96C36	Q96C36	P5CR2_HUMAN	PYCR2	Pyrroline-5-carboxylate reductase 2	789077
Q96C55	Q96C55	ZN524_HUMAN	ZNF524	Zinc finger protein 524	29543
Q96C57	Q96C57	CSTOS_HUMAN	CUSTOS	Protein CUSTOS	675887
Q96C86	Q96C86	DCPS_HUMAN	DCPS	m7GpppX diphosphatase	1.10895e+06
Q96C90	Q96C90	PP14B_HUMAN	PPP1R14B	Protein phosphatase 1 regulatory subunit 14B	165154
Q96C92;Q96C92-2;Q96C92-3;Q96C92-4	Q96C92;Q96C92-2;Q96C92-3;Q96C92-4	ENTR1_HUMAN	ENTR1	Endosome-associated-trafficking regulator 1	54685
Q96CB8	Q96CB8	INT12_HUMAN	INTS12	Integrator complex subunit 12	235252
Q96CB9;Q96CB9-4	Q96CB9;Q96CB9-3;Q96CB9-4	NSUN4_HUMAN	NSUN4	5-methylcytosine rRNA methyltransferase NSUN4	267244
Q96CD2	Q96CD2;Q96CD2-2	COAC_HUMAN	PPCDC	Phosphopantothenoylcysteine decarboxylase	143059
Q96CF2	Q96CF2	CHM4C_HUMAN	CHMP4C	Charged multivesicular body protein 4c	69074
Q96CG3	Q96CG3	TIFA_HUMAN	TIFA	TRAF-interacting protein with FHA domain-containing protein A	37628
Q96CM3;Q96CM3-2	Q96CM3;Q96CM3-2	RUSD4_HUMAN	RPUSD4	Mitochondrial RNA pseudouridine synthase RPUSD4	26395
Q96CM8;Q96CM8-2;Q96CM8-3	Q96CM8;Q96CM8-2;Q96CM8-3;Q96CM8-4	ACSF2_HUMAN	ACSF2	Medium-chain acyl-CoA ligase ACSF2, mitochondrial	974520
Q96CN4;Q96CN4-2	Q96CN4;Q96CN4-2	EVI5L_HUMAN	EVI5L	EVI5-like protein	164559
Q96CN7	Q96CN7	ISOC1_HUMAN	ISOC1	Isochorismatase domain-containing protein 1	1.1547e+06
Q96CN9	Q96CN9	GCC1_HUMAN	GCC1	GRIP and coiled-coil domain-containing protein 1	97820
Q96CP2	Q96CP2	FWCH2_HUMAN	FLYWCH2	FLYWCH family member 2	708049
Q96CQ1	Q96CQ1;Q96CQ1-4	S2536_HUMAN	SLC25A36	Solute carrier family 25 member 36	75655
Q96CS2	Q96CS2;Q96CS2-2	HAUS1_HUMAN	HAUS1	HAUS augmin-like complex subunit 1	88691
Q96CS3	Q96CS3	FAF2_HUMAN	FAF2	FAS-associated factor 2	1.66051e+06
Q96CT2;Q96CT2-2	Q96CT2;Q96CT2-2	KLH29_HUMAN	KLHL29	Kelch-like protein 29	314148
Q96CT7	Q96CT7	CC124_HUMAN	CCDC124	Coiled-coil domain-containing protein 124	1.54838e+06
Q96CU9;Q96CU9-2;Q96CU9-3	Q96CU9;Q96CU9-2;Q96CU9-3	FXRD1_HUMAN	FOXRED1	FAD-dependent oxidoreductase domain-containing protein 1	146446
Q96CV9;Q96CV9-2;Q96CV9-3	Q96CV9;Q96CV9-2;Q96CV9-3	OPTN_HUMAN	OPTN	Optineurin	207148
Q96CW1;Q96CW1-2	Q96CW1;Q96CW1-2	AP2M1_HUMAN	AP2M1	AP-2 complex subunit mu	2.52182e+06
Q96CW5	Q96CW5;Q96CW5-2	GCP3_HUMAN	TUBGCP3	Gamma-tubulin complex component 3	777045
Q96CW6	Q96CW6	S7A6O_HUMAN	SLC7A6OS	Probable RNA polymerase II nuclear localization protein SLC7A6OS	80234
Q96D05;Q96D05-2	Q96D05;Q96D05-2	F241B_HUMAN	FAM241B	Protein FAM241B	25421
Q96D09	Q96D09	GASP2_HUMAN	GPRASP2	G-protein coupled receptor-associated sorting protein 2	176814
Q96D31;Q96D31-2	Q96D31;Q96D31-2	CRCM1_HUMAN	ORAI1	Calcium release-activated calcium channel protein 1	91799
Q96D46	Q96D46	NMD3_HUMAN	NMD3	60S ribosomal export protein NMD3	619243
Q96D53;Q96D53-2	Q96D53;Q96D53-2	COQ8B_HUMAN	COQ8B	Atypical kinase COQ8B, mitochondrial	251727
Q96D70	Q96D70	R3HD4_HUMAN	R3HDM4	R3H domain-containing protein 4	122984
Q96D71;Q96D71-3	Q96D71;Q96D71-2;Q96D71-3;Q96D71-4	REPS1_HUMAN	REPS1	RalBP1-associated Eps domain-containing protein 1	126543
Q96DA6;Q96DA6-2	Q96DA6;Q96DA6-2	TIM14_HUMAN	DNAJC19	Mitochondrial import inner membrane translocase subunit TIM14	530307
Q96DB5	Q96DB5	RMD1_HUMAN	RMDN1	Regulator of microtubule dynamics protein 1	1.12236e+06
Q96DE5	Q96DE5	APC16_HUMAN	ANAPC16	Anaphase-promoting complex subunit 16	42649
Q96DF8	Q96DF8	ESS2_HUMAN	ESS2	Splicing factor ESS-2 homolog	78668
Q96DG6	Q96DG6	CMBL_HUMAN	CMBL	Carboxymethylenebutenolidase homolog	2.207e+06
Q96DH6;Q96DH6-2	Q96DH6;Q96DH6-2	MSI2H_HUMAN	MSI2	RNA-binding protein Musashi homolog 2	733980
Q96DI7	Q96DI7;Q96DI7-2	SNR40_HUMAN	SNRNP40	U5 small nuclear ribonucleoprotein 40 kDa protein	1.80742e+06
Q96DM3	Q96DM3	RMC1_HUMAN	RMC1	Regulator of MON1-CCZ1 complex	366038
Q96DN5;Q96DN5-2;Q96DN5-3	Q96DN5;Q96DN5-2;Q96DN5-3	TBC31_HUMAN	TBC1D31	TBC1 domain family member 31	566635
Q96DN6	Q96DN6	MBD6_HUMAN	MBD6	Methyl-CpG-binding domain protein 6	258741
Q96DP5	Q96DP5	FMT_HUMAN	MTFMT	Methionyl-tRNA formyltransferase, mitochondrial	51482
Q96DT5	Q96DT5	DYH11_HUMAN	DNAH11	Dynein heavy chain 11, axonemal	640643
Q96DV4	Q96DV4;Q96DV4-2	RM38_HUMAN	MRPL38	39S ribosomal protein L38, mitochondrial	818155
Q96DX5;Q96DX5-2	Q96DX5;Q96DX5-2;Q96DX5-3	ASB9_HUMAN	ASB9	Ankyrin repeat and SOCS box protein 9	94579
Q96DY2;Q96DY2-2	Q96DY2;Q96DY2-2	DRC10_HUMAN	IQCD	Dynein regulatory complex protein 10	45779
Q96DZ1	Q96DZ1;Q96DZ1-2;Q96DZ1-3	ERLEC_HUMAN	ERLEC1	Endoplasmic reticulum lectin 1	528035
Q96E11;Q96E11-3;Q96E11-8	Q96E11;Q96E11-2;Q96E11-3;Q96E11-8	RRFM_HUMAN	MRRF	Ribosome-recycling factor, mitochondrial	630753
Q96E29;Q96E29-2;Q96E29-3	Q96E29;Q96E29-2;Q96E29-3	MTEF3_HUMAN	MTERF3	Transcription termination factor 3, mitochondrial	229661
Q96E39	Q96E39	RMXL1_HUMAN	RBMXL1	RNA binding motif protein, X-linked-like-1	192424
Q96EB1;Q96EB1-2;Q96EB1-3	Q96EB1;Q96EB1-2;Q96EB1-3	ELP4_HUMAN	ELP4	Elongator complex protein 4	202942
Q96EB6	Q96EB6	SIR1_HUMAN	SIRT1	NAD-dependent protein deacetylase sirtuin-1	432973
Q96EC8	Q96EC8	YIPF6_HUMAN	YIPF6	Protein YIPF6	80594
Q96ED9;Q96ED9-2	Q96ED9;Q96ED9-2	HOOK2_HUMAN	HOOK2	Protein Hook homolog 2	146684
Q96EE3;Q96EE3-1	Q96EE3;Q96EE3-1	SEH1_HUMAN	SEH1L	Nucleoporin SEH1	1.08709e+06
Q96EH3	Q96EH3	MASU1_HUMAN	MALSU1	Mitochondrial assembly of ribosomal large subunit protein 1	25129
Q96EI5;Q96EI5-2	Q96EI5;Q96EI5-2	TCAL4_HUMAN	TCEAL4	Transcription elongation factor A protein-like 4	253505
Q96EK5	Q96EK5	KBP_HUMAN	KIFBP	KIF-binding protein	787861
Q96EK6	Q96EK6	GNA1_HUMAN	GNPNAT1	Glucosamine 6-phosphate N-acetyltransferase	2.33737e+06
Q96EK7;Q96EK7-2	Q96EK7;Q96EK7-2	F120B_HUMAN	FAM120B	Constitutive coactivator of peroxisome proliferator-activated receptor gamma	99245
Q96EK9	Q96EK9	KTI12_HUMAN	KTI12	Protein KTI12 homolog	54113
Q96EL2	Q96EL2	RT24_HUMAN	MRPS24	28S ribosomal protein S24, mitochondrial	129710
Q96EL3	Q96EL3	RM53_HUMAN	MRPL53	39S ribosomal protein L53, mitochondrial	1.01896e+06
Q96EM0	Q96EM0	T3HPD_HUMAN	L3HYPDH	Trans-3-hydroxy-L-proline dehydratase	150970
Q96EN8	Q96EN8	MOCOS_HUMAN	MOCOS	Molybdenum cofactor sulfurase	1.35667e+06
Q96EP0	Q96EP0;Q96EP0-2;Q96EP0-3	RNF31_HUMAN	RNF31	E3 ubiquitin-protein ligase RNF31	237626
Q96EP5;Q96EP5-2	Q96EP5;Q96EP5-2	DAZP1_HUMAN	DAZAP1	DAZ-associated protein 1	3.35393e+06
Q96EQ0	Q96EQ0	SGTB_HUMAN	SGTB	Small glutamine-rich tetratricopeptide repeat-containing protein beta	81115
Q96ER3	Q96ER3	SAAL1_HUMAN	SAAL1	Protein SAAL1	393441
Q96ER9	Q96ER9	MITOK_HUMAN	CCDC51	Mitochondrial potassium channel	916195
Q96ES7	Q96ES7	SGF29_HUMAN	SGF29	SAGA-associated factor 29	475921
Q96EU6;Q96EU6-2	Q96EU6;Q96EU6-2	RRP36_HUMAN	RRP36	Ribosomal RNA processing protein 36 homolog	202828
Q96EU7	Q96EU7	C1GLC_HUMAN	C1GALT1C1	C1GALT1-specific chaperone 1	32878
Q96EV2	Q96EV2	RBM33_HUMAN	RBM33	RNA-binding protein 33	1.02848e+06
Q96EV8;Q96EV8-2	Q96EV8;Q96EV8-2	DTBP1_HUMAN	DTNBP1	Dysbindin	112487
Q96EX1	Q96EX1	SIM12_HUMAN	SMIM12	Small integral membrane protein 12	49315
Q96EX3	Q96EX3	WDR34_HUMAN	WDR34	WD repeat-containing protein 34	62876
Q96EY1	Q96EY1;Q96EY1-2;Q96EY1-3	DNJA3_HUMAN	DNAJA3	DnaJ homolog subfamily A member 3, mitochondrial	1.33054e+06
Q96EY4	Q96EY4	TMA16_HUMAN	TMA16	Translation machinery-associated protein 16	290688
Q96EY5	Q96EY5;Q96EY5-2;Q96EY5-3	MB12A_HUMAN	MVB12A	Multivesicular body subunit 12A	238184
Q96EY7	Q96EY7;Q96EY7-2	PTCD3_HUMAN	PTCD3	Pentatricopeptide repeat domain-containing protein 3, mitochondrial	1.05496e+06
Q96EY8	Q96EY8	MMAB_HUMAN	MMAB	Corrinoid adenosyltransferase	950286
Q96EZ8	Q96EZ8;Q96EZ8-2;Q96EZ8-3;Q96EZ8-4	MCRS1_HUMAN	MCRS1	Microspherule protein 1	230833
Q96F07	Q96F07;Q96F07-2	CYFP2_HUMAN	CYFIP2	Cytoplasmic FMR1-interacting protein 2	36615
Q96F24;Q96F24-2	Q96F24;Q96F24-2	NRBF2_HUMAN	NRBF2	Nuclear receptor-binding factor 2	34562
Q96F45;Q96F45-2;Q96F45-3;Q9H7S9	Q9H7S9;Q96F45;Q96F45-2;Q96F45-3	ZN503_HUMAN;ZN703_HUMAN	ZNF503;ZNF703	Zinc finger protein 503	9691
Q96F63	Q96F63	CCD97_HUMAN	CCDC97	Coiled-coil domain-containing protein 97	220524
Q96F86	Q96F86	EDC3_HUMAN	EDC3	Enhancer of mRNA-decapping protein 3	721936
Q96FB5;Q96FB5-2	Q96FB5;Q96FB5-2	RRNAD_HUMAN	RRNAD1	Protein RRNAD1	134141
Q96FC9-2;Q96FC9-3	Q96FC9;Q96FC9-2;Q96FC9-3	DDX11_HUMAN	DDX11	Isoform 2 of ATP-dependent DNA helicase DDX11	165905
Q96FF9	Q96FF9	CDCA5_HUMAN	CDCA5	Sororin	1.354e+06
Q96FH0	Q96FH0	BORC8_HUMAN	BORCS8	BLOC-1-related complex subunit 8	1905
Q96FJ0;Q96FJ0-2	Q96FJ0;Q96FJ0-2	STALP_HUMAN	STAMBPL1	AMSH-like protease	119274
Q96FJ2	Q96FJ2	DYL2_HUMAN	DYNLL2	Dynein light chain 2, cytoplasmic	213269
Q96FK6	Q96FK6	WDR89_HUMAN	WDR89	WD repeat-containing protein 89	172930
Q96FN4	Q96FN4	CPNE2_HUMAN	CPNE2	Copine-2	99573
Q96FQ6	Q96FQ6	S10AG_HUMAN	S100A16	Protein S100-A16	2.76427e+06
Q96FS4	Q96FS4	SIPA1_HUMAN	SIPA1	Signal-induced proliferation-associated protein 1	346795
Q96FV2;Q96FV2-2	Q96FV2;Q96FV2-2	SCRN2_HUMAN	SCRN2	Secernin-2	609870
Q96FV9	Q96FV9;Q96FV9-2	THOC1_HUMAN	THOC1	THO complex subunit 1	1.8656e+06
Q96FW1	Q96FW1	OTUB1_HUMAN	OTUB1	Ubiquitin thioesterase OTUB1	2.63173e+06
Q96FX2;Q96FX2-2	Q96FX2;Q96FX2-2	DPH3_HUMAN	DPH3	DPH3 homolog	52794
Q96FX7	Q96FX7	TRM61_HUMAN	TRMT61A	tRNA (adenine(58)-N(1))-methyltransferase catalytic subunit TRMT61A	397716
Q96FZ2	Q96FZ2	HMCES_HUMAN	HMCES	Abasic site processing protein HMCES	173425
Q96FZ7	Q96FZ7	CHMP6_HUMAN	CHMP6	Charged multivesicular body protein 6	146645
Q96G01;Q96G01-3;Q96G01-4	Q96G01;Q96G01-3;Q96G01-4	BICD1_HUMAN	BICD1	Protein bicaudal D homolog 1	197629
Q96G03	Q96G03	PGM2_HUMAN	PGM2	Phosphoglucomutase-2	2.95762e+06
Q96G21	Q96G21	IMP4_HUMAN	IMP4	U3 small nucleolar ribonucleoprotein protein IMP4	935073
Q96G23	Q96G23	CERS2_HUMAN	CERS2	Ceramide synthase 2	1.70825e+06
Q96G25;Q96G25-2	Q96G25;Q96G25-2;Q96G25-3	MED8_HUMAN	MED8	Mediator of RNA polymerase II transcription subunit 8	172910
Q96G28	Q96G28;Q96G28-2	CFA36_HUMAN	CFAP36	Cilia- and flagella-associated protein 36	723825
Q96G46	Q96G46;Q96G46-2	DUS3L_HUMAN	DUS3L	tRNA-dihydrouridine(47) synthase [NAD(P)(+)]-like	777863
Q96G74;Q96G74-3;Q96G74-5	Q96G74;Q96G74-2;Q96G74-3;Q96G74-4;Q96G74-5	OTUD5_HUMAN	OTUD5	OTU domain-containing protein 5	178232
Q96GA3	Q96GA3	LTV1_HUMAN	LTV1	Protein LTV1 homolog	626753
Q96GA7	Q96GA7	SDSL_HUMAN	SDSL	Serine dehydratase-like	502968
Q96GC5;Q96GC5-3	Q96GC5;Q96GC5-3	RM48_HUMAN	MRPL48	39S ribosomal protein L48, mitochondrial	538256
Q96GC9	Q96GC9;Q96GC9-2	VMP1_HUMAN	VMP1	Vacuole membrane protein 1	196724
Q96GD0	Q96GD0	PLPP_HUMAN	PDXP	Pyridoxal phosphate phosphatase	274489
Q96GD4;Q96GD4-2;Q96GD4-5	Q96GD4;Q96GD4-2;Q96GD4-3;Q96GD4-4;Q96GD4-5	AURKB_HUMAN	AURKB	Aurora kinase B	127749
Q96GE9;Q96GE9-2	Q96GE9;Q96GE9-2	DMAC1_HUMAN	DMAC1	Distal membrane-arm assembly complex protein 1	270664
Q96GG9	Q96GG9	DCNL1_HUMAN	DCUN1D1	DCN1-like protein 1	944470
Q96GJ1;Q96GJ1-2;Q96GJ1-3	Q96GJ1;Q96GJ1-2;Q96GJ1-3	TRM2_HUMAN	TRMT2B	tRNA (uracil(54)-C(5))-methyltransferase homolog	70369
Q96GK7	Q96GK7	FAH2A_HUMAN	FAHD2A	Fumarylacetoacetate hydrolase domain-containing protein 2A	335458
Q96GM5	Q96GM5;Q96GM5-2	SMRD1_HUMAN	SMARCD1	SWI/SNF-related matrix-associated actin-dependent regulator of chromatin subfamily D member 1	422519
Q96GM8	Q96GM8	TOE1_HUMAN	TOE1	Target of EGR1 protein 1	438555
Q96GN5;Q96GN5-2;Q96GN5-4;Q96GN5-5	Q96GN5;Q96GN5-2;Q96GN5-4;Q96GN5-5	CDA7L_HUMAN	CDCA7L	Cell division cycle-associated 7-like protein	65948
Q96GQ5	Q96GQ5	RUS1_HUMAN	C16orf58	RUS1 family protein C16orf58	129571
Q96GQ7	Q96GQ7	DDX27_HUMAN	DDX27	Probable ATP-dependent RNA helicase DDX27	2.39811e+06
Q96GS4	Q96GS4	BORC6_HUMAN	BORCS6	BLOC-1-related complex subunit 6	173694
Q96GV9	Q96GV9	MACIR_HUMAN	MACIR	Macrophage immunometabolism regulator	14098
Q96GW9	Q96GW9	SYMM_HUMAN	MARS2	Methionine--tRNA ligase, mitochondrial	106645
Q96GX2	Q96GX2	A7L3B_HUMAN	ATXN7L3B	Ataxin-7-like protein 3B	53869
Q96GX5;Q96GX5-2;Q96GX5-3	Q96GX5;Q96GX5-2;Q96GX5-3	GWL_HUMAN	MASTL	Serine/threonine-protein kinase greatwall	134673
Q96GX9	Q96GX9;Q96GX9-3	MTNB_HUMAN	APIP	Methylthioribulose-1-phosphate dehydratase	425468
Q96GZ6;Q96GZ6-2;Q96GZ6-5;Q96GZ6-6;Q96GZ6-7;Q96GZ6-9	Q96GZ6;Q96GZ6-2;Q96GZ6-5;Q96GZ6-6;Q96GZ6-7;Q96GZ6-8;Q96GZ6-9	S41A3_HUMAN	SLC41A3	Solute carrier family 41 member 3	52828
Q96H20	Q96H20;Q96H20-2	SNF8_HUMAN	SNF8	Vacuolar-sorting protein SNF8	358434
Q96H22;Q96H22-5	Q96H22;Q96H22-4;Q96H22-5	CENPN_HUMAN	CENPN	Centromere protein N	87024
Q96H35	Q96H35	RBM18_HUMAN	RBM18	Probable RNA-binding protein 18	60875
Q96H55	Q96H55;Q96H55-2;Q96H55-3;Q96H55-4	MYO19_HUMAN	MYO19	Unconventional myosin-XIX	538368
Q96H78	Q96H78	S2544_HUMAN	SLC25A44	Solute carrier family 25 member 44	36713
Q96H79	Q96H79;Q96H79-2	ZCCHL_HUMAN	ZC3HAV1L	Zinc finger CCCH-type antiviral protein 1-like	258956
Q96HA1	Q96HA1;Q96HA1-2;Q96HA1-3	P121A_HUMAN	POM121	Nuclear envelope pore membrane protein POM 121	30508
Q96HA7;Q96HA7-2	Q96HA7;Q96HA7-2	TONSL_HUMAN	TONSL	Tonsoku-like protein	555022
Q96HC4	Q96HC4;Q96HC4-2;Q96HC4-3;Q96HC4-4;Q96HC4-6;Q96HC4-7	PDLI5_HUMAN	PDLIM5	PDZ and LIM domain protein 5	1.31808e+06
Q96HD1;Q96HD1-2	Q96HD1;Q96HD1-2	CREL1_HUMAN	CRELD1	Protein disulfide isomerase CRELD1	111700
Q96HE7	Q96HE7	ERO1A_HUMAN	ERO1A	ERO1-like protein alpha	3.07374e+06
Q96HH6;Q96HH6-2	Q96HH6;Q96HH6-2	TMM19_HUMAN	TMEM19	Transmembrane protein 19	75446
Q96HI0;Q96HI0-2	Q96HI0;Q96HI0-2	SENP5_HUMAN	SENP5	Sentrin-specific protease 5	42681
Q96HJ9	Q96HJ9	FMC1_HUMAN	FMC1	Protein FMC1 homolog	37987
Q96HN2;Q96HN2-2;Q96HN2-3;Q96HN2-4	Q96HN2;Q96HN2-2;Q96HN2-3;Q96HN2-4	SAHH3_HUMAN	AHCYL2	Adenosylhomocysteinase 3	268324
Q96HP0	Q96HP0	DOCK6_HUMAN	DOCK6	Dedicator of cytokinesis protein 6	226014
Q96HP0;Q96N67;Q96N67-2;Q96N67-6	Q96HP0;Q96N67;Q96N67-2;Q96N67-3;Q96N67-4;Q96N67-5;Q96N67-6;Q96N67-7	DOCK6_HUMAN;DOCK7_HUMAN	DOCK6;DOCK7	Dedicator of cytokinesis protein 6	34736
Q96HP4	Q96HP4	OXND1_HUMAN	OXNAD1	Oxidoreductase NAD-binding domain-containing protein 1	679249
Q96HR3;Q96HR3-2	Q96HR3;Q96HR3-2	MED30_HUMAN	MED30	Mediator of RNA polymerase II transcription subunit 30	46687
Q96HR8;Q96HR8-2	Q96HR8;Q96HR8-2	NAF1_HUMAN	NAF1	H/ACA ribonucleoprotein complex non-core subunit NAF1	84203
Q96HS1	Q96HS1	PGAM5_HUMAN	PGAM5	Serine/threonine-protein phosphatase PGAM5, mitochondrial	2.33723e+06
Q96HV5	Q96HV5	TM41A_HUMAN	TMEM41A	Transmembrane protein 41A	111541
Q96HW7	Q96HW7;Q96HW7-4	INT4_HUMAN	INTS4	Integrator complex subunit 4	2.35994e+06
Q96HY6	Q96HY6;Q96HY6-2	DDRGK_HUMAN	DDRGK1	DDRGK domain-containing protein 1	907659
Q96HY7	Q96HY7	DHTK1_HUMAN	DHTKD1	Probable 2-oxoglutarate dehydrogenase E1 component DHKTD1, mitochondrial	412868
Q96I15	Q96I15;Q96I15-2	SCLY_HUMAN	SCLY	Selenocysteine lyase	284212
Q96I24	Q96I24;Q96I24-2	FUBP3_HUMAN	FUBP3	Far upstream element-binding protein 3	6.66589e+06
Q96I25	Q96I25	SPF45_HUMAN	RBM17	Splicing factor 45	1.40587e+06
Q96I51;Q96I51-2;Q96I51-3	Q96I51;Q96I51-2;Q96I51-3	RCC1L_HUMAN	RCC1L	RCC1-like G exchanging factor-like protein	235014
Q96I59	Q96I59;Q96I59-2	SYNM_HUMAN	NARS2	Probable asparagine--tRNA ligase, mitochondrial	707211
Q96I99	Q96I99;Q96I99-2	SUCB2_HUMAN	SUCLG2	Succinate--CoA ligase [GDP-forming] subunit beta, mitochondrial	3.19443e+06
Q96IC2;Q96IC2-2	Q96IC2;Q96IC2-2	REXO5_HUMAN	REXO5	RNA exonuclease 5	375024
Q96IF1	Q96IF1	AJUBA_HUMAN	AJUBA	LIM domain-containing protein ajuba	147531
Q96IG2;Q96IG2-2	Q96IG2;Q96IG2-2	FXL20_HUMAN	FBXL20	F-box/LRR-repeat protein 20	220152
Q96II8;Q96II8-4	Q96II8;Q96II8-2;Q96II8-3;Q96II8-4	LRCH3_HUMAN	LRCH3	DISP complex protein LRCH3	57939
Q96IJ6;Q96IJ6-2	Q96IJ6;Q96IJ6-2	GMPPA_HUMAN	GMPPA	Mannose-1-phosphate guanyltransferase alpha	380126
Q96IK5	Q96IK5	GMCL1_HUMAN	GMCL1	Germ cell-less protein-like 1	8325
Q96IR7	Q96IR7	HPDL_HUMAN	HPDL	4-hydroxyphenylpyruvate dioxygenase-like protein	899577
Q96IU2	Q96IU2	ZBED3_HUMAN	ZBED3	Zinc finger BED domain-containing protein 3	38798
Q96IU4	Q96IU4;Q96IU4-2	ABHEB_HUMAN	ABHD14B	Protein ABHD14B	768935
Q96IV0;Q96IV0-2;Q96IV0-3;Q96IV0-5	Q96IV0;Q96IV0-2;Q96IV0-3;Q96IV0-5	NGLY1_HUMAN	NGLY1	Peptide-N(4)-(N-acetyl-beta-glucosaminyl)asparagine amidase	91538
Q96IW7	Q96IW7	SC22A_HUMAN	SEC22A	Vesicle-trafficking protein SEC22a	103029
Q96IX5	Q96IX5	ATPMD_HUMAN	ATP5MD	ATP synthase membrane subunit DAPIT, mitochondrial	162446
Q96IY1	Q96IY1	NSL1_HUMAN	NSL1	Kinetochore-associated protein NSL1 homolog	597423
Q96IZ0	Q96IZ0	PAWR_HUMAN	PAWR	PRKC apoptosis WT1 regulator protein	797434
Q96IZ0;Q9ULJ8;Q9ULJ8-3;Q9ULJ8-4;Q9ULJ8-5	Q96IZ0;Q9ULJ8;Q9ULJ8-3;Q9ULJ8-4;Q9ULJ8-5	NEB1_HUMAN;PAWR_HUMAN	PAWR;PPP1R9A	PRKC apoptosis WT1 regulator protein	124707
Q96IZ7;Q96IZ7-2	Q96IZ7;Q96IZ7-2	RSRC1_HUMAN	RSRC1	Serine/Arginine-related protein 53	228325
Q96J01	Q96J01;Q96J01-2	THOC3_HUMAN	THOC3	THO complex subunit 3	803207
Q96J02;Q96J02-2	Q96J02;Q96J02-2;Q96J02-3	ITCH_HUMAN	ITCH	E3 ubiquitin-protein ligase Itchy homolog	480615
Q96J02;Q96J02-2;Q9H0M0;Q9H0M0-3;Q9H0M0-6	Q96J02;Q96J02-2;Q96J02-3;Q9H0M0;Q9H0M0-3;Q9H0M0-6	ITCH_HUMAN;WWP1_HUMAN	ITCH;WWP1	E3 ubiquitin-protein ligase Itchy homolog	15916
Q96J42;Q96J42-2	Q96J42;Q96J42-2	TXD15_HUMAN	TXNDC15	Thioredoxin domain-containing protein 15	60832
Q96J84;Q96J84-2	Q96J84;Q96J84-2;Q96J84-3	KIRR1_HUMAN	KIRREL1	Kin of IRRE-like protein 1	108239
Q96JB2	Q96JB2	COG3_HUMAN	COG3	Conserved oligomeric Golgi complex subunit 3	1.19837e+06
Q96JB5;Q96JB5-4	Q96JB5;Q96JB5-2;Q96JB5-3;Q96JB5-4	CK5P3_HUMAN	CDK5RAP3	CDK5 regulatory subunit-associated protein 3	1.10418e+06
Q96JC1;Q96JC1-2	Q96JC1;Q96JC1-2	VPS39_HUMAN	VPS39	Vam6/Vps39-like protein	83321
Q96JG6;Q96JG6-3	Q96JG6;Q96JG6-3	VPS50_HUMAN	VPS50	Syndetin	352283
Q96JH7	Q96JH7	VCIP1_HUMAN	VCPIP1	Deubiquitinating protein VCIP135	1.32683e+06
Q96JH8;Q96JH8-1;Q96JH8-2;Q96JH8-3	Q96JH8;Q96JH8-2;Q96JH8-3;Q96JH8-1	RADIL_HUMAN	RADIL	Ras-associating and dilute domain-containing protein	45140
Q96JI7	Q96JI7;Q96JI7-2;Q96JI7-3	SPTCS_HUMAN	SPG11	Spatacsin	1.30523e+06
Q96JJ3	Q96JJ3	ELMO2_HUMAN	ELMO2	Engulfment and cell motility protein 2	912645
Q96JJ7	Q96JJ7;Q96JJ7-2	TMX3_HUMAN	TMX3	Protein disulfide-isomerase TMX3	1.53566e+06
Q96JM3	Q96JM3	CHAP1_HUMAN	CHAMP1	Chromosome alignment-maintaining phosphoprotein 1	1.60252e+06
Q96JN0	Q96JN0;Q96JN0-2;Q96JN0-3	LCOR_HUMAN	LCOR	Ligand-dependent corepressor	127819
Q96JN8;Q96JN8-2	Q96JN8;Q96JN8-2	NEUL4_HUMAN	NEURL4	Neuralized-like protein 4	93794
Q96JP5;Q96JP5-2	Q96JP5;Q96JP5-2	ZFP91_HUMAN	ZFP91	E3 ubiquitin-protein ligase ZFP91	506356
Q96JY6;Q96JY6-5	Q96JY6;Q96JY6-5	PDLI2_HUMAN	PDLIM2	PDZ and LIM domain protein 2	107144
Q96K17	Q96K17;Q96K17-2	BT3L4_HUMAN	BTF3L4	Transcription factor BTF3 homolog 4	1.55738e+06
Q96K19	Q96K19;Q96K19-2;Q96K19-3;Q96K19-5	RN170_HUMAN	RNF170	E3 ubiquitin-protein ligase RNF170	162111
Q96K21;Q96K21-2;Q96K21-3	Q96K21;Q96K21-2;Q96K21-3	ANCHR_HUMAN	ZFYVE19	Abscission/NoCut checkpoint regulator	323053
Q96K37	Q96K37	S35E1_HUMAN	SLC35E1	Solute carrier family 35 member E1	212679
Q96K49;Q96K49-2	Q96K49;Q96K49-2	TM87B_HUMAN	TMEM87B	Transmembrane protein 87B	6417
Q96K58;Q96K58-2	Q96K58;Q96K58-2	ZN668_HUMAN	ZNF668	Zinc finger protein 668	95239
Q96K76;Q96K76-4	Q96K76;Q96K76-2;Q96K76-4	UBP47_HUMAN	USP47	Ubiquitin carboxyl-terminal hydrolase 47	1.36728e+06
Q96K80	Q96K80	ZC3HA_HUMAN	ZC3H10	Zinc finger CCCH domain-containing protein 10	35189
Q96K83	Q96K83	ZN521_HUMAN	ZNF521	Zinc finger protein 521	49755
Q96KA5;Q96KA5-2	Q96KA5;Q96KA5-2	CLP1L_HUMAN	CLPTM1L	Cleft lip and palate transmembrane protein 1-like protein	768116
Q96KB5;Q96KB5-2	Q96KB5;Q96KB5-2	TOPK_HUMAN	PBK	Lymphokine-activated killer T-cell-originated protein kinase	1.5664e+06
Q96KC8	Q96KC8	DNJC1_HUMAN	DNAJC1	DnaJ homolog subfamily C member 1	306913
Q96KG9;Q96KG9-2;Q96KG9-3;Q96KG9-4	Q96KG9;Q96KG9-2;Q96KG9-3;Q96KG9-4;Q96KG9-5;Q96KG9-6	SCYL1_HUMAN	SCYL1	N-terminal kinase-like protein	960595
Q96KM6	Q96KM6	Z512B_HUMAN	ZNF512B	Zinc finger protein 512B	257437
Q96KP1	Q96KP1	EXOC2_HUMAN	EXOC2	Exocyst complex component 2	570077
Q96KP4	Q96KP4;Q96KP4-2	CNDP2_HUMAN	CNDP2	Cytosolic non-specific dipeptidase	3.48334e+06
Q96KQ7;Q96KQ7-2	Q96KQ7;Q96KQ7-2	EHMT2_HUMAN	EHMT2	Histone-lysine N-methyltransferase EHMT2	348308
Q96KQ7;Q96KQ7-2;Q9H9B1	Q96KQ7;Q96KQ7-2;Q9H9B1	EHMT1_HUMAN;EHMT2_HUMAN	EHMT1;EHMT2	Histone-lysine N-methyltransferase EHMT2	58171
Q96KR1	Q96KR1	ZFR_HUMAN	ZFR	Zinc finger RNA-binding protein	2.37496e+06
Q96L50	Q96L50	LLR1_HUMAN	LRR1	Leucine-rich repeat protein 1	49504
Q96L58	Q96L58	B3GT6_HUMAN	B3GALT6	Beta-1,3-galactosyltransferase 6	151148
Q96L91;Q96L91-2;Q96L91-3;Q96L91-5	Q96L91;Q96L91-2;Q96L91-3;Q96L91-4;Q96L91-5	EP400_HUMAN	EP400	E1A-binding protein p400	1.30945e+06
Q96L92;Q96L92-3	Q96L92;Q96L92-3;Q96L92-2	SNX27_HUMAN	SNX27	Sorting nexin-27	993939
Q96L93;Q96L93-2;Q96L93-4;Q96L93-6	Q96L93;Q96L93-2;Q96L93-4;Q96L93-5;Q96L93-6	KI16B_HUMAN	KIF16B	Kinesin-like protein KIF16B	750727
Q96LA8;Q96LA8-2	Q96LA8;Q96LA8-2	ANM6_HUMAN	PRMT6	Protein arginine N-methyltransferase 6	72285
Q96LB3;Q96LB3-2	Q96LB3;Q96LB3-2	IFT74_HUMAN	IFT74	Intraflagellar transport protein 74 homolog	287014
Q96LD4	Q96LD4;Q96LD4-2	TRI47_HUMAN	TRIM47	E3 ubiquitin-protein ligase TRIM47	221726
Q96LD8	Q96LD8	SENP8_HUMAN	SENP8	Sentrin-specific protease 8	12964
Q96LJ7	Q96LJ7	DHRS1_HUMAN	DHRS1	Dehydrogenase/reductase SDR family member 1	536405
Q96LL9	Q96LL9	DJC30_HUMAN	DNAJC30	DnaJ homolog subfamily C member 30, mitochondrial	25703
Q96LT7	Q96LT7	CI072_HUMAN	C9orf72	Guanine nucleotide exchange C9orf72	32185
Q96LW7;Q96LW7-2	Q96LW7;Q96LW7-2	CAR19_HUMAN	CARD19	Caspase recruitment domain-containing protein 19	84999
Q96LZ7;Q96LZ7-2;Q96LZ7-4	Q96LZ7;Q96LZ7-2;Q96LZ7-4	RMD2_HUMAN	RMDN2	Regulator of microtubule dynamics protein 2	24989
Q96M27;Q96M27-2;Q96M27-3	Q96M27;Q96M27-2;Q96M27-3	PRRC1_HUMAN	PRRC1	Protein PRRC1	467502
Q96M29	Q96M29	TEKT5_HUMAN	TEKT5	Tektin-5	68415
Q96M42	Q96M42	CU129_HUMAN	LINC00479	Putative uncharacterized protein encoded by LINC00479	61255
Q96M96	Q96M96	FGD4_HUMAN	FGD4	FYVE, RhoGEF and PH domain-containing protein 4	40522
Q96MD2	Q96MD2	CL066_HUMAN	C12orf66	KICSTOR complex protein C12orf66	323979
Q96ME1	Q96ME1	FXL18_HUMAN	FBXL18	F-box/LRR-repeat protein 18	201651
Q96ME7;Q96ME7-3	Q96ME7;Q96ME7-2;Q96ME7-3	ZN512_HUMAN	ZNF512	Zinc finger protein 512	372720
Q96MF7	Q96MF7	NSE2_HUMAN	NSMCE2	E3 SUMO-protein ligase NSE2	132371
Q96MG7	Q96MG7	NSE3_HUMAN	NSMCE3	Non-structural maintenance of chromosomes element 3 homolog	296989
Q96MH2	Q96MH2	HEXI2_HUMAN	HEXIM2	Protein HEXIM2	89370
Q96MM6	Q96MM6	HS12B_HUMAN	HSPA12B	Heat shock 70 kDa protein 12B	164017
Q96MM7;Q96MM7-2;Q96MM7-3;Q96MM7-4	Q96MM7;Q96MM7-2;Q96MM7-3;Q96MM7-4	H6ST2_HUMAN	HS6ST2	Heparan-sulfate 6-O-sulfotransferase 2	23081
Q96MP5	Q96MP5	ZSWM3_HUMAN	ZSWIM3	Zinc finger SWIM domain-containing protein 3	82489
Q96MR9	Q96MR9	ZN560_HUMAN	ZNF560	Zinc finger protein 560	95225
Q96MT8;Q96MT8-2;Q96MT8-3;Q96MT8-4	Q96MT8;Q96MT8-2;Q96MT8-3;Q96MT8-4	CEP63_HUMAN	CEP63	Centrosomal protein of 63 kDa	10610
Q96MU7;Q96MU7-2	Q96MU7;Q96MU7-2;Reverse_sp|Q8N3Z0|PRS35_HUMAN	YTDC1_HUMAN	YTHDC1	YTH domain-containing protein 1	589073
Q96MW1	Q96MW1;Q96MW1-2	CCD43_HUMAN	CCDC43	Coiled-coil domain-containing protein 43	554364
Q96MW5	Q96MW5	COG8_HUMAN	COG8	Conserved oligomeric Golgi complex subunit 8	212718
Q96MX6	Q96MX6	WDR92_HUMAN	WDR92	WD repeat-containing protein 92	1.72612e+06
Q96MY1;Q96MY1-2	Q96MY1;Q96MY1-2	NOL4L_HUMAN	NOL4L	Nucleolar protein 4-like	75833
Q96N11	Q96N11;Q96N11-2	CG026_HUMAN	C7orf26	Uncharacterized protein C7orf26	38248
Q96N21	Q96N21;Q96N21-2	AP4AT_HUMAN	TEPSIN	AP-4 complex accessory subunit Tepsin	55712
Q96N38;Q96N38-2	Q96N38;Q96N38-2	ZN714_HUMAN	ZNF714	Zinc finger protein 714	444208
Q96N64;Q96N64-2;Q96N64-3	Q96N64;Q96N64-2;Q96N64-3	PWP2A_HUMAN	PWWP2A	PWWP domain-containing protein 2A	298554
Q96N66	Q96N66;Q96N66-2;Q96N66-3	MBOA7_HUMAN	MBOAT7	Lysophospholipid acyltransferase 7	1.20824e+06
Q96N67;Q96N67-2;Q96N67-6	Q96N67;Q96N67-2;Q96N67-3;Q96N67-4;Q96N67-5;Q96N67-6	DOCK7_HUMAN	DOCK7	Dedicator of cytokinesis protein 7	987901
Q96NB2	Q96NB2	SFXN2_HUMAN	SFXN2	Sideroflexin-2	750437
Q96NB3	Q96NB3	ZN830_HUMAN	ZNF830	Zinc finger protein 830	223559
Q96NC0	Q96NC0	ZMAT2_HUMAN	ZMAT2	Zinc finger matrin-type protein 2	242679
Q96ND0	Q96ND0	F210A_HUMAN	FAM210A	Protein FAM210A	170261
Q96NG3;Q96NG3-2	Q96NG3;Q96NG3-2	TTC25_HUMAN	TTC25	Tetratricopeptide repeat protein 25	715558
Q96NJ6	Q96NJ6	ZFP3_HUMAN	ZFP3	Zinc finger protein 3 homolog	102392
Q96NL0;Q96NL0-2;Q96NL0-3;Q96NL0-4;Q96NL0-5	Q96NL0;Q96NL0-2;Q96NL0-3;Q96NL0-4;Q96NL0-5	RUN3B_HUMAN	RUNDC3B	RUN domain-containing protein 3B	529621
Q96NL6	Q96NL6	SCLT1_HUMAN	SCLT1	Sodium channel and clathrin linker 1	147566
Q96NU0	Q96NU0	CNT3B_HUMAN	CNTNAP3B	Contactin-associated protein-like 3B	276611
Q96NW4	Q96NW4	ANR27_HUMAN	ANKRD27	Ankyrin repeat domain-containing protein 27	400352
Q96NX9;Q96NX9-2;Q96NX9-3;Q96NX9-4	Q96NX9;Q96NX9-2;Q96NX9-3;Q96NX9-4	DACH2_HUMAN	DACH2	Dachshund homolog 2	143533
Q96NY7;Q96NY7-2	Q96NY7;Q96NY7-2	CLIC6_HUMAN	CLIC6	Chloride intracellular channel protein 6	575099
Q96NY9	Q96NY9	MUS81_HUMAN	MUS81	Crossover junction endonuclease MUS81	114733
Q96P11;Q96P11-2;Q96P11-4;Q96P11-5	Q96P11;Q96P11-2;Q96P11-4;Q96P11-5	NSUN5_HUMAN	NSUN5	Probable 28S rRNA (cytosine-C(5))-methyltransferase	590976
Q96P16	Q96P16;Q96P16-3	RPR1A_HUMAN	RPRD1A	Regulation of nuclear pre-mRNA domain-containing protein 1A	1.38451e+06
Q96P16;Q9NQG5	Q96P16;Q96P16-3;Q9NQG5	RPR1A_HUMAN;RPR1B_HUMAN	RPRD1A;RPRD1B	Regulation of nuclear pre-mRNA domain-containing protein 1A	297898
Q96P47;Q96P47-2;Q96P47-4	Q96P47;Q96P47-2;Q96P47-3;Q96P47-4;Q96P47-6;Q9UPQ3;Q9UPQ3-2;Q9UPQ3-3	AGAP3_HUMAN	AGAP3	Arf-GAP with GTPase, ANK repeat and PH domain-containing protein 3	143196
Q96P48;Q96P48-3	Q96P48;Q96P48-1;Q96P48-2;Q96P48-3;Q96P48-4	ARAP1_HUMAN	ARAP1	Arf-GAP with Rho-GAP domain, ANK repeat and PH domain-containing protein 1	782665
Q96P53	Q96P53	WDFY2_HUMAN	WDFY2	WD repeat and FYVE domain-containing protein 2	38370
Q96P70	Q96P70	IPO9_HUMAN	IPO9	Importin-9	3.6258e+06
Q96PC3;Q96PC3-2;Q96PC3-3;Q96PC3-4	Q96PC3;Q96PC3-2;Q96PC3-4;Q96PC3-3	AP1S3_HUMAN	AP1S3	AP-1 complex subunit sigma-3	46120
Q96PC5;Q96PC5-10;Q96PC5-11;Q96PC5-14;Q96PC5-5;Q96PC5-7;Q96PC5-8;Q96PC5-9	Q96PC5;Q96PC5-5;Q96PC5-6;Q96PC5-7;Q96PC5-8;Q96PC5-9;Q96PC5-10;Q96PC5-11;Q96PC5-12;Q96PC5-13;Q96PC5-14	MIA2_HUMAN	MIA2	Melanoma inhibitory activity protein 2	477916
Q96PC5;Q96PC5-10;Q96PC5-11;Q96PC5-14;Q96PC5-5;Q96PC5-7;Q96PC5-8;Q96PC5-9;Q96RT6	Q96RT6;Q96PC5;Q96PC5-5;Q96PC5-6;Q96PC5-7;Q96PC5-8;Q96PC5-9;Q96PC5-10;Q96PC5-11;Q96PC5-12;Q96PC5-13;Q96PC5-14	CTGE2_HUMAN;MIA2_HUMAN	CTAGE1;MIA2	Melanoma inhibitory activity protein 2	427285
Q96PE2	Q96PE2	ARHGH_HUMAN	ARHGEF17	Rho guanine nucleotide exchange factor 17	38362
Q96PE3;Q96PE3-2;Q96PE3-3;Q96PE3-4	Q96PE3;Q96PE3-2;Q96PE3-3;Q96PE3-4	INP4A_HUMAN	INPP4A	Inositol polyphosphate-4-phosphatase type I A	143709
Q96PE7	Q96PE7	MCEE_HUMAN	MCEE	Methylmalonyl-CoA epimerase, mitochondrial	49419
Q96PK6	Q96PK6	RBM14_HUMAN	RBM14	RNA-binding protein 14	7.60178e+06
Q96PM5;Q96PM5-2;Q96PM5-6	Q96PM5;Q96PM5-2;Q96PM5-3;Q96PM5-4;Q96PM5-5;Q96PM5-6	ZN363_HUMAN	RCHY1	RING finger and CHY zinc finger domain-containing protein 1	35719
Q96PM9;Q96PM9-1	Q96PM9;Q96PM9-1	Z385A_HUMAN	ZNF385A	Zinc finger protein 385A	24737
Q96PU4	Q96PU4;Q96PU4-2	UHRF2_HUMAN	UHRF2	E3 ubiquitin-protein ligase UHRF2	350748
Q96PU4;Q96T88	Q96T88;Q96PU4;Q96PU4-2	UHRF1_HUMAN;UHRF2_HUMAN	UHRF1;UHRF2	E3 ubiquitin-protein ligase UHRF2	98737
Q96PU5;Q96PU5-2;Q96PU5-5;Q96PU5-6;Q96PU5-7	Q96PU5;Q96PU5-2;Q96PU5-3;Q96PU5-4;Q96PU5-5;Q96PU5-6;Q96PU5-7;Q96PU5-9	NED4L_HUMAN	NEDD4L	E3 ubiquitin-protein ligase NEDD4-like	1.38418e+06
Q96PU8;Q96PU8-6;Q96PU8-8;Q96PU8-9	Q96PU8;Q96PU8-6;Q96PU8-8;Q96PU8-9	QKI_HUMAN	QKI	Protein quaking	395135
Q96PV6;Q96PV6-1	Q96PV6;Q96PV6-1;Q96PV6-3	LENG8_HUMAN	LENG8	Leukocyte receptor cluster member 8	100218
Q96PX1;Q96PX1-2	Q96PX1;Q96PX1-2	RN157_HUMAN	RNF157	E3 ubiquitin ligase RNF157	134091
Q96PY5;Q96PY5-3	Q96PY5;Q96PY5-3;Q8IVF7;Q8IVF7-2;Q8IVF7-3	FMNL2_HUMAN	FMNL2	Formin-like protein 2	1.52745e+06
Q96PZ0;Q96PZ0-2	Q96PZ0;Q96PZ0-2	PUS7_HUMAN	PUS7	Pseudouridylate synthase 7 homolog	1.65248e+06
Q96PZ2	Q96PZ2	F111A_HUMAN	FAM111A	Protein FAM111A	90417
Q96Q05;Q96Q05-2;Q96Q05-3	Q96Q05;Q96Q05-2;Q96Q05-3	TPPC9_HUMAN	TRAPPC9	Trafficking protein particle complex subunit 9	4.47133e+06
Q96Q11;Q96Q11-2	Q96Q11;Q96Q11-2	TRNT1_HUMAN	TRNT1	CCA tRNA nucleotidyltransferase 1, mitochondrial	868961
Q96Q15	Q96Q15;Q96Q15-2;Q96Q15-3;Q96Q15-4	SMG1_HUMAN	SMG1	Serine/threonine-protein kinase SMG1	1.41536e+06
Q96Q42	Q96Q42	ALS2_HUMAN	ALS2	Alsin	96450
Q96Q45;Q96Q45-2;Q96Q45-3;Q96Q45-5	Q96Q45;Q96Q45-2;Q96Q45-3;Q96Q45-5	TM237_HUMAN	TMEM237	Transmembrane protein 237	159411
Q96Q89;Q96Q89-2;Q96Q89-3;Q96Q89-4	Q96Q89;Q96Q89-2;Q96Q89-3;Q96Q89-4	KI20B_HUMAN	KIF20B	Kinesin-like protein KIF20B	583114
Q96QC0	Q96QC0	PP1RA_HUMAN	PPP1R10	Serine/threonine-protein phosphatase 1 regulatory subunit 10	1.10011e+06
Q96QD5;Q96QD5-2	Q96QD5;Q96QD5-2	DEPD7_HUMAN	DEPDC7	DEP domain-containing protein 7	194346
Q96QD8	Q96QD8;Q96QD8-2	S38A2_HUMAN	SLC38A2	Sodium-coupled neutral amino acid transporter 2	862019
Q96QD9	Q96QD9;Q96QD9-2;Q96QD9-3	UIF_HUMAN	FYTTD1	UAP56-interacting factor	380890
Q96QE2	Q96QE2	MYCT_HUMAN	SLC2A13	Proton myo-inositol cotransporter	21102
Q96QE3	Q96QE3;Q96QE3-2	ATAD5_HUMAN	ATAD5	ATPase family AAA domain-containing protein 5	2.26431e+06
Q96QE5	Q96QE5	TEFM_HUMAN	TEFM	Transcription elongation factor, mitochondrial	210969
Q96QF0;Q96QF0-2;Q96QF0-3;Q96QF0-4;Q96QF0-8	Q96QF0;Q96QF0-2;Q96QF0-3;Q96QF0-4;Q96QF0-5;Q96QF0-6;Q96QF0-7;Q96QF0-8	RAB3I_HUMAN	RAB3IP	Rab-3A-interacting protein	43006
Q96QG7;Q96QG7-2	Q96QG7;Q96QG7-2	MTMR9_HUMAN	MTMR9	Myotubularin-related protein 9	220624
Q96QK1	Q96QK1	VPS35_HUMAN	VPS35	Vacuolar protein sorting-associated protein 35	8.41556e+06
Q96QR8	Q96QR8	PURB_HUMAN	PURB	Transcriptional activator protein Pur-beta	710881
Q96QT4	Q96QT4	TRPM7_HUMAN	TRPM7	Transient receptor potential cation channel subfamily M member 7	138729
Q96QT6	Q96QT6;Q96QT6-2;Q96QT6-3;Q96QT6-5	PHF12_HUMAN	PHF12	PHD finger protein 12	64932
Q96QU6	Q96QU6	1A1L1_HUMAN	ACCS	1-aminocyclopropane-1-carboxylate synthase-like protein 1	643910
Q96QU8	Q96QU8;Q96QU8-2	XPO6_HUMAN	XPO6	Exportin-6	1.14202e+06
Q96QZ7;Q96QZ7-2;Q96QZ7-6;Q96QZ7-7	Q96QZ7;Q96QZ7-2;Q96QZ7-3;Q96QZ7-4;Q96QZ7-5;Q96QZ7-6;Q96QZ7-7	MAGI1_HUMAN	MAGI1	Membrane-associated guanylate kinase, WW and PDZ domain-containing protein 1	245941
Q96R06	Q96R06	SPAG5_HUMAN	SPAG5	Sperm-associated antigen 5	1.35109e+06
Q96RD7;Q96RD7-2	Q96RD7;Q96RD7-2	PANX1_HUMAN	PANX1	Pannexin-1	36419
Q96RE7	Q96RE7	NACC1_HUMAN	NACC1	Nucleus accumbens-associated protein 1	745397
Q96RF0;Q96RF0-2;Q96RF0-3	Q96RF0;Q96RF0-2;Q96RF0-3	SNX18_HUMAN	SNX18	Sorting nexin-18	11899
Q96RK0	Q96RK0	CIC_HUMAN	CIC	Protein capicua homolog	285976
Q96RL1	Q96RL1;Q96RL1-2;Q96RL1-3	UIMC1_HUMAN	UIMC1	BRCA1-A complex subunit RAP80	172823
Q96RL7;Q96RL7-3	Q96RL7;Q96RL7-2;Q96RL7-3;Q96RL7-4	VP13A_HUMAN	VPS13A	Vacuolar protein sorting-associated protein 13A	525221
Q96RN5;Q96RN5-2;Q96RN5-3	Q96RN5;Q96RN5-2;Q96RN5-3	MED15_HUMAN	MED15	Mediator of RNA polymerase II transcription subunit 15	224329
Q96RP9	Q96RP9;Q96RP9-2	EFGM_HUMAN	GFM1	Elongation factor G, mitochondrial	3.54421e+06
Q96RQ1	Q96RQ1	ERGI2_HUMAN	ERGIC2	Endoplasmic reticulum-Golgi intermediate compartment protein 2	331643
Q96RQ3	Q96RQ3	MCCA_HUMAN	MCCC1	Methylcrotonoyl-CoA carboxylase subunit alpha, mitochondrial	236634
Q96RR1	Q96RR1;Q96RR1-2	PEO1_HUMAN	TWNK	Twinkle protein, mitochondrial	170331
Q96RS0	Q96RS0	TGS1_HUMAN	TGS1	Trimethylguanosine synthase	94151
Q96RS6	Q96RS6;Q96RS6-2;Q96RS6-3	NUDC1_HUMAN	NUDCD1	NudC domain-containing protein 1	1.415e+06
Q96RT1;Q96RT1-2;Q96RT1-3;Q96RT1-5;Q96RT1-8	Q96RT1;Q96RT1-2;Q96RT1-3;Q96RT1-4;Q96RT1-5;Q96RT1-6;Q96RT1-7;Q96RT1-8	ERBIN_HUMAN	ERBIN	Erbin	542044
Q96RT6	Q96RT6	CTGE2_HUMAN	CTAGE1	cTAGE family member 2	11676
Q96RT7;Q96RT7-2;Q96RT7-3	Q96RT7;Q96RT7-2;Q96RT7-3	GCP6_HUMAN	TUBGCP6	Gamma-tubulin complex component 6	138505
Q96RT8;Q96RT8-2	Q96RT8;Q96RT8-2	GCP5_HUMAN	TUBGCP5	Gamma-tubulin complex component 5	104864
Q96RU2;Q96RU2-2	Q96RU2;Q96RU2-2;Q96RU2-3	UBP28_HUMAN	USP28	Ubiquitin carboxyl-terminal hydrolase 28	584900
Q96RU3;Q96RU3-2;Q96RU3-3;Q96RU3-4;Q96RU3-5	Q96RU3;Q96RU3-2;Q96RU3-3;Q96RU3-4;Q96RU3-5	FNBP1_HUMAN	FNBP1	Formin-binding protein 1	565276
Q96RU7	Q96RU7	TRIB3_HUMAN	TRIB3	Tribbles homolog 3	65802
Q96RV3;Q96RV3-2;Q96RV3-3;Q96RV3-4	Q96RV3;Q96RV3-2;Q96RV3-3;Q96RV3-4	PCX1_HUMAN	PCNX1	Pecanex-like protein 1	217417
Q96RY5	Q96RY5;Reverse_sp|Q5T5P2-3|SKT_HUMAN;Reverse_sp|Q5T5P2-4|SKT_HUMAN;Reverse_sp|Q5T5P2-6|SKT_HUMAN;Reverse_sp|Q5T5P2-8|SKT_HUMAN	CRML_HUMAN	CRAMP1	Protein cramped-like	47880
Q96RY7;Q96RY7-2	Q96RY7;Q96RY7-2	IF140_HUMAN	IFT140	Intraflagellar transport protein 140 homolog	50403
Q96S06	Q96S06	LMF1_HUMAN	LMF1	Lipase maturation factor 1	14458
Q96S15	Q96S15	WDR24_HUMAN	WDR24	GATOR complex protein WDR24	408174
Q96S19	Q96S19;Q96S19-2;Q96S19-3;Q96S19-4;Q96S19-5;Q96S19-6	MTL26_HUMAN	METTL26	Methyltransferase-like 26	372690
Q96S21;Q96S21-2	Q96S21;Q96S21-2	RB40C_HUMAN	RAB40C	Ras-related protein Rab-40C	128723
Q96S38;Q96S38-2	Q96S38;Q96S38-2	KS6C1_HUMAN	RPS6KC1	Ribosomal protein S6 kinase delta-1	750067
Q96S44	Q96S44	PRPK_HUMAN	TP53RK	EKC/KEOPS complex subunit TP53RK	618792
Q96S52;Q96S52-2	Q96S52;Q96S52-2	PIGS_HUMAN	PIGS	GPI transamidase component PIG-S	605172
Q96S55;Q96S55-2	Q96S55;Q96S55-2;Q96S55-3;Q96S55-4	WRIP1_HUMAN	WRNIP1	ATPase WRNIP1	882194
Q96S59	Q96S59;Q96S59-2;Q96S59-3	RANB9_HUMAN	RANBP9	Ran-binding protein 9	139581
Q96S66	Q96S66;Q96S66-2;Q96S66-3;Q96S66-4	CLCC1_HUMAN	CLCC1	Chloride channel CLIC-like protein 1	385885
Q96S82	Q96S82	UBL7_HUMAN	UBL7	Ubiquitin-like protein 7	164392
Q96S97	Q96S97	MYADM_HUMAN	MYADM	Myeloid-associated differentiation marker	55437
Q96SB3	Q96SB3	NEB2_HUMAN	PPP1R9B	Neurabin-2	195856
Q96SB3;Q9ULJ8;Q9ULJ8-3;Q9ULJ8-4;Q9ULJ8-5	Q9ULJ8;Q9ULJ8-3;Q9ULJ8-4;Q9ULJ8-5;Q96SB3	NEB1_HUMAN;NEB2_HUMAN	PPP1R9A;PPP1R9B	Neurabin-2	96126
Q96SB4;Q96SB4-3;Q96SB4-4	Q96SB4;Q96SB4-3;Q96SB4-4	SRPK1_HUMAN	SRPK1	SRSF protein kinase 1	911748
Q96SB8;Q96SB8-2	Q96SB8;Q96SB8-2	SMC6_HUMAN	SMC6	Structural maintenance of chromosomes protein 6	581622
Q96SI1	Q96SI1;Q96SI1-2	KCD15_HUMAN	KCTD15	BTB/POZ domain-containing protein KCTD15	122388
Q96SI9;Q96SI9-2	Q96SI9;Q96SI9-2	STRBP_HUMAN	STRBP	Spermatid perinuclear RNA-binding protein	3.09894e+06
Q96SK2;Q96SK2-2	Q96SK2;Q96SK2-2;Q96SK2-3;Q96SK2-4	TM209_HUMAN	TMEM209	Transmembrane protein 209	1.03102e+06
Q96SL1;Q96SL1-2	Q96SL1;Q96SL1-2	DIRC2_HUMAN	SLC49A4	Solute carrier family 49 member 4	40951
Q96SL8	Q96SL8	FIZ1_HUMAN	FIZ1	Flt3-interacting zinc finger protein 1	31645
Q96SN8;Q96SN8-4	Q96SN8;Q96SN8-2;Q96SN8-4	CK5P2_HUMAN	CDK5RAP2	CDK5 regulatory subunit-associated protein 2	351123
Q96SQ9;Q96SQ9-2	Q96SQ9;Q96SQ9-2	CP2S1_HUMAN	CYP2S1	Cytochrome P450 2S1	120926
Q96ST2	Q96ST2;Q96ST2-2;Q96ST2-3	IWS1_HUMAN	IWS1	Protein IWS1 homolog	1.10706e+06
Q96ST3	Q96ST3	SIN3A_HUMAN	SIN3A	Paired amphipathic helix protein Sin3a	1.19524e+06
Q96SU4;Q96SU4-2;Q96SU4-3;Q96SU4-4;Q96SU4-5;Q96SU4-6;Q96SU4-7	Q96SU4;Q96SU4-2;Q96SU4-3;Q96SU4-4;Q96SU4-5;Q96SU4-6;Q96SU4-7	OSBL9_HUMAN	OSBPL9	Oxysterol-binding protein-related protein 9	161411
Q96SW2;Q96SW2-2	Q96SW2;Q96SW2-2	CRBN_HUMAN	CRBN	Protein cereblon	747138
Q96SY0	Q96SY0;Q96SY0-4;Q96SY0-3	INT14_HUMAN	INTS14	Integrator complex subunit 14	185214
Q96SZ5	Q96SZ5	AEDO_HUMAN	ADO	2-aminoethanethiol dioxygenase	259377
Q96SZ6;Q96SZ6-2;Q96SZ6-3;Q96SZ6-6	Q96SZ6;Q96SZ6-2;Q96SZ6-3;Q96SZ6-4;Q96SZ6-6	CK5P1_HUMAN	CDK5RAP1	CDK5 regulatory subunit-associated protein 1	77777
Q96T17;Q96T17-2	Q96T17;Q96T17-2;Q96T17-4;Q96T17-5	MA7D2_HUMAN	MAP7D2	MAP7 domain-containing protein 2	463878
Q96T21;Q96T21-2;Q96T21-3	Q96T21;Q96T21-2;Q96T21-3	SEBP2_HUMAN	SECISBP2	Selenocysteine insertion sequence-binding protein 2	110172
Q96T23	Q96T23;Q96T23-2	RSF1_HUMAN	RSF1	Remodeling and spacing factor 1	1.15675e+06
Q96T37;Q96T37-2;Q96T37-3	Q96T37;Q96T37-2;Q96T37-3;Q96T37-4	RBM15_HUMAN	RBM15	RNA-binding protein 15	1.33334e+06
Q96T51	Q96T51;Q96T51-2;Q96T51-3	RUFY1_HUMAN	RUFY1	RUN and FYVE domain-containing protein 1	900061
Q96T58	Q96T58	MINT_HUMAN	SPEN	Msx2-interacting protein	1.04994e+06
Q96T60	Q96T60;Q96T60-2	PNKP_HUMAN	PNKP	Bifunctional polynucleotide phosphatase/kinase	675817
Q96T76;Q96T76-8	Q96T76;Q96T76-5;Q96T76-8;Q96T76-9	MMS19_HUMAN	MMS19	MMS19 nucleotide excision repair protein homolog	923669
Q96T88	Q96T88;Q96T88-2	UHRF1_HUMAN	UHRF1	E3 ubiquitin-protein ligase UHRF1	1.50505e+06
Q96TA1;Q96TA1-2	Q96TA1;Q96TA1-2	NIBA2_HUMAN	NIBAN2	Protein Niban 2	5.50982e+06
Q96TA2;Q96TA2-2;Q96TA2-3	Q96TA2;Q96TA2-2;Q96TA2-3	YMEL1_HUMAN	YME1L1	ATP-dependent zinc metalloprotease YME1L1	801518
Q96TC7	Q96TC7;Q96TC7-2	RMD3_HUMAN	RMDN3	Regulator of microtubule dynamics protein 3	591131
Q99081;Q99081-3	Q99081;Q99081-2;Q99081-3;Q99081-4	HTF4_HUMAN	TCF12	Transcription factor 12	68609
Q99417	Q99417	MYCBP_HUMAN	MYCBP	c-Myc-binding protein	590901
Q99426	Q99426;Q99426-2	TBCB_HUMAN	TBCB	Tubulin-folding cofactor B	1.13671e+06
Q99436	Q99436	PSB7_HUMAN	PSMB7	Proteasome subunit beta type-7	802989
Q99439	Q99439;Q99439-2	CNN2_HUMAN	CNN2	Calponin-2	1.58399e+06
Q99442	Q99442	SEC62_HUMAN	SEC62	Translocation protein SEC62	562641
Q99447;Q99447-3	Q99447;Q99447-2;Q99447-3;Q99447-4	PCY2_HUMAN	PCYT2	Ethanolamine-phosphate cytidylyltransferase	172704
Q99459	Q99459	CDC5L_HUMAN	CDC5L	Cell division cycle 5-like protein	5.26292e+06
Q99460	Q99460;Q99460-2	PSMD1_HUMAN	PSMD1	26S proteasome non-ATPase regulatory subunit 1	6.88338e+06
Q99470	Q99470	SDF2_HUMAN	SDF2	Stromal cell-derived factor 2	46425
Q99471	Q99471;Q99471-3	PFD5_HUMAN	PFDN5	Prefoldin subunit 5	1.5181e+06
Q99496	Q99496;Q99496-2	RING2_HUMAN	RNF2	E3 ubiquitin-protein ligase RING2	116851
Q99497	Q99497	PARK7_HUMAN	PARK7	Protein/nucleic acid deglycase DJ-1	1.08677e+07
Q99504;Q99504-3;Q99504-4;Q99504-5	Q99504;Q99504-3;Q99504-4;Q99504-5	EYA3_HUMAN	EYA3	Eyes absent homolog 3	103226
Q99519	Q99519	NEUR1_HUMAN	NEU1	Sialidase-1	68356
Q99523;Q99523-2	Q99523;Q99523-2	SORT_HUMAN	SORT1	Sortilin	48219
Q99536	Q99536;Q99536-2;Q99536-3	VAT1_HUMAN	VAT1	Synaptic vesicle membrane protein VAT-1 homolog	4.32411e+06
Q99538;Q99538-2;Q99538-3	Q99538;Q99538-2;Q99538-3	LGMN_HUMAN	LGMN	Legumain	184594
Q99541	Q99541	PLIN2_HUMAN	PLIN2	Perilipin-2	324016
Q99543	Q99543;Q99543-2	DNJC2_HUMAN	DNAJC2	DnaJ homolog subfamily C member 2	1.69801e+06
Q99547	Q99547	MPH6_HUMAN	MPHOSPH6	M-phase phosphoprotein 6	184068
Q99549;Q99549-2	Q99549;Q99549-2	MPP8_HUMAN	MPHOSPH8	M-phase phosphoprotein 8	246625
Q99550;Q99550-2	Q99550;Q99550-2	MPP9_HUMAN	MPHOSPH9	M-phase phosphoprotein 9	622272
Q99567	Q99567	NUP88_HUMAN	NUP88	Nuclear pore complex protein Nup88	1.84325e+06
Q99569;Q99569-2	Q99569;Q99569-2	PKP4_HUMAN	PKP4	Plakophilin-4	153241
Q99570	Q99570	PI3R4_HUMAN	PIK3R4	Phosphoinositide 3-kinase regulatory subunit 4	1.17323e+06
Q99575	Q99575	POP1_HUMAN	POP1	Ribonucleases P/MRP protein subunit POP1	1.97741e+06
Q99576	Q99576	T22D3_HUMAN	TSC22D3	TSC22 domain family protein 3	19593
Q99584	Q99584	S10AD_HUMAN	S100A13	Protein S100-A13	2.43325e+06
Q99590;Q99590-2	Q99590;Q99590-2	SCAFB_HUMAN	SCAF11	Protein SCAF11	1.29268e+06
Q99598	Q99598	TSNAX_HUMAN	TSNAX	Translin-associated protein X	534319
Q99611	Q99611	SPS2_HUMAN	SEPHS2	Selenide, water dikinase 2	95254
Q99613;Q99613-2	Q99613;Q99613-2;B5ME19	EIF3C_HUMAN	EIF3C	Eukaryotic translation initiation factor 3 subunit C	1.24335e+07
Q99614	Q99614	TTC1_HUMAN	TTC1	Tetratricopeptide repeat protein 1	1.42312e+06
Q99615	Q99615;Q99615-2	DNJC7_HUMAN	DNAJC7	DnaJ homolog subfamily C member 7	2.52931e+06
Q99622	Q99622	C10_HUMAN	C12orf57	Protein C10	368845
Q99623	Q99623;Q99623-2	PHB2_HUMAN	PHB2	Prohibitin-2	9.88977e+06
Q99627;Q99627-2	Q99627;Q99627-2	CSN8_HUMAN	COPS8	COP9 signalosome complex subunit 8	673038
Q99633	Q99633	PRP18_HUMAN	PRPF18	Pre-mRNA-splicing factor 18	65340
Q99638	Q99638	RAD9A_HUMAN	RAD9A	Cell cycle checkpoint control protein RAD9A	65721
Q99640;Q99640-2;Q99640-3;Q99640-4	Q99640;Q99640-2;Q99640-3;Q99640-4	PMYT1_HUMAN	PKMYT1	Membrane-associated tyrosine- and threonine-specific cdc2-inhibitory kinase	1.0313e+06
Q99643;Q99643-3;Q99643-5	Q99643;Q99643-3;Q99643-5	C560_HUMAN	SDHC	Succinate dehydrogenase cytochrome b560 subunit, mitochondrial	145259
Q99650;Q99650-2	Q99650;Q99650-2	OSMR_HUMAN	OSMR	Oncostatin-M-specific receptor subunit beta	108033
Q99653	Q99653	CHP1_HUMAN	CHP1	Calcineurin B homologous protein 1	262217
Q99661	Q99661;Q99661-2	KIF2C_HUMAN	KIF2C	Kinesin-like protein KIF2C	1.10679e+06
Q99675	Q99675	CGRF1_HUMAN	CGRRF1	Cell growth regulator with RING finger domain protein 1	8166
Q99685	Q99685	MGLL_HUMAN	MGLL	Monoglyceride lipase	21827
Q99687;Q99687-2;Q99687-3	Q99687;Q99687-2;Q99687-3;A8K0S8	MEIS3_HUMAN	MEIS3	Homeobox protein Meis3	46549
Q99698	Q99698;Q99698-2;Q99698-3	LYST_HUMAN	LYST	Lysosomal-trafficking regulator	195111
Q99700;Q99700-2;Q99700-4	Q99700;Q99700-2;Q99700-4;Q99700-5	ATX2_HUMAN	ATXN2	Ataxin-2	1.54981e+06
Q99707	Q99707;Q99707-2	METH_HUMAN	MTR	Methionine synthase	1.11451e+06
Q99708;Q99708-2	Q99708;Q99708-2;Q99708-3	CTIP_HUMAN	RBBP8	DNA endonuclease RBBP8	379816
Q99714	Q99714	HCD2_HUMAN	HSD17B10	3-hydroxyacyl-CoA dehydrogenase type-2	1.29802e+07
Q99715;Q99715-2;Q99715-4	Q99715;Q99715-2;Q99715-4	COCA1_HUMAN	COL12A1	Collagen alpha-1(XII) chain	301885
Q99720	Q99720;Q99720-2;Q99720-5	SGMR1_HUMAN	SIGMAR1	Sigma non-opioid intracellular receptor 1	285181
Q99728;Q99728-2	Q99728;Q99728-2;Q99728-3	BARD1_HUMAN	BARD1	BRCA1-associated RING domain protein 1	787934
Q99729;Q99729-2;Q99729-3;Q99729-4	Q99729;Q99729-2;Q99729-3;Q99729-4	ROAA_HUMAN	HNRNPAB	Heterogeneous nuclear ribonucleoprotein A/B	5.27213e+06
Q99733;Q99733-2	Q99733;Q99733-2	NP1L4_HUMAN	NAP1L4	Nucleosome assembly protein 1-like 4	3.28782e+06
Q99741	Q99741	CDC6_HUMAN	CDC6	Cell division control protein 6 homolog	24906
Q99747	Q99747	SNAG_HUMAN	NAPG	Gamma-soluble NSF attachment protein	776968
Q99755;Q99755-3;Q99755-4	Q99755;Q99755-2;Q99755-3;Q99755-4	PI51A_HUMAN	PIP5K1A	Phosphatidylinositol 4-phosphate 5-kinase type-1 alpha	274130
Q99757	Q99757	THIOM_HUMAN	TXN2	Thioredoxin, mitochondrial	344301
Q99766	Q99766	ATP5S_HUMAN	DMAC2L	ATP synthase subunit s, mitochondrial	83495
Q99797	Q99797	MIPEP_HUMAN	MIPEP	Mitochondrial intermediate peptidase	628553
Q99798	Q99798	ACON_HUMAN	ACO2	Aconitate hydratase, mitochondrial	8.93134e+06
Q99805	Q99805	TM9S2_HUMAN	TM9SF2	Transmembrane 9 superfamily member 2	460211
Q99807	Q99807;Q99807-2	COQ7_HUMAN	COQ7	5-demethoxyubiquinone hydroxylase, mitochondrial	58551
Q99808;Q99808-2	Q99808;Q99808-2	S29A1_HUMAN	SLC29A1	Equilibrative nucleoside transporter 1	332805
Q99816	Q99816	TS101_HUMAN	TSG101	Tumor susceptibility gene 101 protein	529779
Q99828;Q99828-2	Q99828;Q99828-2	CIB1_HUMAN	CIB1	Calcium and integrin-binding protein 1	60124
Q99829	Q99829	CPNE1_HUMAN	CPNE1	Copine-1	2.53391e+06
Q99832	Q99832;Q99832-2;Q99832-3;Q99832-4	TCPH_HUMAN	CCT7	T-complex protein 1 subunit eta	8.63528e+06
Q99836;Q99836-5;Q99836-6	Q99836;Q99836-5;Q99836-6	MYD88_HUMAN	MYD88	Myeloid differentiation primary response protein MyD88	31635
Q99848	Q99848	EBP2_HUMAN	EBNA1BP2	Probable rRNA-processing protein EBP2	2.26737e+06
Q99856	Q99856	ARI3A_HUMAN	ARID3A	AT-rich interactive domain-containing protein 3A	97793
Q99865;Q9BPZ2	Q99865;Q9BPZ2	SPI2A_HUMAN;SPI2B_HUMAN	SPIN2A;SPIN2B	Spindlin-2A	188384
Q99871;Q99871-2	Q99871;Q99871-2;Q99871-3	HAUS7_HUMAN	HAUS7	HAUS augmin-like complex subunit 7	142277
Q99873;Q99873-2;Q99873-3	Q99873;Q99873-2;Q99873-3	ANM1_HUMAN	PRMT1	Protein arginine N-methyltransferase 1	4.18708e+06
Q99933;Q99933-3;Q99933-4	Q99933;Q99933-2;Q99933-3;Q99933-4	BAG1_HUMAN	BAG1	BAG family molecular chaperone regulator 1	770083
Q99943	Q99943	PLCA_HUMAN	AGPAT1	1-acyl-sn-glycerol-3-phosphate acyltransferase alpha	163868
Q99958	Q99958	FOXC2_HUMAN	FOXC2	Forkhead box protein C2	707382
Q99959;Q99959-2	Q99959;Q99959-2	PKP2_HUMAN	PKP2	Plakophilin-2	407634
Q99961	Q99961;Q99961-2;Q99961-3	SH3G1_HUMAN	SH3GL1	Endophilin-A2	1.04631e+06
Q99961;Q99962	Q99962;Q99961;Q99961-2;Q99961-3	SH3G1_HUMAN;SH3G2_HUMAN	SH3GL1;SH3GL2	Endophilin-A2	745130
Q99962	Q99962	SH3G2_HUMAN	SH3GL2	Endophilin-A1	129470
Q99973;Q99973-2	Q99973;Q99973-2	TEP1_HUMAN	TEP1	Telomerase protein component 1	88668
Q99986	Q99986	VRK1_HUMAN	VRK1	Serine/threonine-protein kinase VRK1	1.27599e+06
Q99988	Q99988	GDF15_HUMAN	GDF15	Growth/differentiation factor 15	30862
Q99996;Q99996-1;Q99996-5	Q99996;Q99996-1;Q99996-3;Q99996-4;Q99996-5;Q99996-6	AKAP9_HUMAN	AKAP9	A-kinase anchor protein 9	1.42836e+06
Q9BPW8	Q9BPW8	NIPS1_HUMAN	NIPSNAP1	Protein NipSnap homolog 1	897336
Q9BPX3	Q9BPX3	CND3_HUMAN	NCAPG	Condensin complex subunit 3	930077
Q9BPX5	Q9BPX5	ARP5L_HUMAN	ARPC5L	Actin-related protein 2/3 complex subunit 5-like protein	1.49526e+06
Q9BPX6;Q9BPX6-3	Q9BPX6;Q9BPX6-3;Q9BPX6-4;Q9BPX6-5	MICU1_HUMAN	MICU1	Calcium uptake protein 1, mitochondrial	682696
Q9BPX7;Q9BPX7-2	Q9BPX7;Q9BPX7-2	CG025_HUMAN	C7orf25	UPF0415 protein C7orf25	168332
Q9BPY3	Q9BPY3	F118B_HUMAN	FAM118B	Protein FAM118B	90272
Q9BPZ3	Q9BPZ3	PAIP2_HUMAN	PAIP2	Polyadenylate-binding protein-interacting protein 2	27979
Q9BPZ7;Q9BPZ7-2;Q9BPZ7-3	Q9BPZ7;Q9BPZ7-2;Q9BPZ7-3;Q9BPZ7-4	SIN1_HUMAN	MAPKAP1	Target of rapamycin complex 2 subunit MAPKAP1	89680
Q9BQ04	Q9BQ04	RBM4B_HUMAN	RBM4B	RNA-binding protein 4B	346135
Q9BQ04;Q9BWF3	Q9BQ04;Q9BWF3;Q9BWF3-2;Q9BWF3-3;Q9BWF3-4	RBM4B_HUMAN;RBM4_HUMAN	RBM4;RBM4B	RNA-binding protein 4B	3.28671e+06
Q9BQ39	Q9BQ39	DDX50_HUMAN	DDX50	ATP-dependent RNA helicase DDX50	951289
Q9BQ39;Q9NR30	Q9BQ39;Q9NR30;Q9NR30-2	DDX21_HUMAN;DDX50_HUMAN	DDX21;DDX50	ATP-dependent RNA helicase DDX50	1.75376e+06
Q9BQ48	Q9BQ48	RM34_HUMAN	MRPL34	39S ribosomal protein L34, mitochondrial	186474
Q9BQ52;Q9BQ52-4	Q9BQ52;Q9BQ52-2;Q9BQ52-3;Q9BQ52-4	RNZ2_HUMAN	ELAC2	Zinc phosphodiesterase ELAC protein 2	2.0008e+06
Q9BQ61	Q9BQ61	TRIR_HUMAN	TRIR	Telomerase RNA component interacting RNase	505518
Q9BQ67	Q9BQ67	GRWD1_HUMAN	GRWD1	Glutamate-rich WD repeat-containing protein 1	670158
Q9BQ69	Q9BQ69	MACD1_HUMAN	MACROD1	ADP-ribose glycohydrolase MACROD1	1.21137e+06
Q9BQ70	Q9BQ70	TCF25_HUMAN	TCF25	Transcription factor 25	70895
Q9BQ75;Q9BQ75-2	Q9BQ75;Q9BQ75-2	CMS1_HUMAN	CMSS1	Protein CMSS1	569296
Q9BQ87	Q9BQ87	TBL1Y_HUMAN	TBL1Y	F-box-like/WD repeat-containing protein TBL1Y	1.21804e+06
Q9BQ95	Q9BQ95;Q9BQ95-3	ECSIT_HUMAN	ECSIT	Evolutionarily conserved signaling intermediate in Toll pathway, mitochondrial	410638
Q9BQA1	Q9BQA1	MEP50_HUMAN	WDR77	Methylosome protein 50	2.63919e+06
Q9BQA9;Q9BQA9-2	Q9BQA9;Q9BQA9-2	CYBC1_HUMAN	CYBC1	Cytochrome b-245 chaperone 1	80130
Q9BQC3	Q9BQC3;Q9BQC3-3	DPH2_HUMAN	DPH2	2-(3-amino-3-carboxypropyl)histidine synthase subunit 2	856655
Q9BQC6	Q9BQC6	RT63_HUMAN	MRPL57	Ribosomal protein 63, mitochondrial	128205
Q9BQD3	Q9BQD3	KXDL1_HUMAN	KXD1	KxDL motif-containing protein 1	77259
Q9BQE3	Q71U36;Q71U36-2;P68363;P68363-2;Q6PEY2;Q9BQE3;P0DPH7;P0DPH7-2;P0DPH8	TBA1C_HUMAN	TUBA1C	Tubulin alpha-1C chain	6.84146e+06
Q9BQE3;Q9NY65;Q9NY65-2	Q71U36;Q71U36-2;Q6PEY2;Q9BQE3;Q9NY65;Q9NY65-2;P0DPH7;P0DPH7-2;P0DPH8	TBA1C_HUMAN;TBA8_HUMAN	TUBA1C;TUBA8	Tubulin alpha-1C chain	1.61078e+06
Q9BQE4	Q9BQE4	SELS_HUMAN	SELENOS	Selenoprotein S	198718
Q9BQE5	Q9BQE5	APOL2_HUMAN	APOL2	Apolipoprotein L2	439852
Q9BQE9;Q9BQE9-4	Q9BQE9;Q9BQE9-2;Q9BQE9-4	BCL7B_HUMAN	BCL7B	B-cell CLL/lymphoma 7 protein family member B	68130
Q9BQG0;Q9BQG0-2	Q9BQG0;Q9BQG0-2	MBB1A_HUMAN	MYBBP1A	Myb-binding protein 1A	7.40104e+06
Q9BQG2;Q9BQG2-2	Q9BQG2;Q9BQG2-2	NUD12_HUMAN	NUDT12	Peroxisomal NADH pyrophosphatase NUDT12	107402
Q9BQL6	Q9BQL6;Q9BQL6-2;Q9BQL6-4	FERM1_HUMAN	FERMT1	Fermitin family homolog 1	445716
Q9BQP7	Q9BQP7	MGME1_HUMAN	MGME1	Mitochondrial genome maintenance exonuclease 1	404024
Q9BQQ3;Q9BQQ3-2;Q9BQQ3-3	Q9BQQ3;Q9BQQ3-2;Q9BQQ3-3	GORS1_HUMAN	GORASP1	Golgi reassembly-stacking protein 1	35416
Q9BQS8;Q9BQS8-4	Q9BQS8;Q9BQS8-4	FYCO1_HUMAN	FYCO1	FYVE and coiled-coil domain-containing protein 1	1.30718e+06
Q9BQT8;Q9BQT8-2	Q9BQT8;Q9BQT8-2	ODC_HUMAN	SLC25A21	Mitochondrial 2-oxodicarboxylate carrier	60809
Q9BR61	Q9BR61	ACBD6_HUMAN	ACBD6	Acyl-CoA-binding domain-containing protein 6	281186
Q9BR76	Q9BR76	COR1B_HUMAN	CORO1B	Coronin-1B	2.27455e+06
Q9BRA0;Q9BRA0-2	Q9BRA0;Q9BRA0-2	LSMD1_HUMAN	NAA38	N-alpha-acetyltransferase 38, NatC auxiliary subunit	18644
Q9BRA2	Q9BRA2	TXD17_HUMAN	TXNDC17	Thioredoxin domain-containing protein 17	2.41455e+06
Q9BRD0	Q9BRD0;Q9BRD0-2	BUD13_HUMAN	BUD13	BUD13 homolog	182410
Q9BRF8	Q9BRF8;Q9BRF8-2;Q9BRF8-3	CPPED_HUMAN	CPPED1	Serine/threonine-protein phosphatase CPPED1	89472
Q9BRG1	Q9BRG1	VPS25_HUMAN	VPS25	Vacuolar protein-sorting-associated protein 25	210145
Q9BRJ2	Q9BRJ2	RM45_HUMAN	MRPL45	39S ribosomal protein L45, mitochondrial	1.03307e+06
Q9BRJ6	Q9BRJ6	CG050_HUMAN	C7orf50	Uncharacterized protein C7orf50	536061
Q9BRJ7	Q9BRJ7	TIRR_HUMAN	NUDT16L1	Tudor-interacting repair regulator protein	172840
Q9BRK5	Q9BRK5;Q9BRK5-2;Q9BRK5-5	CAB45_HUMAN	SDF4	45 kDa calcium-binding protein	308044
Q9BRL6;Q9BRL6-2	Q9BRL6;Q9BRL6-2	SRSF8_HUMAN	SRSF8	Serine/arginine-rich splicing factor 8	35588
Q9BRP1	Q9BRP1	PDD2L_HUMAN	PDCD2L	Programmed cell death protein 2-like	189518
Q9BRP4	Q9BRP4;Q9BRP4-2;Q9BRP4-3	PAAF1_HUMAN	PAAF1	Proteasomal ATPase-associated factor 1	365780
Q9BRP8;Q9BRP8-2	Q9BRP8;Q9BRP8-2	PYM1_HUMAN	PYM1	Partner of Y14 and mago	2.37021e+06
Q9BRQ0	Q9BRQ0	PYGO2_HUMAN	PYGO2	Pygopus homolog 2	95651
Q9BRQ6	Q9BRQ6	MIC25_HUMAN	CHCHD6	MICOS complex subunit MIC25	315423
Q9BRQ8	Q9BRQ8;Q9BRQ8-2	FSP1_HUMAN	AIFM2	Ferroptosis suppressor protein 1	562551
Q9BRR6;Q9BRR6-2	Q9BRR6;Q9BRR6-2;Q9BRR6-5	ADPGK_HUMAN	ADPGK	ADP-dependent glucokinase	921440
Q9BRR8	Q9BRR8	GPTC1_HUMAN	GPATCH1	G patch domain-containing protein 1	13860
Q9BRR9;Q9BRR9-2;Q9BRR9-3;Q9BRR9-4;Q9BRR9-5	Q9BRR9;Q9BRR9-2;Q9BRR9-3;Q9BRR9-4;Q9BRR9-5	RHG09_HUMAN	ARHGAP9	Rho GTPase-activating protein 9	372658
Q9BRS2	Q9BRS2	RIOK1_HUMAN	RIOK1	Serine/threonine-protein kinase RIO1	524145
Q9BRS8	Q9BRS8;Q9BRS8-2	LARP6_HUMAN	LARP6	La-related protein 6	23529
Q9BRT2	Q9BRT2	UQCC2_HUMAN	UQCC2	Ubiquinol-cytochrome-c reductase complex assembly factor 2	100293
Q9BRT9	Q9BRT9;Q9BRT9-2	SLD5_HUMAN	GINS4	DNA replication complex GINS protein SLD5	364979
Q9BRU9	Q9BRU9;Q9BRU9-2	UTP23_HUMAN	UTP23	rRNA-processing protein UTP23 homolog	265354
Q9BRV8;Q9BRV8-2	Q9BRV8;Q9BRV8-2	SIKE1_HUMAN	SIKE1	Suppressor of IKBKE 1	92421
Q9BRX2	Q9BRX2	PELO_HUMAN	PELO	Protein pelota homolog	458495
Q9BRX5	Q9BRX5;Q9BRX5-2;Q9BRX5-3	PSF3_HUMAN	GINS3	DNA replication complex GINS protein PSF3	520932
Q9BRX8;Q9BRX8-2	Q9BRX8;Q9BRX8-2	PXL2A_HUMAN	PRXL2A	Peroxiredoxin-like 2A	243676
Q9BRZ2	Q9BRZ2;Q9BRZ2-2	TRI56_HUMAN	TRIM56	E3 ubiquitin-protein ligase TRIM56	440439
Q9BS16	Q9BS16	CENPK_HUMAN	CENPK	Centromere protein K	14032
Q9BS18	Q9BS18	APC13_HUMAN	ANAPC13	Anaphase-promoting complex subunit 13	31215
Q9BS26	Q9BS26	ERP44_HUMAN	ERP44	Endoplasmic reticulum resident protein 44	2.58113e+06
Q9BS40	Q9BS40	LXN_HUMAN	LXN	Latexin	364501
Q9BSB4	Q9BSB4	ATGA1_HUMAN	ATG101	Autophagy-related protein 101	121878
Q9BSC4	Q9BSC4;Q9BSC4-2;Q9BSC4-4	NOL10_HUMAN	NOL10	Nucleolar protein 10	847546
Q9BSD7	Q9BSD7	NTPCR_HUMAN	NTPCR	Cancer-related nucleoside-triphosphatase	1.09019e+06
Q9BSE5	Q9BSE5	SPEB_HUMAN	AGMAT	Agmatinase, mitochondrial	103610
Q9BSF4	Q9BSF4	TIM29_HUMAN	TIMM29	Mitochondrial import inner membrane translocase subunit Tim29	157952
Q9BSG0	Q9BSG0	PADC1_HUMAN	PRADC1	Protease-associated domain-containing protein 1	7887
Q9BSH4	Q9BSH4	TACO1_HUMAN	TACO1	Translational activator of cytochrome c oxidase 1	790341
Q9BSH5	Q9BSH5	HDHD3_HUMAN	HDHD3	Haloacid dehalogenase-like hydrolase domain-containing protein 3	87033
Q9BSJ2;Q9BSJ2-4	Q9BSJ2;Q9BSJ2-3;Q9BSJ2-4	GCP2_HUMAN	TUBGCP2	Gamma-tubulin complex component 2	1.08937e+06
Q9BSJ5;Q9BSJ5-2;Q9BSJ5-3	Q9BSJ5;Q9BSJ5-2;Q9BSJ5-3	CQ080_HUMAN	C17orf80	Uncharacterized protein C17orf80	767920
Q9BSJ8;Q9BSJ8-2	Q9BSJ8;Q9BSJ8-2	ESYT1_HUMAN	ESYT1	Extended synaptotagmin-1	2.74962e+06
Q9BSK0	Q9BSK0	MALD1_HUMAN	MARVELD1	MARVEL domain-containing protein 1	22773
Q9BSK1;Q9BSK1-2	Q9BSK1;Q9BSK1-2	ZN577_HUMAN	ZNF577	Zinc finger protein 577	96807
Q9BSL1	Q9BSL1	UBAC1_HUMAN	UBAC1	Ubiquitin-associated domain-containing protein 1	48837
Q9BSR8	Q9BSR8	YIPF4_HUMAN	YIPF4	Protein YIPF4	124840
Q9BST9;Q9BST9-2;Q9BST9-3	Q9BST9;Q9BST9-2;Q9BST9-3	RTKN_HUMAN	RTKN	Rhotekin	47082
Q9BSU1	Q9BSU1	CP070_HUMAN	C16orf70	UPF0183 protein C16orf70	88524
Q9BSV6	Q9BSV6	SEN34_HUMAN	TSEN34	tRNA-splicing endonuclease subunit Sen34	183853
Q9BSY4;Q9BSY4-2	Q9BSY4;Q9BSY4-2	CHCH5_HUMAN	CHCHD5	Coiled-coil-helix-coiled-coil-helix domain-containing protein 5	115139
Q9BT09	Q9BT09	CNPY3_HUMAN	CNPY3	Protein canopy homolog 3	750547
Q9BT17	Q9BT17;Q9BT17-2	MTG1_HUMAN	MTG1	Mitochondrial ribosome-associated GTPase 1	175022
Q9BT22	Q9BT22;Q9BT22-2	ALG1_HUMAN	ALG1	Chitobiosyldiphosphodolichol beta-mannosyltransferase	983543
Q9BT25;Q9BT25-2;Q9BT25-3	Q9BT25;Q9BT25-2;Q9BT25-3	HAUS8_HUMAN	HAUS8	HAUS augmin-like complex subunit 8	43942
Q9BT40;Q9BT40-2	Q9BT40;Q9BT40-2	INP5K_HUMAN	INPP5K	Inositol polyphosphate 5-phosphatase K	91162
Q9BT73	Q9BT73	PSMG3_HUMAN	PSMG3	Proteasome assembly chaperone 3	249084
Q9BT78	Q9BT78;Q9BT78-2	CSN4_HUMAN	COPS4	COP9 signalosome complex subunit 4	2.61802e+06
Q9BTA9;Q9BTA9-2	Q9BTA9;Q9BTA9-2;Q9BTA9-5	WAC_HUMAN	WAC	WW domain-containing adapter protein with coiled-coil	437970
Q9BTC0	Q9BTC0	DIDO1_HUMAN	DIDO1	Death-inducer obliterator 1	5.41409e+06
Q9BTC8;Q9BTC8-2	Q9BTC8;Q9BTC8-2	MTA3_HUMAN	MTA3	Metastasis-associated protein MTA3	164155
Q9BTD8;Q9BTD8-2;Q9BTD8-3;Q9BTD8-4	Q9BTD8;Q9BTD8-2;Q9BTD8-3;Q9BTD8-4	RBM42_HUMAN	RBM42	RNA-binding protein 42	519591
Q9BTE1;Q9BTE1-2	Q9BTE1;Q9BTE1-2	DCTN5_HUMAN	DCTN5	Dynactin subunit 5	229944
Q9BTE3	Q9BTE3;Q9BTE3-2	MCMBP_HUMAN	MCMBP	Mini-chromosome maintenance complex-binding protein	2.52088e+06
Q9BTE6;Q9BTE6-2;Q9BTE6-3	Q9BTE6;Q9BTE6-2;Q9BTE6-3	AASD1_HUMAN	AARSD1	Alanyl-tRNA editing protein Aarsd1	733140
Q9BTE7	Q9BTE7	DCNL5_HUMAN	DCUN1D5	DCN1-like protein 5	232797
Q9BTK6	Q9BTK6	PAGR1_HUMAN	PAGR1	PAXIP1-associated glutamate-rich protein 1	26342
Q9BTL3	Q9BTL3	RAMAC_HUMAN	RAMAC	RNA guanine-N7 methyltransferase activating subunit	82672
Q9BTM9;Q9BTM9-2;Q9BTM9-3	Q9BTM9;Q9BTM9-2;Q9BTM9-3	URM1_HUMAN	URM1	Ubiquitin-related modifier 1	685086
Q9BTT0	Q9BTT0;Q9BTT0-2;Q9BTT0-3	AN32E_HUMAN	ANP32E	Acidic leucine-rich nuclear phosphoprotein 32 family member E	1.58734e+06
Q9BTT4	Q9BTT4	MED10_HUMAN	MED10	Mediator of RNA polymerase II transcription subunit 10	133721
Q9BTT6	Q9BTT6	LRRC1_HUMAN	LRRC1	Leucine-rich repeat-containing protein 1	69685
Q9BTU6	Q9BTU6	P4K2A_HUMAN	PI4K2A	Phosphatidylinositol 4-kinase type 2-alpha	710059
Q9BTV4	Q9BTV4	TMM43_HUMAN	TMEM43	Transmembrane protein 43	1.7799e+06
Q9BTW9;Q9BTW9-4	Q9BTW9;Q9BTW9-4;Q9BTW9-5	TBCD_HUMAN	TBCD	Tubulin-specific chaperone D	1.19188e+06
Q9BTX1;Q9BTX1-2;Q9BTX1-5;Q9BTX1-6	Q9BTX1;Q9BTX1-2;Q9BTX1-3;Q9BTX1-4;Q9BTX1-5;Q9BTX1-6	NDC1_HUMAN	NDC1	Nucleoporin NDC1	326459
Q9BTX3;Q9BTX3-2	Q9BTX3;Q9BTX3-2	TM208_HUMAN	TMEM208	Transmembrane protein 208	11558
Q9BTX7	Q9BTX7	TTPAL_HUMAN	TTPAL	Alpha-tocopherol transfer protein-like	70055
Q9BTY2	Q9BTY2	FUCO2_HUMAN	FUCA2	Plasma alpha-L-fucosidase	342615
Q9BTY7	Q9BTY7	HGH1_HUMAN	HGH1	Protein HGH1 homolog	406242
Q9BTZ2;Q9BTZ2-4;Q9BTZ2-8	P0CG22;Q9BTZ2;Q9BTZ2-4;Q9BTZ2-8	DHRS4_HUMAN	DHRS4	Dehydrogenase/reductase SDR family member 4	546801
Q9BU02	Q9BU02	THTPA_HUMAN	THTPA	Thiamine-triphosphatase	391897
Q9BU23;Q9BU23-2	Q9BU23;Q9BU23-2;Q9BU23-3	LMF2_HUMAN	LMF2	Lipase maturation factor 2	411592
Q9BU61	Q9BU61;Q9BU61-2	NDUF3_HUMAN	NDUFAF3	NADH dehydrogenase [ubiquinone] 1 alpha subcomplex assembly factor 3	1.10864e+06
Q9BU64;Q9BU64-2	Q9BU64;Q9BU64-2	CENPO_HUMAN	CENPO	Centromere protein O	4882
Q9BU70	Q9BU70	TRMO_HUMAN	TRMO	tRNA (adenine(37)-N6)-methyltransferase	169633
Q9BU76;Q9BU76-4	Q9BU76;Q9BU76-4	MMTA2_HUMAN	MMTAG2	Multiple myeloma tumor-associated protein 2	246498
Q9BU89	Q9BU89	DOHH_HUMAN	DOHH	Deoxyhypusine hydroxylase	882333
Q9BUB4;Q9BUB4-2	Q9BUB4;Q9BUB4-2	ADAT1_HUMAN	ADAT1	tRNA-specific adenosine deaminase 1	987188
Q9BUB5;Q9BUB5-2	Q9BUB5;Q9BUB5-2;Q9BUB5-3	MKNK1_HUMAN	MKNK1	MAP kinase-interacting serine/threonine-protein kinase 1	68827
Q9BUB7;Q9BUB7-2	Q9BUB7;Q9BUB7-2	TMM70_HUMAN	TMEM70	Transmembrane protein 70, mitochondrial	509717
Q9BUE0	Q9BUE0	MED18_HUMAN	MED18	Mediator of RNA polymerase II transcription subunit 18	92116
Q9BUE6;Q9BUE6-2	Q9BUE6;Q9BUE6-2	ISCA1_HUMAN	ISCA1	Iron-sulfur cluster assembly 1 homolog, mitochondrial	27216
Q9BUF5	Q9BUF5	TBB6_HUMAN	TUBB6	Tubulin beta-6 chain	2.62846e+06
Q9BUH6	Q9BUH6	PAXX_HUMAN	PAXX	Protein PAXX	1.10748e+06
Q9BUI4	Q9BUI4	RPC3_HUMAN	POLR3C	DNA-directed RNA polymerase III subunit RPC3	447556
Q9BUJ0	Q9BUJ0	ABHEA_HUMAN	ABHD14A	Protein ABHD14A	21744
Q9BUJ2;Q9BUJ2-2	Q9BUJ2;Q9BUJ2-2;Q9BUJ2-3;Q9BUJ2-4	HNRL1_HUMAN	HNRNPUL1	Heterogeneous nuclear ribonucleoprotein U-like protein 1	5.56558e+06
Q9BUK6	Q9BUK6;Q9BUK6-2;Q9BUK6-3;Q9BUK6-4;Q9BUK6-7	MSTO1_HUMAN	MSTO1	Protein misato homolog 1	301845
Q9BUL5;Q9BUL5-4	Q9BUL5;Q9BUL5-3;Q9BUL5-4	PHF23_HUMAN	PHF23	PHD finger protein 23	266949
Q9BUL8	Q9BUL8	PDC10_HUMAN	PDCD10	Programmed cell death protein 10	1.52044e+06
Q9BUL9	Q9BUL9	RPP25_HUMAN	RPP25	Ribonuclease P protein subunit p25	254934
Q9BUM1	Q9BUM1	G6PC3_HUMAN	G6PC3	Glucose-6-phosphatase 3	71191
Q9BUN8	Q9BUN8;Q9BUN8-2	DERL1_HUMAN	DERL1	Derlin-1	1.15029e+06
Q9BUP0	Q9BUP0	EFHD1_HUMAN	EFHD1	EF-hand domain-containing protein D1	488357
Q9BUP3;Q9BUP3-3	Q9BUP3;Q9BUP3-3	HTAI2_HUMAN	HTATIP2	Oxidoreductase HTATIP2	1.33206e+06
Q9BUQ8	Q9BUQ8	DDX23_HUMAN	DDX23	Probable ATP-dependent RNA helicase DDX23	3.67748e+06
Q9BUR4	Q9BUR4	TCAB1_HUMAN	WRAP53	Telomerase Cajal body protein 1	100134
Q9BUR5;Q9BUR5-2	Q9BUR5;Q9BUR5-2	MIC26_HUMAN	APOO	MICOS complex subunit MIC26	1.64528e+06
Q9BUT1	Q9BUT1;Q9BUT1-2	BDH2_HUMAN	BDH2	3-hydroxybutyrate dehydrogenase type 2	349731
Q9BUT9;Q9BUT9-2	Q9BUT9;Q9BUT9-2	MCRI2_HUMAN	MCRIP2	MAPK regulated corepressor interacting protein 2	35552
Q9BUV8;Q9BUV8-2;Q9BUV8-3;Q9BUV8-4;Q9BUV8-5	Q9BUV8;Q9BUV8-2;Q9BUV8-3;Q9BUV8-4;Q9BUV8-5	RCAF1_HUMAN	RAB5IF	Respirasome Complex Assembly Factor 1	843283
Q9BUX1	Q9BUX1	CHAC1_HUMAN	CHAC1	Glutathione-specific gamma-glutamylcyclotransferase 1	15985
Q9BUZ4	Q9BUZ4	TRAF4_HUMAN	TRAF4	TNF receptor-associated factor 4	190246
Q9BV10	Q9BV10	ALG12_HUMAN	ALG12	Dol-P-Man:Man(7)GlcNAc(2)-PP-Dol alpha-1,6-mannosyltransferase	25776
Q9BV19	Q9BV19	CA050_HUMAN	C1orf50	Uncharacterized protein C1orf50	63098
Q9BV20	Q9BV20;Q9BV20-2	MTNA_HUMAN	MRI1	Methylthioribose-1-phosphate isomerase	369654
Q9BV23	Q9BV23	ABHD6_HUMAN	ABHD6	Monoacylglycerol lipase ABHD6	177445
Q9BV38	Q9BV38	WDR18_HUMAN	WDR18	WD repeat-containing protein 18	1.83768e+06
Q9BV40	Q9BV40	VAMP8_HUMAN	VAMP8	Vesicle-associated membrane protein 8	294333
Q9BV44	Q9BV44	THUM3_HUMAN	THUMPD3	THUMP domain-containing protein 3	1.4013e+06
Q9BV57	Q9BV57;Q9BV57-2	MTND_HUMAN	ADI1	1,2-dihydroxy-3-keto-5-methylthiopentene dioxygenase	577122
Q9BV68	Q9BV68	RN126_HUMAN	RNF126	E3 ubiquitin-protein ligase RNF126	194862
Q9BV73;Q9BV73-2	Q9BV73;Q9BV73-2	CP250_HUMAN	CEP250	Centrosome-associated protein CEP250	653076
Q9BV79;Q9BV79-2	Q9BV79;Q9BV79-2	MECR_HUMAN	MECR	Enoyl-[acyl-carrier-protein] reductase, mitochondrial	110750
Q9BV81	Q9BV81	EMC6_HUMAN	EMC6	ER membrane protein complex subunit 6	133191
Q9BV86	Q9BV86;Q9BV86-2	NTM1A_HUMAN	NTMT1	N-terminal Xaa-Pro-Lys N-methyltransferase 1	427328
Q9BV94;Q9BV94-2	Q9BV94;Q9BV94-2	EDEM2_HUMAN	EDEM2	ER degradation-enhancing alpha-mannosidase-like protein 2	51739
Q9BVA0	Q9BVA0	KTNB1_HUMAN	KATNB1	Katanin p80 WD40 repeat-containing subunit B1	793641
Q9BVC3	Q9BVC3	DCC1_HUMAN	DSCC1	Sister chromatid cohesion protein DCC1	168435
Q9BVC4	Q9BVC4;Q9BVC4-3;Q9BVC4-4;Q9BVC4-5	LST8_HUMAN	MLST8	Target of rapamycin complex subunit LST8	288708
Q9BVC5	Q9BVC5;Q9BVC5-2	ASHWN_HUMAN	C2orf49	Ashwin	199898
Q9BVC6	Q9BVC6	TM109_HUMAN	TMEM109	Transmembrane protein 109	875826
Q9BVG3;Q9BVG3-2	Q9BVG3;Q9BVG3-2	TRI62_HUMAN	TRIM62	E3 ubiquitin-protein ligase TRIM62	260754
Q9BVG8;Q9BVG8-2;Q9BVG8-6	Q9BVG8;Q9BVG8-2;Q9BVG8-4;Q9BVG8-5;Q9BVG8-6	KIFC3_HUMAN	KIFC3	Kinesin-like protein KIFC3	229135
Q9BVG9	Q9BVG9	PTSS2_HUMAN	PTDSS2	Phosphatidylserine synthase 2	131647
Q9BVI0	Q9BVI0	PHF20_HUMAN	PHF20	PHD finger protein 20	257593
Q9BVI4	Q9BVI4	NOC4L_HUMAN	NOC4L	Nucleolar complex protein 4 homolog	1.14947e+06
Q9BVJ6	Q9BVJ6	UT14A_HUMAN	UTP14A	U3 small nucleolar RNA-associated protein 14 homolog A	1.89453e+06
Q9BVK2;Q9BVK2-2	Q9BVK2;Q9BVK2-2	ALG8_HUMAN	ALG8	Probable dolichyl pyrophosphate Glc1Man9GlcNAc2 alpha-1,3-glucosyltransferase	320326
Q9BVK6	Q9BVK6	TMED9_HUMAN	TMED9	Transmembrane emp24 domain-containing protein 9	2.11969e+06
Q9BVK8	Q9BVK8	TM147_HUMAN	TMEM147	Transmembrane protein 147	65763
Q9BVL2;Q9BVL2-2;Q9BVL2-3	Q9BVL2;Q9BVL2-2;Q9BVL2-3	NUP58_HUMAN	NUP58	Nucleoporin p58/p45	858277
Q9BVL4	Q9BVL4	SELO_HUMAN	SELENOO	Protein adenylyltransferase SelO, mitochondrial	268899
Q9BVM2	Q9BVM2	DPCD_HUMAN	DPCD	Protein DPCD	133277
Q9BVM4	Q9BVM4	GGACT_HUMAN	GGACT	Gamma-glutamylaminecyclotransferase	24985
Q9BVN2;Q9BVN2-2;Q9BVN2-3;Q9BVN2-4	Q9BVN2;Q9BVN2-2;Q9BVN2-3;Q9BVN2-4	RUSC1_HUMAN	RUSC1	RUN and SH3 domain-containing protein 1	101219
Q9BVP2;Q9BVP2-2	Q9BVP2;Q9BVP2-2	GNL3_HUMAN	GNL3	Guanine nucleotide-binding protein-like 3	6.01193e+06
Q9BVP2;Q9BVP2-2;Q9P2Q2	Q9P2Q2;Q9BVP2;Q9BVP2-2	FRM4A_HUMAN;GNL3_HUMAN	FRMD4A;GNL3	Guanine nucleotide-binding protein-like 3	92300
Q9BVQ7	Q9BVQ7;Q9BVQ7-2;Q9BVQ7-3	SPA5L_HUMAN	SPATA5L1	Spermatogenesis-associated protein 5-like protein 1	437958
Q9BVS4	Q9BVS4;Q9BVS4-2	RIOK2_HUMAN	RIOK2	Serine/threonine-protein kinase RIO2	1.21615e+06
Q9BVS5	Q9BVS5	TR61B_HUMAN	TRMT61B	tRNA (adenine(58)-N(1))-methyltransferase, mitochondrial	270793
Q9BVT8	Q9BVT8	TMUB1_HUMAN	TMUB1	Transmembrane and ubiquitin-like domain-containing protein 1	80359
Q9BVV6;Q9BVV6-2;Q9BVV6-3;Q9BVV6-4	Q9BVV6;Q9BVV6-2;Q9BVV6-3;Q9BVV6-4	TALD3_HUMAN	KIAA0586	Protein TALPID3	460650
Q9BVV7	Q9BVV7	TIM21_HUMAN	TIMM21	Mitochondrial import inner membrane translocase subunit Tim21	293583
Q9BVW5	Q9BVW5	TIPIN_HUMAN	TIPIN	TIMELESS-interacting protein	100281
Q9BW19	Q9BW19	KIFC1_HUMAN	KIFC1	Kinesin-like protein KIFC1	528849
Q9BW27	Q9BW27;Q9BW27-2;Q9BW27-3	NUP85_HUMAN	NUP85	Nuclear pore complex protein Nup85	1.6706e+06
Q9BW60	Q9BW60	ELOV1_HUMAN	ELOVL1	Elongation of very long chain fatty acids protein 1	202473
Q9BW61	Q9BW61	DDA1_HUMAN	DDA1	DET1- and DDB1-associated protein 1	364246
Q9BW62	Q9BW62	KATL1_HUMAN	KATNAL1	Katanin p60 ATPase-containing subunit A-like 1	470808
Q9BW66;Q9BW66-3	Q9BW66;Q9BW66-2;Q9BW66-3	CINP_HUMAN	CINP	Cyclin-dependent kinase 2-interacting protein	36892
Q9BW71	Q9BW71;Q9BW71-2	HIRP3_HUMAN	HIRIP3	HIRA-interacting protein 3	293930
Q9BW83;Q9BW83-2	Q9BW83;Q9BW83-2	IFT27_HUMAN	IFT27	Intraflagellar transport protein 27 homolog	420253
Q9BW85	Q9BW85	YJU2_HUMAN	YJU2	Splicing factor YJU2	294635
Q9BW91;Q9BW91-2	Q9BW91;Q9BW91-2	NUDT9_HUMAN	NUDT9	ADP-ribose pyrophosphatase, mitochondrial	312227
Q9BW92	Q9BW92	SYTM_HUMAN	TARS2	Threonine--tRNA ligase, mitochondrial	997674
Q9BWC9	Q9BWC9	CC106_HUMAN	CCDC106	Coiled-coil domain-containing protein 106	145234
Q9BWD1	Q9BWD1;Q9BWD1-2	THIC_HUMAN	ACAT2	Acetyl-CoA acetyltransferase, cytosolic	2.31701e+06
Q9BWE0;Q9BWE0-4	Q9BWE0;Q9BWE0-4	REPI1_HUMAN	REPIN1	Replication initiator 1	103317
Q9BWF3	Q96PK6-5;Q9BWF3	RBM4_HUMAN	RBM4	RNA-binding protein 4	265971
Q9BWG6	Q9BWG6;Q9BWG6-2	SCNM1_HUMAN	SCNM1	Sodium channel modifier 1	63999
Q9BWH2	Q9BWH2	FUND2_HUMAN	FUNDC2	FUN14 domain-containing protein 2	193858
Q9BWH6;Q9BWH6-2	Q9BWH6;Q9BWH6-2	RPAP1_HUMAN	RPAP1	RNA polymerase II-associated protein 1	226912
Q9BWJ5	Q9BWJ5	SF3B5_HUMAN	SF3B5	Splicing factor 3B subunit 5	1.99561e+06
Q9BWM7	Q9BWM7	SFXN3_HUMAN	SFXN3	Sideroflexin-3	1.60227e+06
Q9BWM7;Q9H9B4	Q9BWM7;Q9H9B4	SFXN1_HUMAN;SFXN3_HUMAN	SFXN1;SFXN3	Sideroflexin-3	121623
Q9BWQ6	Q9BWQ6	YIPF2_HUMAN	YIPF2	Protein YIPF2	29922
Q9BWS9;Q9BWS9-3	Q9BWS9;Q9BWS9-3	CHID1_HUMAN	CHID1	Chitinase domain-containing protein 1	187320
Q9BWT3;Q9BWT3-2	Q9BWT3;Q9BWT3-2	PAPOG_HUMAN	PAPOLG	Poly(A) polymerase gamma	23994
Q9BWT6	Q9BWT6	MND1_HUMAN	MND1	Meiotic nuclear division protein 1 homolog	69575
Q9BWU0	Q9BWU0	NADAP_HUMAN	SLC4A1AP	Kanadaptin	389086
Q9BWW4;Q9BWW4-2;Q9BWW4-3	Q9BWW4;Q9BWW4-2;Q9BWW4-3	SSBP3_HUMAN	SSBP3	Single-stranded DNA-binding protein 3	70984
Q9BX10;Q9BX10-4	Q9BX10;Q9BX10-2;Q9BX10-4	GTPB2_HUMAN	GTPBP2	GTP-binding protein 2	416961
Q9BX40	Q9BX40;Q9BX40-2	LS14B_HUMAN	LSM14B	Protein LSM14 homolog B	510036
Q9BX63	Q9BX63;Q9BX63-2	FANCJ_HUMAN	BRIP1	Fanconi anemia group J protein	119423
Q9BX68	Q9BX68	HINT2_HUMAN	HINT2	Histidine triad nucleotide-binding protein 2, mitochondrial	1.27908e+06
Q9BX69	Q9BX69	CARD6_HUMAN	CARD6	Caspase recruitment domain-containing protein 6	367617
Q9BX70	Q9BX70	BTBD2_HUMAN	BTBD2	BTB/POZ domain-containing protein 2	12315
Q9BX95	Q9BX95	SGPP1_HUMAN	SGPP1	Sphingosine-1-phosphate phosphatase 1	438270
Q9BXA9;Q9BXA9-2;Q9BXA9-3;Q9BXA9-4;Q9NSC2;Q9NSC2-2	Q9NSC2;Q9NSC2-2;Q9BXA9;Q9BXA9-2;Q9BXA9-3;Q9BXA9-4	SALL1_HUMAN;SALL3_HUMAN	SALL1;SALL3	Sal-like protein 3	1433
Q9BXB4	Q9BXB4	OSB11_HUMAN	OSBPL11	Oxysterol-binding protein-related protein 11	436454
Q9BXB4;Q9BXB5	Q9BXB5;Q9BXB5-2;Q9BXB4	OSB10_HUMAN;OSB11_HUMAN	OSBPL10;OSBPL11	Oxysterol-binding protein-related protein 11	138255
Q9BXB5	Q9BXB5;Q9BXB5-2	OSB10_HUMAN	OSBPL10	Oxysterol-binding protein-related protein 10	248611
Q9BXB7	Q9BXB7	SPT16_HUMAN	SPATA16	Spermatogenesis-associated protein 16	69366
Q9BXF6	Q9BXF6	RFIP5_HUMAN	RAB11FIP5	Rab11 family-interacting protein 5	539547
Q9BXJ8;Q9BXJ8-2	Q9BXJ8;Q9BXJ8-2	T120A_HUMAN	TMEM120A	Transmembrane protein 120A	77177
Q9BXJ9	Q9BXJ9;Q9BXJ9-4	NAA15_HUMAN	NAA15	N-alpha-acetyltransferase 15, NatA auxiliary subunit	3.08614e+06
Q9BXK1	Q9BXK1	KLF16_HUMAN	KLF16	Krueppel-like factor 16	26739
Q9BXK5	Q9BXK5;Q9BXK5-2	B2L13_HUMAN	BCL2L13	Bcl-2-like protein 13	268454
Q9BXL7;Q9H257;Q9H257-2;Q9H257-3	Q9H257;Q9H257-2;Q9H257-3;Q9BXL7	CAR11_HUMAN;CARD9_HUMAN	CARD11;CARD9	Caspase recruitment domain-containing protein 11	123297
Q9BXP2	Q9BXP2	S12A9_HUMAN	SLC12A9	Solute carrier family 12 member 9	121554
Q9BXP5;Q9BXP5-2;Q9BXP5-3;Q9BXP5-4	Q9BXP5;Q9BXP5-2;Q9BXP5-3;Q9BXP5-4;Q9BXP5-5	SRRT_HUMAN	SRRT	Serrate RNA effector molecule homolog	5.39169e+06
Q9BXR0	Q9BXR0	TGT_HUMAN	QTRT1	Queuine tRNA-ribosyltransferase catalytic subunit 1	456162
Q9BXS4	Q9BXS4	TMM59_HUMAN	TMEM59	Transmembrane protein 59	24629
Q9BXS5;Q9BXS5-2	Q9BXS5;Q9BXS5-2	AP1M1_HUMAN	AP1M1	AP-1 complex subunit mu-1	2.52581e+06
Q9BXS6;Q9BXS6-2	Q9BXS6;Q9BXS6-2;Q9BXS6-7	NUSAP_HUMAN	NUSAP1	Nucleolar and spindle-associated protein 1	383659
Q9BXS9;Q9BXS9-2;Q9BXS9-3;Q9BXS9-7	Q9BXS9;Q9BXS9-2;Q9BXS9-3;Q9BXS9-4;Q9BXS9-5;Q9BXS9-7	S26A6_HUMAN	SLC26A6	Solute carrier family 26 member 6	593294
Q9BXT5	Q9BXT5	TEX15_HUMAN	TEX15	Testis-expressed protein 15	128511
Q9BXT5;Q9Y4L1	Q9Y4L1;Q9BXT5	HYOU1_HUMAN;TEX15_HUMAN	HYOU1;TEX15	Testis-expressed protein 15	657150
Q9BXV9	Q9BXV9	GON7_HUMAN	GON7	EKC/KEOPS complex subunit GON7	186855
Q9BXW6	Q9BXW6;Q9BXW6-2;Q9BXW6-4	OSBL1_HUMAN	OSBPL1A	Oxysterol-binding protein-related protein 1	572976
Q9BXW7;Q9BXW7-2	Q9BXW7;Q9BXW7-2	HDHD5_HUMAN	HDHD5	Haloacid dehalogenase-like hydrolase domain-containing 5	719482
Q9BXW9;Q9BXW9-1	Q9BXW9;Q9BXW9-1;Q9BXW9-3;Q9BXW9-4	FACD2_HUMAN	FANCD2	Fanconi anemia group D2 protein	1.08438e+06
Q9BXX2	Q9BXX2	AN30B_HUMAN	ANKRD30B	Ankyrin repeat domain-containing protein 30B	2.73813e+06
Q9BXY0	Q9BXY0	MAK16_HUMAN	MAK16	Protein MAK16 homolog	681740
Q9BY12	Q9BY12	SCAPE_HUMAN	SCAPER	S phase cyclin A-associated protein in the endoplasmic reticulum	493624
Q9BY32	Q9BY32;Q9BY32-2;Q9BY32-3	ITPA_HUMAN	ITPA	Inosine triphosphate pyrophosphatase	821831
Q9BY41;Q9BY41-4	Q9BY41;Q9BY41-4;Q9BY41-5;Q9BY41-6	HDAC8_HUMAN	HDAC8	Histone deacetylase 8	182368
Q9BY42	Q9BY42	RTF2_HUMAN	RTF2	Replication termination factor 2	308443
Q9BY43;Q9BY43-2	Q9BY43;Q9BY43-2	CHM4A_HUMAN	CHMP4A	Charged multivesicular body protein 4a	1.90041e+06
Q9BY44	Q9BY44;Q9BY44-2;Q9BY44-3;Q9BY44-4	EIF2A_HUMAN	EIF2A	Eukaryotic translation initiation factor 2A	4.53366e+06
Q9BY49	Q9BY49	PECR_HUMAN	PECR	Peroxisomal trans-2-enoyl-CoA reductase	9003
Q9BY77	Q9BY77;Q9BY77-2	PDIP3_HUMAN	POLDIP3	Polymerase delta-interacting protein 3	1.45764e+06
Q9BY89	Q9BY89	K1671_HUMAN	KIAA1671	Uncharacterized protein KIAA1671	689215
Q9BYB4	Q9BYB4;Q9BYB4-2	GNB1L_HUMAN	GNB1L	Guanine nucleotide-binding protein subunit beta-like protein 1	172741
Q9BYC5;Q9BYC5-2	Q9BYC5;Q9BYC5-2	FUT8_HUMAN	FUT8	Alpha-(1,6)-fucosyltransferase	61324
Q9BYC8	Q9BYC8	RM32_HUMAN	MRPL32	39S ribosomal protein L32, mitochondrial	54413
Q9BYC9	Q9BYC9	RM20_HUMAN	MRPL20	39S ribosomal protein L20, mitochondrial	337819
Q9BYD1	Q9BYD1	RM13_HUMAN	MRPL13	39S ribosomal protein L13, mitochondrial	748748
Q9BYD2	Q9BYD2	RM09_HUMAN	MRPL9	39S ribosomal protein L9, mitochondrial	649901
Q9BYD3	Q9BYD3;Q9BYD3-2	RM04_HUMAN	MRPL4	39S ribosomal protein L4, mitochondrial	633681
Q9BYD6	Q9BYD6	RM01_HUMAN	MRPL1	39S ribosomal protein L1, mitochondrial	1.68142e+06
Q9BYE7	Q9BYE7	PCGF6_HUMAN	PCGF6	Polycomb group RING finger protein 6	73630
Q9BYG3	Q9BYG3	MK67I_HUMAN	NIFK	MKI67 FHA domain-interacting nucleolar phosphoprotein	1.58782e+06
Q9BYG5	Q9BYG5	PAR6B_HUMAN	PARD6B	Partitioning defective 6 homolog beta	106776
Q9BYI3;Q9BYI3-3	Q8IXS8;Q9BYI3;Q9BYI3-3	HYCCI_HUMAN	FAM126A	Hyccin	120425
Q9BYJ9	Q9BYJ9	YTHD1_HUMAN	YTHDF1	YTH domain-containing family protein 1	1.03507e+06
Q9BYJ9;Q9Y5A9	Q9Y5A9;Q9Y5A9-2;Q9BYJ9;Q9BYJ9-2	YTHD1_HUMAN;YTHD2_HUMAN	YTHDF1;YTHDF2	YTH domain-containing family protein 1	22185
Q9BYK8	Q9BYK8;Q9BYK8-2;Q9BYK8-4	HELZ2_HUMAN	HELZ2	Helicase with zinc finger domain 2	756165
Q9BYM8	Q9BYM8;Q9BYM8-3	HOIL1_HUMAN	RBCK1	RanBP-type and C3HC4-type zinc finger-containing protein 1	95429
Q9BYN0	Q9BYN0	SRXN1_HUMAN	SRXN1	Sulfiredoxin-1	129593
Q9BYN8	Q9BYN8	RT26_HUMAN	MRPS26	28S ribosomal protein S26, mitochondrial	636142
Q9BYP7;Q9BYP7-2;Q9BYP7-3;Q9BYP7-4	Q9BYP7;Q9BYP7-2;Q9BYP7-3;Q9BYP7-4	WNK3_HUMAN	WNK3	Serine/threonine-protein kinase WNK3	516485
Q9BYP7;Q9BYP7-2;Q9BYP7-3;Q9BYP7-4;Q9H4A3;Q9H4A3-2;Q9H4A3-5;Q9H4A3-6;Q9H4A3-7	Q9BYP7;Q9BYP7-2;Q9BYP7-3;Q9BYP7-4;Q9Y3S1;Q9Y3S1-2;Q9Y3S1-3;Q9Y3S1-4;Q9H4A3;Q9H4A3-2;Q9H4A3-5;Q9H4A3-6;Q9H4A3-7	WNK1_HUMAN;WNK3_HUMAN	WNK1;WNK3	Serine/threonine-protein kinase WNK3	1.46158e+06
Q9BYT8	Q9BYT8	NEUL_HUMAN	NLN	Neurolysin, mitochondrial	1.31727e+06
Q9BYU1	Q9BYU1	PBX4_HUMAN	PBX4	Pre-B-cell leukemia transcription factor 4	51847
Q9BYV8;Q9BYV8-2;Q9BYV8-5	Q9BYV8;Q9BYV8-2;Q9BYV8-5	CEP41_HUMAN	CEP41	Centrosomal protein of 41 kDa	151460
Q9BYW2	Q9BYW2;Q9BYW2-2;Q9BYW2-3	SETD2_HUMAN	SETD2	Histone-lysine N-methyltransferase SETD2	534107
Q9BYX2;Q9BYX2-2	Q9BYX2;Q9BYX2-2;Q9BYX2-3;Q9BYX2-4;Q9BYX2-5;Q9BYX2-6	TBD2A_HUMAN	TBC1D2	TBC1 domain family member 2A	228878
Q9BYZ2	Q9BYZ2	LDH6B_HUMAN	LDHAL6B	L-lactate dehydrogenase A-like 6B	50574
Q9BZ23;Q9BZ23-3;Q9BZ23-4	Q9BZ23;Q9BZ23-3;Q9BZ23-4;Q9H999	PANK2_HUMAN	PANK2	Pantothenate kinase 2, mitochondrial	92257
Q9BZ29;Q9BZ29-3;Q9BZ29-4;Q9BZ29-5	Q9BZ29;Q9BZ29-5;Q9BZ29-3;Q9BZ29-4	DOCK9_HUMAN	DOCK9	Dedicator of cytokinesis protein 9	442950
Q9BZ67;Q9BZ67-2;Q9BZ67-3	Q9BZ67;Q9BZ67-2;Q9BZ67-3	FRMD8_HUMAN	FRMD8	FERM domain-containing protein 8	98050
Q9BZ95;Q9BZ95-2;Q9BZ95-4;Q9BZ95-5	Q9BZ95;Q9BZ95-2;Q9BZ95-3;Q9BZ95-4;Q9BZ95-5	NSD3_HUMAN	NSD3	Histone-lysine N-methyltransferase NSD3	445670
Q9BZC7;Q9BZC7-2;Q9BZC7-3	Q9BZC7;Q9BZC7-2;Q9BZC7-3	ABCA2_HUMAN	ABCA2	ATP-binding cassette sub-family A member 2	63697
Q9BZE1	Q9BZE1	RM37_HUMAN	MRPL37	39S ribosomal protein L37, mitochondrial	1.70354e+06
Q9BZE2	Q9BZE2	PUS3_HUMAN	PUS3	tRNA pseudouridine(38/39) synthase	39798
Q9BZE4	Q9BZE4;Q9BZE4-2;Q9BZE4-3	NOG1_HUMAN	GTPBP4	Nucleolar GTP-binding protein 1	4.93568e+06
Q9BZE9;Q9BZE9-2;Q9BZE9-3	Q9BZE9;Q9BZE9-2;Q9BZE9-3	ASPC1_HUMAN	ASPSCR1	Tether containing UBX domain for GLUT4	141092
Q9BZF1	Q9BZF1;Q9BZF1-2;Q9BZF1-3	OSBL8_HUMAN	OSBPL8	Oxysterol-binding protein-related protein 8	879220
Q9BZF1;Q9H0X9;Q9H0X9-2	Q9BZF1;Q9BZF1-2;Q9BZF1-3;Q9H0X9;Q9H0X9-2;Q9H0X9-3	OSBL5_HUMAN;OSBL8_HUMAN	OSBPL5;OSBPL8	Oxysterol-binding protein-related protein 8	49255
Q9BZF3;Q9BZF3-3;Q9BZF3-4;Q9BZF3-5	Q9BZF3;Q9BZF3-2;Q9BZF3-3;Q9BZF3-4;Q9BZF3-5	OSBL6_HUMAN	OSBPL6	Oxysterol-binding protein-related protein 6	103664
Q9BZF3;Q9BZF3-3;Q9BZF3-4;Q9BZF3-5;Q9H4L5;Q9H4L5-3	Q9H4L5;Q9H4L5-2;Q9H4L5-3;Q9H4L5-4;Q9BZF3;Q9BZF3-2;Q9BZF3-3;Q9BZF3-4;Q9BZF3-5	OSBL3_HUMAN;OSBL6_HUMAN	OSBPL3;OSBPL6	Oxysterol-binding protein-related protein 6	50763
Q9BZF9;Q9BZF9-2	Q9BZF9;Q9BZF9-2	UACA_HUMAN	UACA	Uveal autoantigen with coiled-coil domains and ankyrin repeats	642885
Q9BZG1	Q9BZG1;Q9BZG1-2;Q9BZG1-4	RAB34_HUMAN	RAB34	Ras-related protein Rab-34	922251
Q9BZG8	Q9BZG8;Q9BZG8-2;Q9BZG8-3	DPH1_HUMAN	DPH1	2-(3-amino-3-carboxypropyl)histidine synthase subunit 1	125252
Q9BZH6	Q9BZH6	WDR11_HUMAN	WDR11	WD repeat-containing protein 11	1.75998e+06
Q9BZI7;Q9BZI7-2	Q9BZI7;Q9BZI7-2	REN3B_HUMAN	UPF3B	Regulator of nonsense transcripts 3B	605425
Q9BZJ0;Q9BZJ0-2;Q9BZJ0-3	Q9BZJ0;Q9BZJ0-2;Q9BZJ0-3	CRNL1_HUMAN	CRNKL1	Crooked neck-like protein 1	860012
Q9BZK3	Q9BZK3	NACP4_HUMAN	NACA4P	Putative nascent polypeptide-associated complex subunit alpha-like protein	87873
Q9BZK7	Q9BZK7	TBL1R_HUMAN	TBL1XR1	F-box-like/WD repeat-containing protein TBL1XR1	634237
Q9BZL1	Q9BZL1	UBL5_HUMAN	UBL5	Ubiquitin-like protein 5	221257
Q9BZL4;Q9BZL4-4	Q9BZL4;Q9BZL4-3;Q9BZL4-4;Q9BZL4-5	PP12C_HUMAN	PPP1R12C	Protein phosphatase 1 regulatory subunit 12C	338214
Q9BZM4	Q9BZM4	ULBP3_HUMAN	ULBP3	UL16-binding protein 3	35451
Q9BZQ6;Q9BZQ6-2	Q9BZQ6;Q9BZQ6-2	EDEM3_HUMAN	EDEM3	ER degradation-enhancing alpha-mannosidase-like protein 3	162278
Q9BZQ8	Q9BZQ8	NIBA1_HUMAN	NIBAN1	Protein Niban 1	177728
Q9BZV1	Q9BZV1;Q9BZV1-2	UBXN6_HUMAN	UBXN6	UBX domain-containing protein 6	579670
Q9BZX2	Q9BZX2	UCK2_HUMAN	UCK2	Uridine-cytidine kinase 2	434894
Q9BZX2;Q9HA47;Q9HA47-3;Q9HA47-4	Q9BZX2;Q9BZX2-2;Q9HA47;Q9HA47-3;Q9HA47-4	UCK1_HUMAN;UCK2_HUMAN	UCK1;UCK2	Uridine-cytidine kinase 2	106856
Q9BZZ5	Q9BZZ5;Q9BZZ5-6	API5_HUMAN	API5	Apoptosis inhibitor 5	5.85379e+06
Q9C005	Q9C005	DPY30_HUMAN	DPY30	Protein dpy-30 homolog	558166
Q9C035;Q9C035-2;Q9C035-3;Q9C035-4;Q9C035-5;Q9C035-6	Q9C035;Q9C035-2;Q9C035-3;Q9C035-4;Q9C035-5;Q9C035-6	TRIM5_HUMAN	TRIM5	Tripartite motif-containing protein 5	181287
Q9C037;Q9C037-2;Q9C037-3	Q9C037;Q9C037-2;Q9C037-3	TRIM4_HUMAN	TRIM4	E3 ubiquitin-protein ligase TRIM4	150406
Q9C040;Q9C040-2	Q9C040;Q9C040-2	TRIM2_HUMAN	TRIM2	Tripartite motif-containing protein 2	24794
Q9C086	Q9C086	IN80B_HUMAN	INO80B	INO80 complex subunit B	40102
Q9C091;Q9C091-3	Q9C091;Q9C091-3	GRB1L_HUMAN	GREB1L	GREB1-like protein	1.04399e+06
Q9C099;Q9C099-2	Q9C099;Q9C099-2	LRCC1_HUMAN	LRRCC1	Leucine-rich repeat and coiled-coil domain-containing protein 1	159331
Q9C0A1	Q9C0A1	ZFHX2_HUMAN	ZFHX2	Zinc finger homeobox protein 2	99684
Q9C0A6;Q9C0A6-2;Q9C0A6-3	Q9C0A6;Q9C0A6-2;Q9C0A6-3	SETD5_HUMAN	SETD5	Histone-lysine N-methyltransferase SETD5	128869
Q9C0B0	Q9C0B0	UNK_HUMAN	UNK	RING finger protein unkempt homolog	139225
Q9C0B1	Q9C0B1	FTO_HUMAN	FTO	Alpha-ketoglutarate-dependent dioxygenase FTO	868123
Q9C0B5;Q9C0B5-2	Q9C0B5;Q9C0B5-2	ZDHC5_HUMAN	ZDHHC5	Palmitoyltransferase ZDHHC5	420639
Q9C0B7	Q9C0B7	TNG6_HUMAN	TANGO6	Transport and Golgi organization protein 6 homolog	230818
Q9C0C2	Q9C0C2;Q9C0C2-2	TB182_HUMAN	TNKS1BP1	182 kDa tankyrase-1-binding protein	3.41708e+06
Q9C0C4	Q14563;O95025;Q13214;Q13214-2;Q9H3S1;Q9H3S1-2;Q99985;Q99985-2;Q9C0C4;O95754;O95754-2	SEM4C_HUMAN	SEMA4C	Semaphorin-4C	86459
Q9C0C7;Q9C0C7-2;Q9C0C7-3;Q9C0C7-4;Q9C0C7-5;Q9C0C7-6	Q9C0C7;Q9C0C7-2;Q9C0C7-3;Q9C0C7-4;Q9C0C7-5;Q9C0C7-6	AMRA1_HUMAN	AMBRA1	Activating molecule in BECN1-regulated autophagy protein 1	57551
Q9C0C9	Q9C0C9	UBE2O_HUMAN	UBE2O	(E3-independent) E2 ubiquitin-conjugating enzyme	1.104e+06
Q9C0D2;Q9C0D2-3	Q9C0D2;Q9C0D2-2;Q9C0D2-3;Q9C0D2-4	CE295_HUMAN	CEP295	Centrosomal protein of 295 kDa	489909
Q9C0D3	Q9C0D3	ZY11B_HUMAN	ZYG11B	Protein zyg-11 homolog B	36675
Q9C0D5	Q9C0D5;Q9C0D5-2	TANC1_HUMAN	TANC1	Protein TANC1	1.14421e+06
Q9C0E2	Q9C0E2	XPO4_HUMAN	XPO4	Exportin-4	1.16185e+06
Q9C0E8;Q9C0E8-2	Q9C0E8;Q9C0E8-2;Q9C0E8-4	LNP_HUMAN	LNPK	Endoplasmic reticulum junction formation protein lunapark	624728
Q9C0F0;Q9C0F0-2	Q9C0F0;Q9C0F0-2	ASXL3_HUMAN	ASXL3	Putative Polycomb group protein ASXL3	103975
Q9C0F1;Q9C0F1-2	Q9C0F1;Q9C0F1-2	CEP44_HUMAN	CEP44	Centrosomal protein of 44 kDa	16155
Q9C0G0;Q9C0G0-2;Q9C0G0-3	Q9C0G0;Q9C0G0-2;Q9C0G0-3	ZN407_HUMAN	ZNF407	Zinc finger protein 407	19622
Q9C0I1;Q9C0I1-2;Q9C0I1-3	Q9C0I1;Q9C0I1-2;Q9C0I1-3	MTMRC_HUMAN	MTMR12	Myotubularin-related protein 12	451501
Q9C0I4	Q9C0I4	THS7B_HUMAN	THSD7B	Thrombospondin type-1 domain-containing protein 7B	1.78498e+06
Q9C0J8	Q9C0J8;Q9C0J8-2;Q9C0J8-3	WDR33_HUMAN	WDR33	pre-mRNA 3' end processing protein WDR33	1.23691e+06
Q9GZL7	Q9GZL7	WDR12_HUMAN	WDR12	Ribosome biogenesis protein WDR12	1.32193e+06
Q9GZM5	Q9GZM5	YIPF3_HUMAN	YIPF3	Protein YIPF3	125405
Q9GZM8;Q9GZM8-2;Q9GZM8-3	Q9GZM8;Q9GZM8-2;Q9GZM8-3	NDEL1_HUMAN	NDEL1	Nuclear distribution protein nudE-like 1	103504
Q9GZM8;Q9GZM8-2;Q9GZM8-3;Q9NXR1;Q9NXR1-1	Q9NXR1;Q9NXR1-1;Q9GZM8;Q9GZM8-2;Q9GZM8-3	NDE1_HUMAN;NDEL1_HUMAN	NDE1;NDEL1	Nuclear distribution protein nudE-like 1	25491
Q9GZN1	Q9GZN1	ARP6_HUMAN	ACTR6	Actin-related protein 6	144135
Q9GZN8;Q9GZN8-2	Q9GZN8;Q9GZN8-2	CT027_HUMAN	C20orf27	UPF0687 protein C20orf27	140237
Q9GZP4;Q9GZP4-2	Q9GZP4;Q9GZP4-2	PITH1_HUMAN	PITHD1	PITH domain-containing protein 1	405567
Q9GZP9	Q9GZP9	DERL2_HUMAN	DERL2	Derlin-2	402429
Q9GZQ3	Q9GZQ3	COMD5_HUMAN	COMMD5	COMM domain-containing protein 5	142990
Q9GZR1;Q9GZR1-2	Q9GZR1;Q9GZR1-2	SENP6_HUMAN	SENP6	Sentrin-specific protease 6	730059
Q9GZR2	Q9GZR2	REXO4_HUMAN	REXO4	RNA exonuclease 4	641221
Q9GZR7	Q9GZR7;Q9GZR7-2	DDX24_HUMAN	DDX24	ATP-dependent RNA helicase DDX24	1.79851e+06
Q9GZS1	Q9GZS1	RPA49_HUMAN	POLR1E	DNA-directed RNA polymerase I subunit RPA49	504285
Q9GZS3	Q9GZS3	WDR61_HUMAN	WDR61	WD repeat-containing protein 61	1.48252e+06
Q9GZT3;Q9GZT3-2	Q9GZT3;Q9GZT3-2	SLIRP_HUMAN	SLIRP	SRA stem-loop-interacting RNA-binding protein, mitochondrial	2.57959e+06
Q9GZT4	Q9GZT4	SRR_HUMAN	SRR	Serine racemase	23832
Q9GZT6;Q9GZT6-2	Q9GZT6;Q9GZT6-2;Q9GZT6-3	CC90B_HUMAN	CCDC90B	Coiled-coil domain-containing protein 90B, mitochondrial	90970
Q9GZT8;Q9GZT8-2	Q9GZT8;Q9GZT8-2;Q9GZT8-3	NIF3L_HUMAN	NIF3L1	NIF3-like protein 1	575117
Q9GZT9;Q9GZT9-2	Q9GZT9;Q9GZT9-2;Q9GZT9-3	EGLN1_HUMAN	EGLN1	Egl nine homolog 1	471116
Q9GZT9;Q9GZT9-2;Q9H6Z9	Q9GZT9;Q9GZT9-2;Q9GZT9-3;Q9H6Z9	EGLN1_HUMAN;EGLN3_HUMAN	EGLN1;EGLN3	Egl nine homolog 1	29344
Q9GZU7;Q9GZU7-2;Q9GZU7-3	Q9GZU7;Q9GZU7-2;Q9GZU7-3	CTDS1_HUMAN	CTDSP1	Carboxy-terminal domain RNA polymerase II polypeptide A small phosphatase 1	26507
Q9GZU8	Q9GZU8	PIP30_HUMAN	PSME3IP1	PSME3-interacting protein	217973
Q9GZY8	Q9GZY8;Q9GZY8-2;Q9GZY8-3;Q9GZY8-4;Q9GZY8-5	MFF_HUMAN	MFF	Mitochondrial fission factor	874655
Q9GZZ1	Q9GZZ1;Q9GZZ1-2	NAA50_HUMAN	NAA50	N-alpha-acetyltransferase 50	2.28548e+06
Q9GZZ9	Q9GZZ9;Q9GZZ9-2	UBA5_HUMAN	UBA5	Ubiquitin-like modifier-activating enzyme 5	465005
Q9H000;Q9H000-2	Q9H000;Q9H000-2	MKRN2_HUMAN	MKRN2	Probable E3 ubiquitin-protein ligase makorin-2	260506
Q9H009	Q9H009	NACA2_HUMAN	NACA2	Nascent polypeptide-associated complex subunit alpha-2	2.67532e+06
Q9H019;Q9H019-2;Q9H019-3	Q9H019;Q9H019-2;Q9H019-3	MFR1L_HUMAN	MTFR1L	Mitochondrial fission regulator 1-like	15968
Q9H040;Q9H040-2;Q9H040-3	Q9H040;Q9H040-2;Q9H040-3	SPRTN_HUMAN	SPRTN	SprT-like domain-containing protein Spartan	188512
Q9H061	Q9H061	T126A_HUMAN	TMEM126A	Transmembrane protein 126A	707680
Q9H063	Q9H063	MAF1_HUMAN	MAF1	Repressor of RNA polymerase III transcription MAF1 homolog	16387
Q9H074	Q9H074;Q9H074-2;Q9H074-3	PAIP1_HUMAN	PAIP1	Polyadenylate-binding protein-interacting protein 1	3.39278e+06
Q9H078;Q9H078-2;Q9H078-4	Q9H078;Q9H078-2;Q9H078-3;Q9H078-4;Q9H078-5	CLPB_HUMAN	CLPB	Caseinolytic peptidase B protein homolog	2.21835e+06
Q9H079	Q9H079	KTBL1_HUMAN	KATNBL1	KATNB1-like protein 1	10731
Q9H081	Q9H081	MIS12_HUMAN	MIS12	Protein MIS12 homolog	586247
Q9H082	Q9H082	RB33B_HUMAN	RAB33B	Ras-related protein Rab-33B	3.4208e+06
Q9H089	Q9H089	LSG1_HUMAN	LSG1	Large subunit GTPase 1 homolog	1.73855e+06
Q9H098;Q9H098-2	Q9H098;Q9H098-2	F107B_HUMAN	FAM107B	Protein FAM107B	1.37379e+06
Q9H0A0	Q9H0A0;Q9H0A0-2	NAT10_HUMAN	NAT10	RNA cytidine acetyltransferase	5.68954e+06
Q9H0A8	Q9H0A8	COMD4_HUMAN	COMMD4	COMM domain-containing protein 4	277132
Q9H0B6	Q9H0B6;Q9H0B6-2	KLC2_HUMAN	KLC2	Kinesin light chain 2	940764
Q9H0B6;Q9NSK0;Q9NSK0-3	Q9NSK0;Q9NSK0-3;Q9NSK0-4;Q9H0B6	KLC2_HUMAN;KLC4_HUMAN	KLC2;KLC4	Kinesin light chain 2	129899
Q9H0C8	Q9H0C8	ILKAP_HUMAN	ILKAP	Integrin-linked kinase-associated serine/threonine phosphatase 2C	457146
Q9H0D6;Q9H0D6-2	Q9H0D6;Q9H0D6-2	XRN2_HUMAN	XRN2	5'-3' exoribonuclease 2	2.3753e+06
Q9H0E2	Q9H0E2	TOLIP_HUMAN	TOLLIP	Toll-interacting protein	107171
Q9H0E3;Q9H0E3-3	Q9H0E3;Q9H0E3-2;Q9H0E3-3	SP130_HUMAN	SAP130	Histone deacetylase complex subunit SAP130	184594
Q9H0E9;Q9H0E9-2;Q9H0E9-4	Q9H0E9;Q9H0E9-2;Q9H0E9-3;Q9H0E9-4	BRD8_HUMAN	BRD8	Bromodomain-containing protein 8	221690
Q9H0F7;Q9H0F7-2	Q9H0F7;Q9H0F7-2	ARL6_HUMAN	ARL6	ADP-ribosylation factor-like protein 6	27855
Q9H0G5	Q9H0G5	NSRP1_HUMAN	NSRP1	Nuclear speckle splicing regulatory protein 1	70325
Q9H0H0	Q9H0H0	INT2_HUMAN	INTS2	Integrator complex subunit 2	408332
Q9H0H5	Q9H0H5	RGAP1_HUMAN	RACGAP1	Rac GTPase-activating protein 1	527500
Q9H0I3;Q9H0I3-2	Q9H0I3;Q9H0I3-2	CC113_HUMAN	CCDC113	Coiled-coil domain-containing protein 113	170809
Q9H0I9	Q9H0I9	TKTL2_HUMAN	TKTL2	Transketolase-like protein 2	2.3304e+06
Q9H0J9	Q9H0J9	PAR12_HUMAN	PARP12	Protein mono-ADP-ribosyltransferase PARP12	235415
Q9H0K6	Q9H0K6	PUS7L_HUMAN	PUS7L	Pseudouridylate synthase 7 homolog-like protein	147016
Q9H0L4	Q9H0L4	CSTFT_HUMAN	CSTF2T	Cleavage stimulation factor subunit 2 tau variant	202776
Q9H0M0;Q9H0M0-3;Q9H0M0-6	Q9H0M0;Q9H0M0-3;Q9H0M0-6	WWP1_HUMAN	WWP1	NEDD4-like E3 ubiquitin-protein ligase WWP1	37611
Q9H0M4;Q9H0M4-3;Q9H0M4-4;Q9H0M4-5	Q9H0M4;Q9H0M4-3;Q9H0M4-4;Q9H0M4-5	ZCPW1_HUMAN	ZCWPW1	Zinc finger CW-type PWWP domain protein 1	45938
Q9H0N5	Q9H0N5	PHS2_HUMAN	PCBD2	Pterin-4-alpha-carbinolamine dehydratase 2	53048
Q9H0P0;Q9H0P0-1;Q9H0P0-2;Q9H0P0-3	Q9H0P0;Q9H0P0-1;Q9H0P0-2;Q9H0P0-3	5NT3A_HUMAN	NT5C3A	Cytosolic 5'-nucleotidase 3A	481343
Q9H0R3	Q9H0R3	TM222_HUMAN	TMEM222	Transmembrane protein 222	57134
Q9H0R4	Q9H0R4;Q9H0R4-2	HDHD2_HUMAN	HDHD2	Haloacid dehalogenase-like hydrolase domain-containing protein 2	194337
Q9H0R6;Q9H0R6-2	Q9H0R6;Q9H0R6-2	GATA_HUMAN	QRSL1	Glutamyl-tRNA(Gln) amidotransferase subunit A, mitochondrial	76183
Q9H0R8;Q9H0R8-2	O95166;Q9H0R8;Q9H0R8-2	GBRL1_HUMAN	GABARAPL1	Gamma-aminobutyric acid receptor-associated protein-like 1	103841
Q9H0S4	Q9H0S4;Q9H0S4-2	DDX47_HUMAN	DDX47	Probable ATP-dependent RNA helicase DDX47	983930
Q9H0U3	Q9H0U3;Q9H0U3-2	MAGT1_HUMAN	MAGT1	Magnesium transporter protein 1	816806
Q9H0U4	Q92928;Q9H0U4	RAB1B_HUMAN	RAB1B	Ras-related protein Rab-1B	1.63753e+06
Q9H0U6	Q9H0U6	RM18_HUMAN	MRPL18	39S ribosomal protein L18, mitochondrial	461177
Q9H0U9	Q9H0U9	TSYL1_HUMAN	TSPYL1	Testis-specific Y-encoded-like protein 1	240718
Q9H0V9	Q9H0V9	LMA2L_HUMAN	LMAN2L	VIP36-like protein	349360
Q9H0W8;Q9H0W8-2	Q9H0W8;Q9H0W8-2	SMG9_HUMAN	SMG9	Protein SMG9	123065
Q9H0W9;Q9H0W9-2	Q9H0W9;Q9H0W9-2;Q9H0W9-3;Q9H0W9-4	CK054_HUMAN	C11orf54	Ester hydrolase C11orf54	1.35884e+06
Q9H0X4	Q9H0X4;Q9H0X4-2	F234A_HUMAN	FAM234A	Protein FAM234A	218313
Q9H0X9;Q9H0X9-2	Q9H0X9;Q9H0X9-2;Q9H0X9-3	OSBL5_HUMAN	OSBPL5	Oxysterol-binding protein-related protein 5	328599
Q9H147	Q9H147	TDIF1_HUMAN	DNTTIP1	Deoxynucleotidyltransferase terminal-interacting protein 1	108571
Q9H165;Q9H165-6	Q9H165;Q9H165-6	BC11A_HUMAN	BCL11A	B-cell lymphoma/leukemia 11A	3.82234e+06
Q9H173	Q9H173	SIL1_HUMAN	SIL1	Nucleotide exchange factor SIL1	86091
Q9H1A3;Q9H1A3-2	Q9H1A3;Q9H1A3-2	METL9_HUMAN	METTL9	Methyltransferase-like protein 9	96079
Q9H1A4	Q9H1A4	APC1_HUMAN	ANAPC1	Anaphase-promoting complex subunit 1	978021
Q9H1B7	Q9H1B7	I2BPL_HUMAN	IRF2BPL	Probable E3 ubiquitin-protein ligase IRF2BPL	487978
Q9H1C4	Q9H1C4	UN93B_HUMAN	UNC93B1	Protein unc-93 homolog B1	116054
Q9H1C7	Q9H1C7	CYTM1_HUMAN	CYSTM1	Cysteine-rich and transmembrane domain-containing protein 1	103712
Q9H1D9	Q9H1D9	RPC6_HUMAN	POLR3F	DNA-directed RNA polymerase III subunit RPC6	255440
Q9H1E3	Q9H1E3	NUCKS_HUMAN	NUCKS1	Nuclear ubiquitous casein and cyclin-dependent kinase substrate 1	216539
Q9H1E5	Q9H1E5	TMX4_HUMAN	TMX4	Thioredoxin-related transmembrane protein 4	176817
Q9H1H9;Q9H1H9-2;Q9H1H9-3;Q9H1H9-4	Q9H1H9;Q9H1H9-2;Q9H1H9-3;Q9H1H9-4	KI13A_HUMAN	KIF13A	Kinesin-like protein KIF13A	55462
Q9H1H9;Q9H1H9-2;Q9H1H9-3;Q9H1H9-4;Q9NQT8	Q9NQT8;Q9H1H9;Q9H1H9-2;Q9H1H9-3;Q9H1H9-4	KI13A_HUMAN;KI13B_HUMAN	KIF13A;KIF13B	Kinesin-like protein KIF13A	18393
Q9H1I8	Q9H1I8;Q9H1I8-2;Q9H1I8-3	ASCC2_HUMAN	ASCC2	Activating signal cointegrator 1 complex subunit 2	335194
Q9H1K0	Q9H1K0	RBNS5_HUMAN	RBSN	Rabenosyn-5	348376
Q9H1K1;Q9H1K1-2	Q9H1K1;Q9H1K1-2	ISCU_HUMAN	ISCU	Iron-sulfur cluster assembly enzyme ISCU, mitochondrial	453737
Q9H1P3;Q9H1P3-2	Q9H1P3;Q9H1P3-2	OSBL2_HUMAN	OSBPL2	Oxysterol-binding protein-related protein 2	125709
Q9H1X3-3	Q9H1X3-3;P50151	DJC25_HUMAN	DNAJC25	Isoform 3 of DnaJ homolog subfamily C member 25	246395
Q9H1Y0	Q9H1Y0	ATG5_HUMAN	ATG5	Autophagy protein 5	394933
Q9H1Z4;Q9H1Z4-2	Q9H1Z4;Q9H1Z4-2	WDR13_HUMAN	WDR13	WD repeat-containing protein 13	365871
Q9H201;Q9H201-2	Q9H201;Q9H201-2	EPN3_HUMAN	EPN3	Epsin-3	9232
Q9H201;Q9H201-2;Q9Y6I3;Q9Y6I3-1;Q9Y6I3-3	Q9H201;Q9H201-2;Q9Y6I3;Q9Y6I3-1;Q9Y6I3-3	EPN1_HUMAN;EPN3_HUMAN	EPN1;EPN3	Epsin-3	11085
Q9H204	Q9H204	MED28_HUMAN	MED28	Mediator of RNA polymerase II transcription subunit 28	111084
Q9H211	Q9H211	CDT1_HUMAN	CDT1	DNA replication factor Cdt1	142741
Q9H223	Q9H223	EHD4_HUMAN	EHD4	EH domain-containing protein 4	693392
Q9H223;Q9NZN3	Q9H223;Q9NZN3;Q9NZN3-2	EHD3_HUMAN;EHD4_HUMAN	EHD3;EHD4	EH domain-containing protein 4	129954
Q9H267	Q9H267;Q9H267-2	VP33B_HUMAN	VPS33B	Vacuolar protein sorting-associated protein 33B	761620
Q9H269	Q9H269;Q9H269-2	VPS16_HUMAN	VPS16	Vacuolar protein sorting-associated protein 16 homolog	663751
Q9H270	Q9H270	VPS11_HUMAN	VPS11	Vacuolar protein sorting-associated protein 11 homolog	998185
Q9H299	Q9H299	SH3L3_HUMAN	SH3BGRL3	SH3 domain-binding glutamic acid-rich-like protein 3	1.66802e+06
Q9H2C0	Q9H2C0	GAN_HUMAN	GAN	Gigaxonin	665461
Q9H2C2	Q9H2C2	ARV1_HUMAN	ARV1	Protein ARV1	62541
Q9H2D1	Q9H2D1	MFTC_HUMAN	SLC25A32	Mitochondrial folate transporter/carrier	155514
Q9H2D6;Q9H2D6-3	Q9H2D6;Q9H2D6-2;Q9H2D6-3;Q9H2D6-5;Q9H2D6-7	TARA_HUMAN	TRIOBP	TRIO and F-actin-binding protein	385248
Q9H2F5;Q9H2F5-2;Q9H2F5-3	Q9H2F5;Q9H2F5-2;Q9H2F5-3	EPC1_HUMAN	EPC1	Enhancer of polycomb homolog 1	26310
Q9H2G2	Q9H2G2;Q9H2G2-2	SLK_HUMAN	SLK	STE20-like serine/threonine-protein kinase	3.55844e+06
Q9H2H8	Q9H2H8;Q9H2H8-2	PPIL3_HUMAN	PPIL3	Peptidyl-prolyl cis-trans isomerase-like 3	1.72251e+06
Q9H2H9	Q9H2H9	S38A1_HUMAN	SLC38A1	Sodium-coupled neutral amino acid transporter 1	694250
Q9H2J4	Q9H2J4	PDCL3_HUMAN	PDCL3	Phosducin-like protein 3	958205
Q9H2J7	Q9H2J7;Q9H2J7-2	S6A15_HUMAN	SLC6A15	Sodium-dependent neutral amino acid transporter B(0)AT2	1.7361e+06
Q9H2K0	Q9H2K0	IF3M_HUMAN	MTIF3	Translation initiation factor IF-3, mitochondrial	1.10435e+06
Q9H2K8	Q9H2K8	TAOK3_HUMAN	TAOK3	Serine/threonine-protein kinase TAO3	418743
Q9H2M9	Q9H2M9	RBGPR_HUMAN	RAB3GAP2	Rab3 GTPase-activating protein non-catalytic subunit	1.33607e+06
Q9H2P0	Q9H2P0	ADNP_HUMAN	ADNP	Activity-dependent neuroprotector homeobox protein	1.32016e+06
Q9H2P9;Q9H2P9-2;Q9H2P9-3;Q9H2P9-4;Q9H2P9-5	Q9H2P9;Q9H2P9-2;Q9H2P9-3;Q9H2P9-4;Q9H2P9-5;Q9H2P9-6	DPH5_HUMAN	DPH5	Diphthine methyl ester synthase	151626
Q9H2R5;Q9H2R5-2;Q9H2R5-3;Q9H2R5-4;Q9H2R5-5	Q9H2R5;Q9H2R5-2;Q9H2R5-3;Q9H2R5-4;Q9H2R5-5	KLK15_HUMAN	KLK15	Kallikrein-15	9712
Q9H2T7	Q9H2T7	RBP17_HUMAN	RANBP17	Ran-binding protein 17	597645
Q9H2T7;Q9UIA9	Q9H2T7;Q9UIA9	RBP17_HUMAN;XPO7_HUMAN	RANBP17;XPO7	Ran-binding protein 17	5798
Q9H2U1;Q9H2U1-2	Q9H2U1;Q9H2U1-2;Q9H2U1-3	DHX36_HUMAN	DHX36	ATP-dependent DNA/RNA helicase DHX36	1.40755e+06
Q9H2U2	Q9H2U2;Q9H2U2-2;Q9H2U2-3	IPYR2_HUMAN	PPA2	Inorganic pyrophosphatase 2, mitochondrial	5.22666e+06
Q9H2V7;Q9H2V7-2;Q9H2V7-3	Q9H2V7;Q9H2V7-2;Q9H2V7-3;Q9H2V7-5	SPNS1_HUMAN	SPNS1	Protein spinster homolog 1	271428
Q9H2W6	Q9H2W6	RM46_HUMAN	MRPL46	39S ribosomal protein L46, mitochondrial	559309
Q9H2X6;Q9H2X6-2;Q9H2X6-3;Q9H422;Q9H422-2	Q9H2X6;Q9H2X6-2;Q9H2X6-3;Q9H422;Q9H422-2	HIPK2_HUMAN;HIPK3_HUMAN	HIPK2;HIPK3	Homeodomain-interacting protein kinase 2	17006
Q9H2Y7;Q9H2Y7-2	Q9H2Y7;Q9H2Y7-2	ZN106_HUMAN	ZNF106	Zinc finger protein 106	53708
Q9H300;Q9H300-2	Q9H300;Q9H300-2	PARL_HUMAN	PARL	Presenilins-associated rhomboid-like protein, mitochondrial	205156
Q9H307	Q9H307	PININ_HUMAN	PNN	Pinin	3.15381e+06
Q9H329;Q9H329-2	Q9H329;Q9H329-2	E41LB_HUMAN	EPB41L4B	Band 4.1-like protein 4B	57357
Q9H330	Q9H330;Q9H330-3	TM245_HUMAN	TMEM245	Transmembrane protein 245	319345
Q9H3C7	Q9H3C7	GGNB2_HUMAN	GGNBP2	Gametogenetin-binding protein 2	116151
Q9H3F6	Q9H3F6	BACD3_HUMAN	KCTD10	BTB/POZ domain-containing adapter for CUL3-mediated RhoA degradation protein 3	43530
Q9H3G5	Q9H3G5	CPVL_HUMAN	CPVL	Probable serine carboxypeptidase CPVL	859173
Q9H3H1;Q9H3H1-4	Q9H3H1;Q9H3H1-4;Q9H3H1-5	MOD5_HUMAN	TRIT1	tRNA dimethylallyltransferase	89653
Q9H3H3;Q9H3H3-3	Q9H3H3;Q9H3H3-1;Q9H3H3-3	CK068_HUMAN	C11orf68	UPF0696 protein C11orf68	449837
Q9H3H5;Q9H3H5-2;Q9H3H5-3	Q9H3H5;Q9H3H5-2;Q9H3H5-3	GPT_HUMAN	DPAGT1	UDP-N-acetylglucosamine--dolichyl-phosphate N-acetylglucosaminephosphotransferase	56926
Q9H3K2	Q9H3K2	GHITM_HUMAN	GHITM	Growth hormone-inducible transmembrane protein	468757
Q9H3K6	Q9H3K6	BOLA2_HUMAN	BOLA2	BolA-like protein 2	1.59896e+06
Q9H3N1	Q9H3N1	TMX1_HUMAN	TMX1	Thioredoxin-related transmembrane protein 1	1.65056e+06
Q9H3P2	Q9H3P2	NELFA_HUMAN	NELFA	Negative elongation factor A	1.14045e+06
Q9H3P7	Q9H3P7	GCP60_HUMAN	ACBD3	Golgi resident protein GCP60	1.16716e+06
Q9H3Q1	Q9H3Q1;Q9H3Q1-2	BORG4_HUMAN	CDC42EP4	Cdc42 effector protein 4	196331
Q9H3R5	Q9H3R5	CENPH_HUMAN	CENPH	Centromere protein H	36374
Q9H3S4	Q9H3S4	TPK1_HUMAN	TPK1	Thiamin pyrophosphokinase 1	23880
Q9H3S5	Q9H3S5	PIGM_HUMAN	PIGM	GPI mannosyltransferase 1	16934
Q9H3S7	Q9H3S7	PTN23_HUMAN	PTPN23	Tyrosine-protein phosphatase non-receptor type 23	978594
Q9H3U1;Q9H3U1-2	Q9H3U1;Q9H3U1-2	UN45A_HUMAN	UNC45A	Protein unc-45 homolog A	2.58165e+06
Q9H3U5;Q9H3U5-3;Q9H3U5-5;Q9H3U5-6	Q9H3U5;Q9H3U5-2;Q9H3U5-3;Q9H3U5-5;Q9H3U5-6	MFSD1_HUMAN	MFSD1	Major facilitator superfamily domain-containing protein 1	248880
Q9H3Z4;Q9H3Z4-2	Q9H3Z4;Q9H3Z4-2	DNJC5_HUMAN	DNAJC5	DnaJ homolog subfamily C member 5	106263
Q9H410;Q9H410-4	Q9H410;Q9H410-2;Q9H410-4;Q9H410-3	DSN1_HUMAN	DSN1	Kinetochore-associated protein DSN1 homolog	420483
Q9H444	Q9H444	CHM4B_HUMAN	CHMP4B	Charged multivesicular body protein 4b	1.56492e+06
Q9H446;Q9H446-2	Q9H446;Q9H446-2	RWDD1_HUMAN	RWDD1	RWD domain-containing protein 1	157382
Q9H467	Q9H467	CUED2_HUMAN	CUEDC2	CUE domain-containing protein 2	146241
Q9H469	Q9H469	FXL15_HUMAN	FBXL15	F-box/LRR-repeat protein 15	87892
Q9H477;Q9H477-2	Q9H477;Q9H477-2	RBSK_HUMAN	RBKS	Ribokinase	32621
Q9H488	Q9H488	OFUT1_HUMAN	POFUT1	GDP-fucose protein O-fucosyltransferase 1	1.33684e+06
Q9H490;Q9H490-2	Q9H490;Q9H490-2	PIGU_HUMAN	PIGU	Phosphatidylinositol glycan anchor biosynthesis class U protein	392960
Q9H496	Q9H496	IFG15_HUMAN	TOR1AIP2	Torsin-1A-interacting protein 2, isoform IFRG15	488699
Q9H497;Q9H497-3	Q9H497;Q9H497-3	TOR3A_HUMAN	TOR3A	Torsin-3A	35226
Q9H4A3;Q9H4A3-2;Q9H4A3-5;Q9H4A3-6;Q9H4A3-7	Q9H4A3;Q9H4A3-2;Q9H4A3-4;Q9H4A3-5;Q9H4A3-6;Q9H4A3-7	WNK1_HUMAN	WNK1	Serine/threonine-protein kinase WNK1	938864
Q9H4A4	Q9H4A4	AMPB_HUMAN	RNPEP	Aminopeptidase B	4.69502e+06
Q9H4A5	Q9H4A5;Q9H4A5-2	GLP3L_HUMAN	GOLPH3L	Golgi phosphoprotein 3-like	306082
Q9H4A5;Q9H4A6	Q9H4A5;Q9H4A6	GLP3L_HUMAN;GOLP3_HUMAN	GOLPH3;GOLPH3L	Golgi phosphoprotein 3-like	39346
Q9H4A6	Q9H4A6	GOLP3_HUMAN	GOLPH3	Golgi phosphoprotein 3	389670
Q9H4B0	Q9H4B0;Q9H4B0-2;Q9H4B0-3	OSGP2_HUMAN	OSGEPL1	Probable tRNA N6-adenosine threonylcarbamoyltransferase, mitochondrial	30546
Q9H4B6	Q9H4B6	SAV1_HUMAN	SAV1	Protein salvador homolog 1	55985
Q9H4B7	Q9H4B7	TBB1_HUMAN	TUBB1	Tubulin beta-1 chain	232965
Q9H4E7	Q9H4E7	DEFI6_HUMAN	DEF6	Differentially expressed in FDCP 6 homolog	215659
Q9H4F8;Q9H4F8-2	Q9H4F8;Q9H4F8-2	SMOC1_HUMAN	SMOC1	SPARC-related modular calcium-binding protein 1	233791
Q9H4G0	Q9H4G0;Q9H4G0-2;Q9H4G0-4	E41L1_HUMAN	EPB41L1	Band 4.1-like protein 1	1.203e+06
Q9H4H8;Q9H4H8-2	Q9H4H8;Q9H4H8-2	FA83D_HUMAN	FAM83D	Protein FAM83D	17119
Q9H4I2;Q9H4I2-2	Q9H4I2;Q9H4I2-2	ZHX3_HUMAN	ZHX3	Zinc fingers and homeoboxes protein 3	639856
Q9H4I3	Q9H4I3	TRABD_HUMAN	TRABD	TraB domain-containing protein	136673
Q9H4K1	Q9H4K1	RIBC2_HUMAN	RIBC2	RIB43A-like with coiled-coils protein 2	1.28469e+06
Q9H4K7	Q9H4K7;Q9H4K7-2	MTG2_HUMAN	MTG2	Mitochondrial ribosome-associated GTPase 2	115287
Q9H4L4	Q9H4L4	SENP3_HUMAN	SENP3	Sentrin-specific protease 3	480897
Q9H4L5;Q9H4L5-3	Q9H4L5;Q9H4L5-2;Q9H4L5-3;Q9H4L5-4	OSBL3_HUMAN	OSBPL3	Oxysterol-binding protein-related protein 3	227078
Q9H4L7;Q9H4L7-2	Q9H4L7;Q9H4L7-2;Q9H4L7-3	SMRCD_HUMAN	SMARCAD1	SWI/SNF-related matrix-associated actin-dependent regulator of chromatin subfamily A containing DEAD/H box 1	265303
Q9H4M9	Q9H4M9	EHD1_HUMAN	EHD1	EH domain-containing protein 1	1.6674e+06
Q9H4M9;Q9NZN3	Q9H4M9;Q9NZN3	EHD1_HUMAN;EHD3_HUMAN	EHD1;EHD3	EH domain-containing protein 1	1.29768e+06
Q9H4M9;Q9NZN3;Q9NZN4	Q9H4M9;Q9NZN4;Q9NZN3;Q9NZN3-2	EHD1_HUMAN;EHD2_HUMAN;EHD3_HUMAN	EHD1;EHD2;EHD3	EH domain-containing protein 1	274619
Q9H4P4;Q9H4P4-2	Q9H4P4;Q9H4P4-2	RNF41_HUMAN	RNF41	E3 ubiquitin-protein ligase NRDP1	64138
Q9H4Z3	Q9H4Z3	CAPAM_HUMAN	PCIF1	mRNA (2'-O-methyladenosine-N(6)-)-methyltransferase	237609
Q9H501	Q9H501	ESF1_HUMAN	ESF1	ESF1 homolog	638955
Q9H553	Q9H553;Q9H553-2	ALG2_HUMAN	ALG2	Alpha-1,3/1,6-mannosyltransferase ALG2	297075
Q9H582	Q9H582;Q9H582-2	ZN644_HUMAN	ZNF644	Zinc finger protein 644	515767
Q9H583	Q9H583	HEAT1_HUMAN	HEATR1	HEAT repeat-containing protein 1	3.63381e+06
Q9H5H4	Q9H5H4	ZN768_HUMAN	ZNF768	Zinc finger protein 768	36245
Q9H5L6	Q9H5L6	THAP9_HUMAN	THAP9	DNA transposase THAP9	35990
Q9H5N1;Q9H5N1-2	Q9H5N1;Q9H5N1-2	RABE2_HUMAN	RABEP2	Rab GTPase-binding effector protein 2	280593
Q9H5Q4	Q9H5Q4	TFB2M_HUMAN	TFB2M	Dimethyladenosine transferase 2, mitochondrial	602784
Q9H5U6;Q9H5U6-2;Q9H5U6-3	Q9H5U6;Q9H5U6-2;Q9H5U6-3	ZCHC4_HUMAN	ZCCHC4	rRNA N6-adenosine-methyltransferase ZCCHC4	674904
Q9H5V8	Q9H5V8;Q9H5V8-2;Q9H5V8-3	CDCP1_HUMAN	CDCP1	CUB domain-containing protein 1	232504
Q9H5V9;Q9H5V9-2	Q9H5V9;Q9H5V9-2	CX056_HUMAN	CXorf56	UPF0428 protein CXorf56	149984
Q9H5X1	Q9H5X1;Q9H5X1-2	CIA2A_HUMAN	CIAO2A	Cytosolic iron-sulfur assembly component 2A	60314
Q9H5Z1	Q9H5Z1;Q9H5Z1-2	DHX35_HUMAN	DHX35	Probable ATP-dependent RNA helicase DHX35	110004
Q9H633;Q9H633-2;Q9H633-4	Q9H633;Q9H633-2;Q9H633-4	RPP21_HUMAN	RPP21	Ribonuclease P protein subunit p21	56868
Q9H668	Q9H668	STN1_HUMAN	STN1	CST complex subunit STN1	14470
Q9H6A9	Q9H6A9;Q9H6A9-3	PCX3_HUMAN	PCNX3	Pecanex-like protein 3	19530
Q9H6D7	Q9H6D7;Q9H6D7-2;Q9H6D7-3;Q9H6D7-4	HAUS4_HUMAN	HAUS4	HAUS augmin-like complex subunit 4	220627
Q9H6E4	Q9H6E4	CC134_HUMAN	CCDC134	Coiled-coil domain-containing protein 134	224598
Q9H6E5	Q9H6E5	STPAP_HUMAN	TUT1	Speckle targeted PIP5K1A-regulated poly(A) polymerase	396208
Q9H6F5	Q9H6F5	CCD86_HUMAN	CCDC86	Coiled-coil domain-containing protein 86	656859
Q9H6H4	Q9H6H4;Q9H6H4-2	REEP4_HUMAN	REEP4	Receptor expression-enhancing protein 4	241702
Q9H6J7;Q9H6J7-2;Q9H6J7-3;Q9H6J7-4	Q9H6J7;Q9H6J7-2;Q9H6J7-3;Q9H6J7-4	CK049_HUMAN	C11orf49	UPF0705 protein C11orf49	4488
Q9H6K1;Q9H6K1-2	Q9H6K1;Q9H6K1-2	ILRUN_HUMAN	ILRUN	Protein ILRUN	37168
Q9H6L2;Q9H6L2-2	Q9H6L2;Q9H6L2-2	TM231_HUMAN	TMEM231	Transmembrane protein 231	23615
Q9H6N6	Q9H6N6	MYH16_HUMAN	MYH16	Putative uncharacterized protein MYH16	37205
Q9H6Q4	Q9H6Q4;Q9H6Q4-2;Q9H6Q4-3	CIAO3_HUMAN	CIAO3	Cytosolic iron-sulfur assembly component 3	219788
Q9H6Q4;Q9UHQ1;Q9UHQ1-2;Q9UHQ1-3;Q9UHQ1-4	Q9H6Q4;Q9H6Q4-3;Q9UHQ1;Q9UHQ1-2;Q9UHQ1-3;Q9UHQ1-4	CIAO3_HUMAN;NARF_HUMAN	CIAO3;NARF	Cytosolic iron-sulfur assembly component 3	27545
Q9H6R0	Q9H6R0;Q9H6R0-2	DHX33_HUMAN	DHX33	ATP-dependent RNA helicase DHX33	888855
Q9H6R4;Q9H6R4-4	Q9H6R4;Q9H6R4-4	NOL6_HUMAN	NOL6	Nucleolar protein 6	1.27274e+06
Q9H6R6;Q9H6R6-2	Q9H6R6;Q9H6R6-2	ZDHC6_HUMAN	ZDHHC6	Palmitoyltransferase ZDHHC6	102605
Q9H6R7;Q9H6R7-2	Q9H6R7;Q9H6R7-2	WDCP_HUMAN	WDCP	WD repeat and coiled-coil-containing protein	15546
Q9H6S0	Q9H6S0	YTDC2_HUMAN	YTHDC2	3'-5' RNA helicase YTHDC2	1.09295e+06
Q9H6S1	Q9H6S1;Q9H6S1-3;Q9H6S1-4;Q9H6S1-5	AZI2_HUMAN	AZI2	5-azacytidine-induced protein 2	105446
Q9H6S3	Q9H6S3;Q9H6S3-3	ES8L2_HUMAN	EPS8L2	Epidermal growth factor receptor kinase substrate 8-like protein 2	703537
Q9H6T0;Q9H6T0-2	Q9H6T0;Q9H6T0-2	ESRP2_HUMAN	ESRP2	Epithelial splicing regulatory protein 2	321367
Q9H6T3	Q9H6T3;Q9H6T3-2	RPAP3_HUMAN	RPAP3	RNA polymerase II-associated protein 3	1.53243e+06
Q9H6U6;Q9H6U6-2;Q9H6U6-3;Q9H6U6-7;Q9H6U6-8	Q9H6U6;Q9H6U6-2;Q9H6U6-3;Q9H6U6-8;Q9H6U6-7;Q9H6U6-6	BCAS3_HUMAN	BCAS3	Breast carcinoma-amplified sequence 3	171079
Q9H6U8;Q9H6U8-3	Q9H6U8;Q9H6U8-2;Q9H6U8-3;Q9H6U8-4	ALG9_HUMAN	ALG9	Alpha-1,2-mannosyltransferase ALG9	246493
Q9H6V9;Q9H6V9-2	Q9H6V9;Q9H6V9-2;Q9H6V9-3;Q9H6V9-4	LDAH_HUMAN	LDAH	Lipid droplet-associated hydrolase	318890
Q9H6W3	Q9H6W3	RIOX1_HUMAN	RIOX1	Ribosomal oxygenase 1	240692
Q9H6X2;Q9H6X2-2;Q9H6X2-4;Q9H6X2-5;Q9H6X2-6	Q9H6X2;Q9H6X2-2;Q9H6X2-4;Q9H6X2-5;Q9H6X2-6	ANTR1_HUMAN	ANTXR1	Anthrax toxin receptor 1	63441
Q9H6X5;Q9H6X5-2	Q9H6X5;Q9H6X5-2	CS044_HUMAN	C19orf44	Uncharacterized protein C19orf44	1.88724e+06
Q9H6Y2	Q9H6Y2;Q9H6Y2-2	WDR55_HUMAN	WDR55	WD repeat-containing protein 55	590427
Q9H6Y7	Q9H6Y7	RN167_HUMAN	RNF167	E3 ubiquitin-protein ligase RNF167	129264
Q9H6Z4;Q9H6Z4-3	Q9H6Z4;Q9H6Z4-2;Q9H6Z4-3	RANB3_HUMAN	RANBP3	Ran-binding protein 3	1.5777e+06
Q9H6Z9	Q9H6Z9	EGLN3_HUMAN	EGLN3	Egl nine homolog 3	69608
Q9H773	Q9H773	DCTP1_HUMAN	DCTPP1	dCTP pyrophosphatase 1	702661
Q9H788;Q9H788-2	Q9H788;Q9H788-2	SH24A_HUMAN	SH2D4A	SH2 domain-containing protein 4A	976891
Q9H792	Q9H792	PEAK1_HUMAN	PEAK1	Inactive tyrosine-protein kinase PEAK1	282001
Q9H7B2	Q9H7B2	RPF2_HUMAN	RPF2	Ribosome production factor 2 homolog	833171
Q9H7B4	Q9H7B4;Q9H7B4-2;Q9H7B4-3	SMYD3_HUMAN	SMYD3	Histone-lysine N-methyltransferase SMYD3	120980
Q9H7C9	Q9H7C9	AAMDC_HUMAN	AAMDC	Mth938 domain-containing protein	195258
Q9H7D0	Q9H7D0	DOCK5_HUMAN	DOCK5	Dedicator of cytokinesis protein 5	1.38868e+06
Q9H7D7;Q9H7D7-2	Q9H7D7;Q9H7D7-2	WDR26_HUMAN	WDR26	WD repeat-containing protein 26	502517
Q9H7E2;Q9H7E2-3	Q9H7E2;Q9H7E2-2;Q9H7E2-3	TDRD3_HUMAN	TDRD3	Tudor domain-containing protein 3	414899
Q9H7E9;Q9H7E9-2	Q9H7E9;Q9H7E9-2	CH033_HUMAN	C8orf33	UPF0488 protein C8orf33	573897
Q9H7F0	Q9H7F0	AT133_HUMAN	ATP13A3	Probable cation-transporting ATPase 13A3	272984
Q9H7H0;Q9H7H0-2;Q9H7H0-3	Q9H7H0;Q9H7H0-2;Q9H7H0-3	MET17_HUMAN	METTL17	Methyltransferase-like protein 17, mitochondrial	218120
Q9H7L9	Q9H7L9	SDS3_HUMAN	SUDS3	Sin3 histone deacetylase corepressor complex component SDS3	95592
Q9H7N4	Q9H7N4	SFR19_HUMAN	SCAF1	Splicing factor, arginine/serine-rich 19	520829
Q9H7X7	Q9H7X7	IFT22_HUMAN	IFT22	Intraflagellar transport protein 22 homolog	7140
Q9H7Z3	Q9H7Z3	NRDE2_HUMAN	NRDE2	Nuclear exosome regulator NRDE2	284382
Q9H7Z6	Q9H7Z6;Q9H7Z6-2	KAT8_HUMAN	KAT8	Histone acetyltransferase KAT8	236157
Q9H7Z7	Q9H7Z7	PGES2_HUMAN	PTGES2	Prostaglandin E synthase 2	774367
Q9H813;Q9H813-2	Q9H813;Q9H813-2	PACC1_HUMAN	PACC1	Proton-activated chloride channel	49730
Q9H814	Q9H814	PHAX_HUMAN	PHAX	Phosphorylated adapter RNA export protein	561861
Q9H832	Q9H832;Q9H832-2	UBE2Z_HUMAN	UBE2Z	Ubiquitin-conjugating enzyme E2 Z	1.3121e+06
Q9H840	Q9H840	GEMI7_HUMAN	GEMIN7	Gem-associated protein 7	17110
Q9H845	Q9H845	ACAD9_HUMAN	ACAD9	Complex I assembly factor ACAD9, mitochondrial	3.18029e+06
Q9H853	Q9H853	TBA4B_HUMAN	TUBA4B	Putative tubulin-like protein alpha-4B	2.05941e+06
Q9H857;Q9H857-2	Q9H857;Q9H857-2	NT5D2_HUMAN	NT5DC2	5'-nucleotidase domain-containing protein 2	327964
Q9H869-2;Q9H869-3;Q9H869-5;Q9H869-9	Q9H869;Q9H869-2;Q9H869-3;Q9H869-4;Q9H869-5;Q9H869-6;Q9H869-7;Q9H869-8;Q9H869-9	YYAP1_HUMAN	YY1AP1	Isoform 2 of YY1-associated protein 1	32999
Q9H871	Q9H871	RMD5A_HUMAN	RMND5A	E3 ubiquitin-protein transferase RMND5A	41071
Q9H875	Q9H875;Q9H875-2	PKRI1_HUMAN	PRKRIP1	PRKR-interacting protein 1	91714
Q9H8G2	Q9H8G2;Q9H8G2-2	CAAP1_HUMAN	CAAP1	Caspase activity and apoptosis inhibitor 1	234150
Q9H8H0	Q9H8H0	NOL11_HUMAN	NOL11	Nucleolar protein 11	1.65553e+06
Q9H8H2	Q9H8H2;Q9H8H2-2;Q9H8H2-3;Q9H8H2-4	DDX31_HUMAN	DDX31	Probable ATP-dependent RNA helicase DDX31	2.54588e+06
Q9H8H3	Q9H8H3	MET7A_HUMAN	METTL7A	Methyltransferase-like protein 7A	196396
Q9H8J5;Q9H8J5-2	Q9H8J5;Q9H8J5-2	MANS1_HUMAN	MANSC1	MANSC domain-containing protein 1	242724
Q9H8M2;Q9H8M2-1;Q9H8M2-3;Q9H8M2-6	Q9H8M2;Q9H8M2-3;Q9H8M2-1;Q9H8M2-6	BRD9_HUMAN	BRD9	Bromodomain-containing protein 9	537463
Q9H8M5;Q9H8M5-2	Q9H8M5;Q9H8M5-2;Q9H8M5-3	CNNM2_HUMAN	CNNM2	Metal transporter CNNM2	427996
Q9H8M7	Q9H8M7	MINY3_HUMAN	MINDY3	Ubiquitin carboxyl-terminal hydrolase MINDY-3	28530
Q9H8T0;Q9H8T0-2	Q9H8T0;Q9H8T0-2	AKTIP_HUMAN	AKTIP	AKT-interacting protein	47897
Q9H8V3;Q9H8V3-2;Q9H8V3-3;Q9H8V3-4	Q9H8V3;Q9H8V3-2;Q9H8V3-3;Q9H8V3-4	ECT2_HUMAN	ECT2	Protein ECT2	394378
Q9H8W4	Q9H8W4	PKHF2_HUMAN	PLEKHF2	Pleckstrin homology domain-containing family F member 2	38700
Q9H8X2	Q9H8X2	IPPK_HUMAN	IPPK	Inositol-pentakisphosphate 2-kinase	28803
Q9H8Y5	Q9H8Y5	ANKZ1_HUMAN	ANKZF1	Ankyrin repeat and zinc finger domain-containing protein 1	977571
Q9H8Y8;Q9H8Y8-2;Q9H8Y8-3	Q9H8Y8;Q9H8Y8-2;Q9H8Y8-3	GORS2_HUMAN	GORASP2	Golgi reassembly-stacking protein 2	1.54104e+06
Q9H900	Q9H900;Q9H900-2	ZWILC_HUMAN	ZWILCH	Protein zwilch homolog	378147
Q9H910;Q9H910-3	Q9H910;Q9H910-2;Q9H910-3	JUPI2_HUMAN	JPT2	Jupiter microtubule associated homolog 2	2.89043e+06
Q9H920	Q9H920	RN121_HUMAN	RNF121	RING finger protein 121	32213
Q9H936	Q9H936	GHC1_HUMAN	SLC25A22	Mitochondrial glutamate carrier 1	748629
Q9H944	Q9H944	MED20_HUMAN	MED20	Mediator of RNA polymerase II transcription subunit 20	252556
Q9H967	Q9H967	WDR76_HUMAN	WDR76	WD repeat-containing protein 76	1.45824e+06
Q9H974;Q9H974-2;Q9H974-3;Q9H974-4	Q9H974;Q9H974-2;Q9H974-3;Q9H974-4	QTRT2_HUMAN	QTRT2	Queuine tRNA-ribosyltransferase accessory subunit 2	359751
Q9H981	Q9H981;Q9H981-2	ARP8_HUMAN	ACTR8	Actin-related protein 8	1.57292e+06
Q9H993	Q9H993	ARMT1_HUMAN	ARMT1	Damage-control phosphatase ARMT1	542456
Q9H9A5;Q9H9A5-6	Q9H9A5;Q9H9A5-2;Q9H9A5-3;Q9H9A5-4;Q9H9A5-6	CNO10_HUMAN	CNOT10	CCR4-NOT transcription complex subunit 10	530538
Q9H9A6	Q9H9A6	LRC40_HUMAN	LRRC40	Leucine-rich repeat-containing protein 40	1.19025e+06
Q9H9A7	Q9H9A7	RMI1_HUMAN	RMI1	RecQ-mediated genome instability protein 1	101578
Q9H9B1	Q9H9B1;Q9H9B1-3	EHMT1_HUMAN	EHMT1	Histone-lysine N-methyltransferase EHMT1	619623
Q9H9B4	Q9H9B4	SFXN1_HUMAN	SFXN1	Sideroflexin-1	3.13789e+06
Q9H9C1;Q9H9C1-2	Q9H9C1;Q9H9C1-2	SPE39_HUMAN	VIPAS39	Spermatogenesis-defective protein 39 homolog	264812
Q9H9E3	Q9H9E3;Q9H9E3-2;Q9H9E3-3	COG4_HUMAN	COG4	Conserved oligomeric Golgi complex subunit 4	1.38886e+06
Q9H9F9	Q9H9F9	ARP5_HUMAN	ACTR5	Actin-related protein 5	138186
Q9H9G7	Q9H9G7;Q9H9G7-2	AGO3_HUMAN	AGO3	Protein argonaute-3	221442
Q9H9G7;Q9HCK5;Q9UKV8;Q9UL18	Q9UKV8;Q9UKV8-2;Q9UL18;Q9HCK5;Q9H9G7;Q9H9G7-2	AGO1_HUMAN;AGO2_HUMAN;AGO3_HUMAN;AGO4_HUMAN	AGO1;AGO2;AGO3;AGO4	Protein argonaute-3	220748
Q9H9G7;Q9HCK5;Q9UL18	Q9UL18;Q9HCK5;Q9H9G7;Q9H9G7-2	AGO1_HUMAN;AGO3_HUMAN;AGO4_HUMAN	AGO1;AGO3;AGO4	Protein argonaute-3	59780
Q9H9G7;Q9UKV8;Q9UL18	Q9UKV8;Q9UKV8-2;Q9UL18;Q9H9G7;Q9H9G7-2	AGO1_HUMAN;AGO2_HUMAN;AGO3_HUMAN	AGO1;AGO2;AGO3	Protein argonaute-3	188244
Q9H9G7;Q9UL18	Q9UL18;Q9H9G7;Q9H9G7-2	AGO1_HUMAN;AGO3_HUMAN	AGO1;AGO3	Protein argonaute-3	77922
Q9H9H4	Q9H9H4	VP37B_HUMAN	VPS37B	Vacuolar protein sorting-associated protein 37B	117425
Q9H9J2	Q9H9J2	RM44_HUMAN	MRPL44	39S ribosomal protein L44, mitochondrial	907115
Q9H9J4;Q9H9J4-2	Q9H9J4;Q9H9J4-2	UBP42_HUMAN	USP42	Ubiquitin carboxyl-terminal hydrolase 42	25438
Q9H9L3	Q9H9L3	I20L2_HUMAN	ISG20L2	Interferon-stimulated 20 kDa exonuclease-like 2	197674
Q9H9L4	Q9H9L4;Q9H9L4-4	KANL2_HUMAN	KANSL2	KAT8 regulatory NSL complex subunit 2	29109
Q9H9P8;Q9H9P8-2	Q9H9P8;Q9H9P8-2	L2HDH_HUMAN	L2HGDH	L-2-hydroxyglutarate dehydrogenase, mitochondrial	750777
Q9H9Q2	Q9H9Q2;Q9H9Q2-2	CSN7B_HUMAN	COPS7B	COP9 signalosome complex subunit 7b	357119
Q9H9Q4	Q9H9Q4;Q9H9Q4-2	NHEJ1_HUMAN	NHEJ1	Non-homologous end-joining factor 1	89406
Q9H9S4	Q9H9S4	CB39L_HUMAN	CAB39L	Calcium-binding protein 39-like	182683
Q9H9T3	Q9H9T3;Q9H9T3-2;Q9H9T3-4;Q9H9T3-5	ELP3_HUMAN	ELP3	Elongator complex protein 3	907827
Q9H9V9;Q9H9V9-2	Q9H9V9;Q9H9V9-2	JMJD4_HUMAN	JMJD4	2-oxoglutarate and iron-dependent oxygenase JMJD4	859619
Q9H9Y2	Q9H9Y2	RPF1_HUMAN	RPF1	Ribosome production factor 1	777479
Q9H9Y4	Q9H9Y4	GPN2_HUMAN	GPN2	GPN-loop GTPase 2	10623
Q9H9Y6;Q9H9Y6-3	Q9H9Y6;Q9H9Y6-2;Q9H9Y6-3;Q9H9Y6-4;Q9H9Y6-5	RPA2_HUMAN	POLR1B	DNA-directed RNA polymerase I subunit RPA2	1.43227e+06
Q9HA38;Q9HA38-2	Q9HA38;Q9HA38-2	ZMAT3_HUMAN	ZMAT3	Zinc finger matrin-type protein 3	15562
Q9HA47;Q9HA47-3;Q9HA47-4	Q9HA47;Q9HA47-2;Q9HA47-3;Q9HA47-4	UCK1_HUMAN	UCK1	Uridine-cytidine kinase 1	113293
Q9HA64	Q9HA64	KT3K_HUMAN	FN3KRP	Ketosamine-3-kinase	474274
Q9HA65;Q9HA65-3	Q9HA65;Q9HA65-3	TBC17_HUMAN	TBC1D17	TBC1 domain family member 17	364345
Q9HA77	Q9HA77	SYCM_HUMAN	CARS2	Probable cysteine--tRNA ligase, mitochondrial	1.03264e+06
Q9HAB8	Q9HAB8;Q9HAB8-2	PPCS_HUMAN	PPCS	Phosphopantothenate--cysteine ligase	1.07092e+06
Q9HAD4;Q9HAD4-2	Q9HAD4;Q9HAD4-2	WDR41_HUMAN	WDR41	WD repeat-containing protein 41	148628
Q9HAF1;Q9HAF1-2;Q9HAF1-3;Q9HAF1-4	Q9HAF1;Q9HAF1-2;Q9HAF1-3;Q9HAF1-4	EAF6_HUMAN	MEAF6	Chromatin modification-related protein MEAF6	99767
Q9HAH7	Q9HAH7	FBRS_HUMAN	FBRS	Probable fibrosin-1	38244
Q9HAN9	Q9HAN9	NMNA1_HUMAN	NMNAT1	Nicotinamide/nicotinic acid mononucleotide adenylyltransferase 1	129616
Q9HAS0	Q9HAS0	NJMU_HUMAN	C17orf75	Protein Njmu-R1	152863
Q9HAT2	Q9HAT2;Q9HAT2-2	SIAE_HUMAN	SIAE	Sialate O-acetylesterase	138568
Q9HAU0;Q9HAU0-2;Q9HAU0-4;Q9HAU0-6	Q9HAU0;Q9HAU0-2;Q9HAU0-4;Q9HAU0-5;Q9HAU0-6;Q9HAU0-8	PKHA5_HUMAN	PLEKHA5	Pleckstrin homology domain-containing family A member 5	420917
Q9HAU4	Q9HCE7;Q9HCE7-2;Q9HAU4	SMUF2_HUMAN	SMURF2	E3 ubiquitin-protein ligase SMURF2	179065
Q9HAU5	Q9HAU5	RENT2_HUMAN	UPF2	Regulator of nonsense transcripts 2	844472
Q9HAV0	Q9HAV0	GBB4_HUMAN	GNB4	Guanine nucleotide-binding protein subunit beta-4	374677
Q9HAV4	Q9HAV4	XPO5_HUMAN	XPO5	Exportin-5	5.15292e+06
Q9HAV7	Q9HAV7	GRPE1_HUMAN	GRPEL1	GrpE protein homolog 1, mitochondrial	1.13637e+06
Q9HAW4;Q9HAW4-2;Q9HAW4-3	Q9HAW4;Q9HAW4-2;Q9HAW4-3	CLSPN_HUMAN	CLSPN	Claspin	80461
Q9HAZ1	Q9HAZ1	CLK4_HUMAN	CLK4	Dual specificity protein kinase CLK4	47906
Q9HAZ2;Q9HAZ2-2;Q9HAZ2-3;Q9HAZ2-4	Q9HAZ2;Q9HAZ2-2;Q9HAZ2-3;Q9HAZ2-4;Q03112;Q03112-1;Q03112-3;Q03112-4;Q03112-5;Q03112-6;Q03112-8	PRD16_HUMAN	PRDM16	Histone-lysine N-methyltransferase PRDM16	906388
Q9HB07	Q9HB07	MYG1_HUMAN	C12orf10	UPF0160 protein MYG1, mitochondrial	1.05376e+06
Q9HB19	Q9HB19	PKHA2_HUMAN	PLEKHA2	Pleckstrin homology domain-containing family A member 2	413622
Q9HB21;Q9HB21-2	Q9HB21;Q9HB21-2	PKHA1_HUMAN	PLEKHA1	Pleckstrin homology domain-containing family A member 1	147380
Q9HB40	Q9HB40;Q9HB40-2	RISC_HUMAN	SCPEP1	Retinoid-inducible serine carboxypeptidase	437207
Q9HB71;Q9HB71-3	Q9HB71;Q9HB71-3	CYBP_HUMAN	CACYBP	Calcyclin-binding protein	5.68756e+06
Q9HB90	Q9HB90	RRAGC_HUMAN	RRAGC	Ras-related GTP-binding protein C	500987
Q9HBD1;Q9HBD1-4	Q9HBD1;Q9HBD1-4;Q9HBD1-6	RC3H2_HUMAN	RC3H2	Roquin-2	176645
Q9HBE1;Q9HBE1-2;Q9HBE1-3	Q9HBE1;Q9HBE1-2;Q9HBE1-3;Q9HBE1-4	PATZ1_HUMAN	PATZ1	POZ-, AT hook-, and zinc finger-containing protein 1	130258
Q9HBF4;Q9HBF4-3	Q9HBF4;Q9HBF4-3	ZFYV1_HUMAN	ZFYVE1	Zinc finger FYVE domain-containing protein 1	1.11203e+06
Q9HBG6;Q9HBG6-3;Q9HBG6-4;Q9HBG6-5;Q9HBG6-6;Q9HBG6-7;Q9HBG6-8;Q9HBG6-9	Q9HBG6;Q9HBG6-3;Q9HBG6-4;Q9HBG6-5;Q9HBG6-6;Q9HBG6-7;Q9HBG6-8;Q9HBG6-9;Q9HBG6-10;Q9HBG6-11	IF122_HUMAN	IFT122	Intraflagellar transport protein 122 homolog	283812
Q9HBH0	Q9HBH0;Q9HBH0-2	RHOF_HUMAN	RHOF	Rho-related GTP-binding protein RhoF	263875
Q9HBH1	Q9HBH1	DEFM_HUMAN	PDF	Peptide deformylase, mitochondrial	127315
Q9HBH5	Q9HBH5	RDH14_HUMAN	RDH14	Retinol dehydrogenase 14	308892
Q9HBI1;Q9HBI1-2;Q9HBI1-3	Q9HBI1;Q9HBI1-2;Q9HBI1-3	PARVB_HUMAN	PARVB	Beta-parvin	88553
Q9HBI1;Q9HBI1-2;Q9HBI1-3;Q9NVD7	Q9NVD7;Q9HBI1;Q9HBI1-2;Q9HBI1-3	PARVA_HUMAN;PARVB_HUMAN	PARVA;PARVB	Beta-parvin	169425
Q9HBL0	Q9HBL0	TENS1_HUMAN	TNS1	Tensin-1	380859
Q9HBL7	Q9HBL7	PLRKT_HUMAN	PLGRKT	Plasminogen receptor (KT)	255770
Q9HBL8	Q9HBL8	NMRL1_HUMAN	NMRAL1	NmrA-like family domain-containing protein 1	1.0579e+06
Q9HBM0	Q9HBM0;Q9HBM0-2	VEZA_HUMAN	VEZT	Vezatin	105756
Q9HBM1	Q9HBM1	SPC25_HUMAN	SPC25	Kinetochore protein Spc25	38968
Q9HBM6	Q9HBM6	TAF9B_HUMAN	TAF9B	Transcription initiation factor TFIID subunit 9B	46142
Q9HBR0	Q9HBR0	S38AA_HUMAN	SLC38A10	Putative sodium-coupled neutral amino acid transporter 10	29864
Q9HC07;Q9HC07-2	Q9HC07;Q9HC07-2	TM165_HUMAN	TMEM165	Transmembrane protein 165	362114
Q9HC21;Q9HC21-2	Q9HC21;Q9HC21-2	TPC_HUMAN	SLC25A19	Mitochondrial thiamine pyrophosphate carrier	417374
Q9HC35	Q9HC35;Q9HC35-2	EMAL4_HUMAN	EML4	Echinoderm microtubule-associated protein-like 4	2.29133e+06
Q9HC36	Q9HC36	MRM3_HUMAN	MRM3	rRNA methyltransferase 3, mitochondrial	232075
Q9HC38;Q9HC38-2	Q9HC38;Q9HC38-2;Q9HC38-3	GLOD4_HUMAN	GLOD4	Glyoxalase domain-containing protein 4	2.7073e+06
Q9HC44	Q9HC44	GPBL1_HUMAN	GPBP1L1	Vasculin-like protein 1	154729
Q9HC52	Q9HC52	CBX8_HUMAN	CBX8	Chromobox protein homolog 8	692622
Q9HC62;Q9HC62-2	Q9HC62;Q9HC62-2	SENP2_HUMAN	SENP2	Sentrin-specific protease 2	97124
Q9HC77	Q9HC77;Q9HC77-2	CENPJ_HUMAN	CENPJ	Centromere protein J	529931
Q9HC84	Q9HC84	MUC5B_HUMAN	MUC5B	Mucin-5B	87025
Q9HCC0	Q9HCC0;Q9HCC0-2	MCCB_HUMAN	MCCC2	Methylcrotonoyl-CoA carboxylase beta chain, mitochondrial	1.39493e+06
Q9HCD5	Q9HCD5	NCOA5_HUMAN	NCOA5	Nuclear receptor coactivator 5	1.24957e+06
Q9HCD6;Q9HCD6-2	Q9HCD6;Q9HCD6-2	TANC2_HUMAN	TANC2	Protein TANC2	412967
Q9HCE0	Q9HCE0;Q9HCE0-2	EPG5_HUMAN	EPG5	Ectopic P granules protein 5 homolog	295866
Q9HCE1	Q9HCE1;Q9HCE1-2	MOV10_HUMAN	MOV10	Helicase MOV-10	1.84681e+06
Q9HCE3	Q9HCE3	ZN532_HUMAN	ZNF532	Zinc finger protein 532	273866
Q9HCE5	Q9HCE5	MET14_HUMAN	METTL14	N6-adenosine-methyltransferase non-catalytic subunit	220914
Q9HCG8	Q9HCG8	CWC22_HUMAN	CWC22	Pre-mRNA-splicing factor CWC22 homolog	858749
Q9HCH0;Q9HCH0-2;Q9HCH0-3	Q9HCH0;Q9HCH0-2;Q9HCH0-3	NCK5L_HUMAN	NCKAP5L	Nck-associated protein 5-like	270413
Q9HCH5;Q9HCH5-13;Q9HCH5-14;Q9HCH5-15;Q9HCH5-6	Q9HCH5;Q9HCH5-6;Q9HCH5-13;Q9HCH5-14;Q9HCH5-15	SYTL2_HUMAN	SYTL2	Synaptotagmin-like protein 2	1.17241e+06
Q9HCI7;Q9HCI7-2	Q9HCI7;Q9HCI7-2	MSL2_HUMAN	MSL2	E3 ubiquitin-protein ligase MSL2	118135
Q9HCJ1;Q9HCJ1-2	Q9HCJ1;Q9HCJ1-2	ANKH_HUMAN	ANKH	Progressive ankylosis protein homolog	48861
Q9HCK5	Q9HCK5	AGO4_HUMAN	AGO4	Protein argonaute-4	102632
Q9HCK5;Q9UL18	Q9UL18;Q9HCK5	AGO1_HUMAN;AGO4_HUMAN	AGO1;AGO4	Protein argonaute-4	26621
Q9HCK8	Q9HCK8;Q9HCK8-2	CHD8_HUMAN	CHD8	Chromodomain-helicase-DNA-binding protein 8	703299
Q9HCL2	Q9HCL2	GPAT1_HUMAN	GPAM	Glycerol-3-phosphate acyltransferase 1, mitochondrial	38194
Q9HCM1	Q9HCM1	RESF1_HUMAN	RESF1	Retroelement silencing factor 1	65013
Q9HCM3;Q9HCM3-2;Q9HCM3-3;Q9HCM3-4	Q9HCM3;Q9HCM3-2;Q9HCM3-3;Q9HCM3-4	K1549_HUMAN	KIAA1549	UPF0606 protein KIAA1549	28101
Q9HCN4;Q9HCN4-2;Q9HCN4-3;Q9HCN4-4;Q9HCN4-5	Q9HCN4;Q9HCN4-2;Q9HCN4-3;Q9HCN4-4;Q9HCN4-5	GPN1_HUMAN	GPN1	GPN-loop GTPase 1	152598
Q9HCN8	Q9HCN8	SDF2L_HUMAN	SDF2L1	Stromal cell-derived factor 2-like protein 1	600023
Q9HCP0;Q9HCP0-2	Q9HCP0;Q9HCP0-2	KC1G1_HUMAN	CSNK1G1	Casein kinase I isoform gamma-1	143663
Q9HCS7	Q9HCS7	SYF1_HUMAN	XAB2	Pre-mRNA-splicing factor SYF1	1.02588e+06
Q9HCU5	Q9HCU5	PREB_HUMAN	PREB	Prolactin regulatory element-binding protein	692203
Q9HCU8;Q9HCU8-2	Q9HCU8;Q9HCU8-2	DPOD4_HUMAN	POLD4	DNA polymerase delta subunit 4	79041
Q9HCU9	Q9HCU9	BRMS1_HUMAN	BRMS1	Breast cancer metastasis-suppressor 1	60536
Q9HCY8	Q9HCY8	S10AE_HUMAN	S100A14	Protein S100-A14	625520
Q9HD15	Q9HD15	SRA1_HUMAN	SRA1	Steroid receptor RNA activator 1	523258
Q9HD20	Q9HD20;Q9HD20-2	AT131_HUMAN	ATP13A1	Manganese-transporting ATPase 13A1	1.79944e+06
Q9HD23;Q9HD23-2;Q9HD23-4	Q9HD23;Q9HD23-2;Q9HD23-3;Q9HD23-4	MRS2_HUMAN	MRS2	Magnesium transporter MRS2 homolog, mitochondrial	139034
Q9HD26;Q9HD26-2	Q9HD26;Q9HD26-2;Q9HD26-3	GOPC_HUMAN	GOPC	Golgi-associated PDZ and coiled-coil motif-containing protein	332795
Q9HD33;Q9HD33-2	Q9HD33;Q9HD33-2	RM47_HUMAN	MRPL47	39S ribosomal protein L47, mitochondrial	682591
Q9HD34	Q9HD34	LYRM4_HUMAN	LYRM4	LYR motif-containing protein 4	226811
Q9HD40;Q9HD40-3	Q9HD40;Q9HD40-3	SPCS_HUMAN	SEPSECS	O-phosphoseryl-tRNA(Sec) selenium transferase	26924
Q9HD45	Q9HD45	TM9S3_HUMAN	TM9SF3	Transmembrane 9 superfamily member 3	1.84674e+06
Q9HD47;Q9HD47-2	Q9HD47;Q9HD47-2;Q9HD47-3;Q9HD47-4	MOG1_HUMAN	RANGRF	Ran guanine nucleotide release factor	114544
Q9HD67	Q9HD67;Q9HD67-3	MYO10_HUMAN	MYO10	Unconventional myosin-X	379817
Q9HDC5	Q9HDC5	JPH1_HUMAN	JPH1	Junctophilin-1	16576
Q9HDC9	Q9HDC9	APMAP_HUMAN	APMAP	Adipocyte plasma membrane-associated protein	3.09327e+06
Q9NNW5	Q9NNW5	WDR6_HUMAN	WDR6	WD repeat-containing protein 6	243047
Q9NNW7;Q9NNW7-2	Q9NNW7;Q9NNW7-2	TRXR2_HUMAN	TXNRD2	Thioredoxin reductase 2, mitochondrial	1.0964e+06
Q9NNX1;Q9NNX1-2;Q9NNX1-3	Q9NNX1;Q9NNX1-2;Q9NNX1-3	TUFT1_HUMAN	TUFT1	Tuftelin	13282
Q9NP50	Q9NP50;Q9NP50-2	SHCAF_HUMAN	SINHCAF	SIN3-HDAC complex-associated factor	26554
Q9NP58;Q9NP58-4	Q9NP58;Q9NP58-4	ABCB6_HUMAN	ABCB6	ATP-binding cassette sub-family B member 6, mitochondrial	139128
Q9NP61;Q9NP61-2	Q9NP61;Q9NP61-2	ARFG3_HUMAN	ARFGAP3	ADP-ribosylation factor GTPase-activating protein 3	169143
Q9NP64;Q9NP64-2;Q9NP64-3	Q9NP64;Q9NP64-2;Q9NP64-3	NO40_HUMAN	ZCCHC17	Nucleolar protein of 40 kDa	159497
Q9NP66	Q9NP66	HM20A_HUMAN	HMG20A	High mobility group protein 20A	143392
Q9NP72	Q9NP72;Q9NP72-2	RAB18_HUMAN	RAB18	Ras-related protein Rab-18	384525
Q9NP73;Q9NP73-2	Q9NP73;Q9NP73-2;Q9NP73-3	ALG13_HUMAN	ALG13	Putative bifunctional UDP-N-acetylglucosamine transferase and deubiquitinase ALG13	58214
Q9NP74	Q9NP74	PALMD_HUMAN	PALMD	Palmdelphin	49205
Q9NP77	Q9NP77	SSU72_HUMAN	SSU72	RNA polymerase II subunit A C-terminal domain phosphatase SSU72	476093
Q9NP79	Q9NP79;Q9NP79-2	VTA1_HUMAN	VTA1	Vacuolar protein sorting-associated protein VTA1 homolog	942530
Q9NP80;Q9NP80-3	Q9NP80;Q9NP80-2;Q9NP80-3	PLPL8_HUMAN	PNPLA8	Calcium-independent phospholipase A2-gamma	393031
Q9NP81	Q9NP81;Q9NP81-2	SYSM_HUMAN	SARS2	Serine--tRNA ligase, mitochondrial	3.38022e+06
Q9NP92	Q9NP92	RT30_HUMAN	MRPS30	39S ribosomal protein S30, mitochondrial	433421
Q9NP97	Q9NP97	DLRB1_HUMAN	DYNLRB1	Dynein light chain roadblock-type 1	635262
Q9NPA0	Q9NPA0	EMC7_HUMAN	EMC7	ER membrane protein complex subunit 7	601826
Q9NPA3	Q9NPA3	M1IP1_HUMAN	MID1IP1	Mid1-interacting protein 1	278258
Q9NPA8;Q9NPA8-2	Q9NPA8;Q9NPA8-2	ENY2_HUMAN	ENY2	Transcription and mRNA export factor ENY2	384454
Q9NPB6;Q9NPB6-2	Q9NPB6;Q9NPB6-2	PAR6A_HUMAN	PARD6A	Partitioning defective 6 homolog alpha	148223
Q9NPB8	Q9NPB8	GPCP1_HUMAN	GPCPD1	Glycerophosphocholine phosphodiesterase GPCPD1	215200
Q9NPC7;Q9NPC7-2;Q9NPC7-3	Q9NPC7;Q9NPC7-2;Q9NPC7-3	MYNN_HUMAN	MYNN	Myoneurin	8914
Q9NPD3	Q9NPD3	EXOS4_HUMAN	EXOSC4	Exosome complex component RRP41	911040
Q9NPD8	Q9NPD8	UBE2T_HUMAN	UBE2T	Ubiquitin-conjugating enzyme E2 T	131217
Q9NPE2	Q9NPE2	NGRN_HUMAN	NGRN	Neugrin	77489
Q9NPE3	Q9NPE3	NOP10_HUMAN	NOP10	H/ACA ribonucleoprotein complex subunit 3	603260
Q9NPF0;Q9NPF0-2	Q9NPF0;Q9NPF0-2	CD320_HUMAN	CD320	CD320 antigen	152121
Q9NPF4	Q9NPF4	OSGEP_HUMAN	OSGEP	Probable tRNA N6-adenosine threonylcarbamoyltransferase	1.02323e+06
Q9NPF5	Q9NPF5	DMAP1_HUMAN	DMAP1	DNA methyltransferase 1-associated protein 1	771663
Q9NPH0	Q9NPH0	PPA6_HUMAN	ACP6	Lysophosphatidic acid phosphatase type 6	145065
Q9NPH2;Q9NPH2-2;Q9NPH2-3	Q9NPH2;Q9NPH2-2;Q9NPH2-3	INO1_HUMAN	ISYNA1	Inositol-3-phosphate synthase 1	21163
Q9NPH3	Q9NPH3;Q9NPH3-2;Q9NPH3-3;Q9NPH3-5	IL1AP_HUMAN	IL1RAP	Interleukin-1 receptor accessory protein	51765
Q9NPI1	Q9NPI1;Q9NPI1-2	BRD7_HUMAN	BRD7	Bromodomain-containing protein 7	655692
Q9NPI6;Q9NPI6-2	Q9NPI6;Q9NPI6-2	DCP1A_HUMAN	DCP1A	mRNA-decapping enzyme 1A	741004
Q9NPJ3	Q9NPJ3;Q9NPJ3-2	ACO13_HUMAN	ACOT13	Acyl-coenzyme A thioesterase 13	1.36792e+06
Q9NPJ6	Q9NPJ6;Q9NPJ6-2	MED4_HUMAN	MED4	Mediator of RNA polymerase II transcription subunit 4	331456
Q9NPL8	Q9NPL8	TIDC1_HUMAN	TIMMDC1	Complex I assembly factor TIMMDC1, mitochondrial	193477
Q9NPQ8;Q9NPQ8-3;Q9NPQ8-4	Q9NVN3;Q9NVN3-1;Q9NVN3-3;Q9NVN3-4;Q9NPQ8;Q9NPQ8-2;Q9NPQ8-3;Q9NPQ8-4	RIC8A_HUMAN	RIC8A	Synembryn-A	276696
Q9NPR2;Q9NPR2-2	Q9NPR2;Q9NPR2-2	SEM4B_HUMAN	SEMA4B	Semaphorin-4B	29617
Q9NPR9	Q9NPR9	GP108_HUMAN	GPR108	Protein GPR108	287737
Q9NQ29;Q9NQ29-2	Q9NQ29;Q9NQ29-2;Q9NQ29-3	LUC7L_HUMAN	LUC7L	Putative RNA-binding protein Luc7-like 1	632703
Q9NQ29;Q9NQ29-2;Q9Y383	Q96HJ9-2;Q9NQ29;Q9NQ29-2;Q9NQ29-3;Q9Y383;Q9Y383-2;Q9Y383-3	LC7L2_HUMAN;LUC7L_HUMAN	LUC7L;LUC7L2	Putative RNA-binding protein Luc7-like 1	829769
Q9NQ48;Q9NQ48-2	Q9NQ48;Q9NQ48-2	LZTL1_HUMAN	LZTFL1	Leucine zipper transcription factor-like protein 1	685495
Q9NQ50	Q9NQ50	RM40_HUMAN	MRPL40	39S ribosomal protein L40, mitochondrial	473633
Q9NQ55;Q9NQ55-2;Q9NQ55-3	Q9NQ55;Q9NQ55-2;Q9NQ55-3	SSF1_HUMAN	PPAN	Suppressor of SWI4 1 homolog	446139
Q9NQ75;Q9NQ75-2	Q9NQ75;Q9NQ75-2	CASS4_HUMAN	CASS4	Cas scaffolding protein family member 4	17744
Q9NQ84;Q9NQ84-2	Q9NQ84;Q9NQ84-2	GPC5C_HUMAN	GPRC5C	G-protein coupled receptor family C group 5 member C	17866
Q9NQ88	Q9NQ88	TIGAR_HUMAN	TIGAR	Fructose-2,6-bisphosphatase TIGAR	812034
Q9NQA3	Q9NQA3;Q6VEQ5;C4AMC7;A8K0Z3;A8MWX3	WASH6_HUMAN	WASH6P	WAS protein family homolog 6	317168
Q9NQC3;Q9NQC3-2;Q9NQC3-5	Q9NQC3;Q9NQC3-2;Q9NQC3-3;Q9NQC3-4;Q9NQC3-5;Q9NQC3-6	RTN4_HUMAN	RTN4	Reticulon-4	4.64506e+06
Q9NQC7;Q9NQC7-2	Q9NQC7;Q9NQC7-2	CYLD_HUMAN	CYLD	Ubiquitin carboxyl-terminal hydrolase CYLD	63254
Q9NQE9	Q9NQE9	HINT3_HUMAN	HINT3	Histidine triad nucleotide-binding protein 3	116392
Q9NQG5	Q9NQG5	RPR1B_HUMAN	RPRD1B	Regulation of nuclear pre-mRNA domain-containing protein 1B	2.50848e+06
Q9NQG6	Q9NQG6;Q9NQG6-2	MID51_HUMAN	MIEF1	Mitochondrial dynamics protein MID51	189923
Q9NQH7;Q9NQH7-2;Q9NQH7-4	Q9NQH7;Q9NQH7-2;Q9NQH7-3;Q9NQH7-4;Q9NQH7-5	XPP3_HUMAN	XPNPEP3	Xaa-Pro aminopeptidase 3	282724
Q9NQP4	Q9NQP4	PFD4_HUMAN	PFDN4	Prefoldin subunit 4	465056
Q9NQR4	Q9NQR4	NIT2_HUMAN	NIT2	Omega-amidase NIT2	3.80454e+06
Q9NQS1	Q9NQS1	AVEN_HUMAN	AVEN	Cell death regulator Aven	169829
Q9NQS3	Q9NQS3	NECT3_HUMAN	NECTIN3	Nectin-3	52673
Q9NQS7;Q9NQS7-2	Q9NQS7;Q9NQS7-2	INCE_HUMAN	INCENP	Inner centromere protein	175386
Q9NQT4	Q9NQT4	EXOS5_HUMAN	EXOSC5	Exosome complex component RRP46	988329
Q9NQT5	Q9NQT5;Q9NQT5-2	EXOS3_HUMAN	EXOSC3	Exosome complex component RRP40	780477
Q9NQT8	Q9NQT8	KI13B_HUMAN	KIF13B	Kinesin-like protein KIF13B	979301
Q9NQV6;Q9NQV6-1;Q9NQV6-2;Q9NQV6-4;Q9NQV6-5;Q9NQV6-6;Q9NQV6-7	Q9NQV6;Q9NQV6-2;Q9NQV6-1;Q9NQV6-4;Q9NQV6-5;Q9NQV6-6;Q9NQV6-7	PRD10_HUMAN	PRDM10	PR domain zinc finger protein 10	241216
Q9NQW6;Q9NQW6-2	Q9NQW6;Q9NQW6-2	ANLN_HUMAN	ANLN	Anillin	935034
Q9NQW7;Q9NQW7-3	Q9NQW7;Q9NQW7-2;Q9NQW7-3;Q9NQW7-4	XPP1_HUMAN	XPNPEP1	Xaa-Pro aminopeptidase 1	1.61709e+06
Q9NQX3;Q9NQX3-2	Q9NQX3;Q9NQX3-2	GEPH_HUMAN	GPHN	Gephyrin	908899
Q9NQX4	Q9NQX4;Q9NQX4-2	MYO5C_HUMAN	MYO5C	Unconventional myosin-Vc	805618
Q9NQY0	Q9NQY0	BIN3_HUMAN	BIN3	Bridging integrator 3	209563
Q9NQZ2	Q9NQZ2	SAS10_HUMAN	UTP3	Something about silencing protein 10	802867
Q9NQZ5	Q9NQZ5	STAR7_HUMAN	STARD7	StAR-related lipid transfer protein 7, mitochondrial	243377
Q9NQZ7	Q9NQZ7	ENTP7_HUMAN	ENTPD7	Ectonucleoside triphosphate diphosphohydrolase 7	4093
Q9NR09	Q9NR09	BIRC6_HUMAN	BIRC6	Baculoviral IAP repeat-containing protein 6	730460
Q9NR11	Q9NR11	ZN302_HUMAN	ZNF302	Zinc finger protein 302	463368
Q9NR12	Q9NR12;Q9NR12-3;Q9NR12-4;Q9NR12-5;Q9NR12-6	PDLI7_HUMAN	PDLIM7	PDZ and LIM domain protein 7	1.23365e+06
Q9NR19;Q9NR19-2	Q9NR19;Q9NR19-2	ACSA_HUMAN	ACSS2	Acetyl-coenzyme A synthetase, cytoplasmic	795708
Q9NR28;Q9NR28-2	Q9NR28;Q9NR28-2	DBLOH_HUMAN	DIABLO	Diablo homolog, mitochondrial	772044
Q9NR30	Q9NR30;Q9NR30-2	DDX21_HUMAN	DDX21	Nucleolar RNA helicase 2	1.26524e+07
Q9NR31	Q9NR31;Q9NR31-2	SAR1A_HUMAN	SAR1A	GTP-binding protein SAR1a	1.19746e+06
Q9NR31;Q9Y6B6	Q9NR31;Q9Y6B6	SAR1A_HUMAN;SAR1B_HUMAN	SAR1A;SAR1B	GTP-binding protein SAR1a	290129
Q9NR33	Q9NR33	DPOE4_HUMAN	POLE4	DNA polymerase epsilon subunit 4	132432
Q9NR45	Q9NR45	SIAS_HUMAN	NANS	Sialic acid synthase	1.92205e+06
Q9NR46	Q9NR46;Q9NR46-2	SHLB2_HUMAN	SH3GLB2	Endophilin-B2	1.26733e+06
Q9NR46;Q9Y371;Q9Y371-2	Q9Y371;Q9Y371-2;Q9NR46;Q9NR46-2	SHLB1_HUMAN;SHLB2_HUMAN	SH3GLB1;SH3GLB2	Endophilin-B2	49484
Q9NR48;Q9NR48-2	Q9NR48;Q9NR48-2	ASH1L_HUMAN	ASH1L	Histone-lysine N-methyltransferase ASH1L	1.53334e+06
Q9NR50	Q9NR50;Q9NR50-2;Q9NR50-3	EI2BG_HUMAN	EIF2B3	Translation initiation factor eIF-2B subunit gamma	549705
Q9NR56	Q9NR56;Q9NR56-2;Q9NR56-3;Q9NR56-4;Q9NR56-5;Q9NR56-6;Q9NR56-7;Q9NUK0;Q9NUK0-2;Q9NUK0-3;Q9NUK0-4	MBNL1_HUMAN	MBNL1	Muscleblind-like protein 1	174184
Q9NR77	Q9NR77	PXMP2_HUMAN	PXMP2	Peroxisomal membrane protein 2	96088
Q9NR82;Q9NR82-2;Q9NR82-3;Q9NR82-4;Q9NR82-5;Q9NR82-6;Q9NR82-7	Q9NR82;Q9NR82-2;Q9NR82-3;Q9NR82-4;Q9NR82-5;Q9NR82-6;Q9NR82-7	KCNQ5_HUMAN	KCNQ5	Potassium voltage-gated channel subfamily KQT member 5	29314
Q9NRA2;Q9NRA2-2	Q9NRA2;Q9NRA2-2	S17A5_HUMAN	SLC17A5	Sialin	13732
Q9NRA8;Q9NRA8-3	Q9NRA8;Q9NRA8-2;Q9NRA8-3	4ET_HUMAN	EIF4ENIF1	Eukaryotic translation initiation factor 4E transporter	183069
Q9NRC6	Q9NRC6	SPTN5_HUMAN	SPTBN5	Spectrin beta chain, non-erythrocytic 5	352084
Q9NRD5	Q9NRD5	PICK1_HUMAN	PICK1	PRKCA-binding protein	131366
Q9NRF8	Q9NRF8	PYRG2_HUMAN	CTPS2	CTP synthase 2	981753
Q9NRF9	Q9NRF9	DPOE3_HUMAN	POLE3	DNA polymerase epsilon subunit 3	349990
Q9NRG0	Q9NRG0	CHRC1_HUMAN	CHRAC1	Chromatin accessibility complex protein 1	583414
Q9NRG1	Q9NRG1;Q9NRG1-2;Q9NRG1-3	PRDC1_HUMAN	PRTFDC1	Phosphoribosyltransferase domain-containing protein 1	90179
Q9NRG7	Q9NRG7;Q9NRG7-3	D39U1_HUMAN	SDR39U1	Epimerase family protein SDR39U1	131137
Q9NRG9	Q9NRG9;Q9NRG9-2	AAAS_HUMAN	AAAS	Aladin	6.29421e+06
Q9NRH1	Q9NRH1	YAE1_HUMAN	YAE1	Protein YAE1 homolog	25692
Q9NRJ5	Q9NRJ5	PAPOB_HUMAN	PAPOLB	Poly(A) polymerase beta	49397
Q9NRK6	Q9NRK6	ABCBA_HUMAN	ABCB10	ATP-binding cassette sub-family B member 10, mitochondrial	834358
Q9NRL2	Q9NRL2;Q9NRL2-2	BAZ1A_HUMAN	BAZ1A	Bromodomain adjacent to zinc finger domain protein 1A	661829
Q9NRL3;Q9NRL3-3	Q9NRL3;Q9NRL3-3	STRN4_HUMAN	STRN4	Striatin-4	225447
Q9NRM2	Q9NRM2	ZN277_HUMAN	ZNF277	Zinc finger protein 277	457138
Q9NRN7	Q9NRN7;Q9NRN7-2	ADPPT_HUMAN	AASDHPPT	L-aminoadipate-semialdehyde dehydrogenase-phosphopantetheinyl transferase	281098
Q9NRN9	Q9NRN9	METL5_HUMAN	METTL5	Methyltransferase-like protein 5	30675
Q9NRP2	Q9NRP2	COXM2_HUMAN	CMC2	COX assembly mitochondrial protein 2 homolog	443684
Q9NRR3	Q9NRR3	C42S2_HUMAN	CDC42SE2	CDC42 small effector protein 2	97873
Q9NRR4	Q9NRR4;Q9NRR4-2;Q9NRR4-4	RNC_HUMAN	DROSHA	Ribonuclease 3	170998
Q9NRR5	Q9NRR5	UBQL4_HUMAN	UBQLN4	Ubiquilin-4	506127
Q9NRR5;Q9UHD9;Q9UMX0	Q9UHD9;Q9NRR5;Q9UMX0;Q9UMX0-2;Q9UMX0-3	UBQL1_HUMAN;UBQL2_HUMAN;UBQL4_HUMAN	UBQLN1;UBQLN2;UBQLN4	Ubiquilin-4	615927
Q9NRR5;Q9UMX0	Q9NRR5;Q9UMX0;Q9UMX0-2;Q9UMX0-3	UBQL1_HUMAN;UBQL4_HUMAN	UBQLN1;UBQLN4	Ubiquilin-4	725174
Q9NRS6	Q9NRS6;Q9NRS6-2	SNX15_HUMAN	SNX15	Sorting nexin-15	467606
Q9NRV9	Q9NRV9	HEBP1_HUMAN	HEBP1	Heme-binding protein 1	997102
Q9NRW7	Q9NRW7	VPS45_HUMAN	VPS45	Vacuolar protein sorting-associated protein 45	715644
Q9NRX1	Q9NRX1	PNO1_HUMAN	PNO1	RNA-binding protein PNO1	996885
Q9NRX2	Q9NRX2	RM17_HUMAN	MRPL17	39S ribosomal protein L17, mitochondrial	562588
Q9NRX4	Q9NRX4	PHP14_HUMAN	PHPT1	14 kDa phosphohistidine phosphatase	201512
Q9NRX5	Q9NRX5	SERC1_HUMAN	SERINC1	Serine incorporator 1	305122
Q9NRY2	Q9NRY2;Q9NRY2-2	SOSSC_HUMAN	INIP	SOSS complex subunit C	133495
Q9NRY4	Q9NRY4	RHG35_HUMAN	ARHGAP35	Rho GTPase-activating protein 35	264344
Q9NRY5	Q9NRY5	F1142_HUMAN	FAM114A2	Protein FAM114A2	564242
Q9NRZ7;Q9NRZ7-2;Q9NRZ7-3	Q9NRZ7;Q9NRZ7-2;Q9NRZ7-3	PLCC_HUMAN	AGPAT3	1-acyl-sn-glycerol-3-phosphate acyltransferase gamma	153240
Q9NRZ9;Q9NRZ9-2;Q9NRZ9-3;Q9NRZ9-5;Q9NRZ9-6	Q9NRZ9;Q9NRZ9-2;Q9NRZ9-3;Q9NRZ9-5;Q9NRZ9-6	HELLS_HUMAN	HELLS	Lymphoid-specific helicase	584446
Q9NS00;Q9NS00-2	Q9NS00;Q9NS00-2	C1GLT_HUMAN	C1GALT1	Glycoprotein-N-acetylgalactosamine 3-beta-galactosyltransferase 1	15845
Q9NS56;Q9NS56-2	Q9NS56;Q9NS56-2	TOPRS_HUMAN	TOPORS	E3 ubiquitin-protein ligase Topors	10888
Q9NS69	Q9NS69	TOM22_HUMAN	TOMM22	Mitochondrial import receptor subunit TOM22 homolog	1.97988e+06
Q9NS86	Q9NS86	LANC2_HUMAN	LANCL2	LanC-like protein 2	473820
Q9NS87	Q9NS87;Q9NS87-2;Q9NS87-4	KIF15_HUMAN	KIF15	Kinesin-like protein KIF15	603017
Q9NS91	Q9NS91	RAD18_HUMAN	RAD18	E3 ubiquitin-protein ligase RAD18	501439
Q9NS93	Q9NS93	TM7S3_HUMAN	TM7SF3	Transmembrane 7 superfamily member 3	43591
Q9NSB4	Q9NSB4	KRT82_HUMAN	KRT82	Keratin, type II cuticular Hb2	3.62476e+06
Q9NSC5;Q9NSC5-2;Q9NSC5-5	Q9NSC5;Q9NSC5-2;Q9NSC5-5	HOME3_HUMAN	HOMER3	Homer protein homolog 3	179095
Q9NSD9	Q9NSD9;Q9NSD9-2	SYFB_HUMAN	FARSB	Phenylalanine--tRNA ligase beta subunit	3.89267e+06
Q9NSE4	Q9NSE4	SYIM_HUMAN	IARS2	Isoleucine--tRNA ligase, mitochondrial	3.22514e+06
Q9NSI2;Q9NSI2-2	Q9NSI2;Q9NSI2-2	F207A_HUMAN	FAM207A	Protein FAM207A	214359
Q9NSI6;Q9NSI6-2;Q9NSI6-3	Q9NSI6;Q9NSI6-2;Q9NSI6-3	BRWD1_HUMAN	BRWD1	Bromodomain and WD repeat-containing protein 1	74201
Q9NSK0;Q9NSK0-3	Q9NSK0;Q9NSK0-3;Q9NSK0-5	KLC4_HUMAN	KLC4	Kinesin light chain 4	651725
Q9NSP4;Q9NSP4-2;Q9NSP4-4	Q9NSP4;Q9NSP4-2;Q9NSP4-4	CENPM_HUMAN	CENPM	Centromere protein M	35034
Q9NSV4;Q9NSV4-4	Q9NSV4;Q9NSV4-4;Q9NSV4-5;Q9NSV4-6;Q9NSV4-7	DIAP3_HUMAN	DIAPH3	Protein diaphanous homolog 3	501575
Q9NSY1	Q9NSY1;Q9NSY1-2;Q9NSY1-3	BMP2K_HUMAN	BMP2K	BMP-2-inducible protein kinase	466634
Q9NT62	Q9NT62;Q9NT62-2	ATG3_HUMAN	ATG3	Ubiquitin-like-conjugating enzyme ATG3	640815
Q9NTG7	Q9NTG7;Q9NTG7-2	SIR3_HUMAN	SIRT3	NAD-dependent protein deacetylase sirtuin-3, mitochondrial	85027
Q9NTI5;Q9NTI5-2	Q9NTI5;Q9NTI5-2;Q9NTI5-3	PDS5B_HUMAN	PDS5B	Sister chromatid cohesion protein PDS5 homolog B	1.99315e+06
Q9NTJ3	Q9NTJ3;Q9NTJ3-2	SMC4_HUMAN	SMC4	Structural maintenance of chromosomes protein 4	5.78698e+06
Q9NTJ5	Q9NTJ5;Q9NTJ5-2	SAC1_HUMAN	SACM1L	Phosphatidylinositide phosphatase SAC1	2.56337e+06
Q9NTK5	Q9NTK5;Q9NTK5-2	OLA1_HUMAN	OLA1	Obg-like ATPase 1	5.52846e+06
Q9NTM9	Q9NTM9	CUTC_HUMAN	CUTC	Copper homeostasis protein cutC homolog	647106
Q9NTW7;Q9NTW7-3;Q9NTW7-4;Q9NTW7-5;Q9NTW7-6	Q9NTW7;Q9NTW7-3;Q9NTW7-4;Q9NTW7-5;Q9NTW7-6	ZF64B_HUMAN	ZFP64	Zinc finger protein 64	62225
Q9NTX5;Q9NTX5-2;Q9NTX5-6	Q9NTX5;Q9NTX5-2;Q9NTX5-3;Q9NTX5-4;Q9NTX5-5;Q9NTX5-6	ECHD1_HUMAN	ECHDC1	Ethylmalonyl-CoA decarboxylase	1.11722e+06
Q9NTZ6	Q9NTZ6	RBM12_HUMAN	RBM12	RNA-binding protein 12	3.92542e+06
Q9NU22	Q9NU22	MDN1_HUMAN	MDN1	Midasin	3.20138e+06
Q9NUA8	Q9NUA8	ZBT40_HUMAN	ZBTB40	Zinc finger and BTB domain-containing protein 40	261111
Q9NUD5;Q9NUD5-2	Q9NUD5;Q9NUD5-2	ZCHC3_HUMAN	ZCCHC3	Zinc finger CCHC domain-containing protein 3	405242
Q9NUG6	Q9NUG6	PDRG1_HUMAN	PDRG1	p53 and DNA damage-regulated protein 1	240011
Q9NUI1	Q9NUI1;Q9NUI1-3	DECR2_HUMAN	DECR2	Peroxisomal 2,4-dienoyl-CoA reductase	316091
Q9NUJ1	Q9NUJ1;Q9NUJ1-2	ABHDA_HUMAN	ABHD10	Mycophenolic acid acyl-glucuronide esterase, mitochondrial	1.04676e+06
Q9NUJ3	Q9NUJ3	T11L1_HUMAN	TCP11L1	T-complex protein 11-like protein 1	156983
Q9NUL3;Q9NUL3-2;Q9NUL3-3;Q9NUL3-8	Q9NUL3;Q9NUL3-2;Q9NUL3-3;Q9NUL3-4;Q9NUL3-6;Q9NUL3-7;Q9NUL3-8	STAU2_HUMAN	STAU2	Double-stranded RNA-binding protein Staufen homolog 2	372864
Q9NUL5;Q9NUL5-3;Q9NUL5-4	Q9NUL5;Q9NUL5-3;Q9NUL5-4	SHFL_HUMAN	SHFL	Shiftless antiviral inhibitor of ribosomal frameshifting protein	18767
Q9NUL7	Q9NUL7	DDX28_HUMAN	DDX28	Probable ATP-dependent RNA helicase DDX28	471660
Q9NUM4	Q9NUM4	T106B_HUMAN	TMEM106B	Transmembrane protein 106B	256731
Q9NUN5;Q9NUN5-2;Q9NUN5-3;Q9NUN5-4	Q9NUN5;Q9NUN5-2;Q9NUN5-3;Q9NUN5-4	LMBD1_HUMAN	LMBRD1	Probable lysosomal cobalamin transporter	84436
Q9NUP1	Q9NUP1	BL1S4_HUMAN	BLOC1S4	Biogenesis of lysosome-related organelles complex 1 subunit 4	48620
Q9NUP7;Q9NUP7-2	Q9NUP7;Q9NUP7-2	TRM13_HUMAN	TRMT13	tRNA:m(4)X modification enzyme TRM13 homolog	23130
Q9NUP9	Q9NUP9	LIN7C_HUMAN	LIN7C	Protein lin-7 homolog C	596154
Q9NUQ2	Q9NUQ2	PLCE_HUMAN	AGPAT5	1-acyl-sn-glycerol-3-phosphate acyltransferase epsilon	277436
Q9NUQ3	Q9NUQ3	TXLNG_HUMAN	TXLNG	Gamma-taxilin	992097
Q9NUQ6;Q9NUQ6-3;Q9NUQ6-4	Q9NUQ6;Q9NUQ6-2;Q9NUQ6-3;Q9NUQ6-4	SPS2L_HUMAN	SPATS2L	SPATS2-like protein	307529
Q9NUQ7	Q9NUQ7	UFSP2_HUMAN	UFSP2	Ufm1-specific protease 2	295810
Q9NUQ8	Q9NUQ8;Q9NUQ8-2	ABCF3_HUMAN	ABCF3	ATP-binding cassette sub-family F member 3	1.65897e+06
Q9NUQ9	Q9NUQ9;Q9NUQ9-2;Q9H0Q0	FA49B_HUMAN	FAM49B	Protein FAM49B	3.65146e+06
Q9NUS5	Q9NUS5	AP5S1_HUMAN	AP5S1	AP-5 complex subunit sigma-1	20666
Q9NUT2;Q9NUT2-2;Q9NUT2-4;Q9NUT2-5	Q9NUT2;Q9NUT2-2;Q9NUT2-3;Q9NUT2-4;Q9NUT2-5	MITOS_HUMAN	ABCB8	Mitochondrial potassium channel ATP-binding subunit	70453
Q9NUU7	Q9NUU7;Q9NUU7-2;Q9UHL0;Q9UHL0-2	DD19A_HUMAN	DDX19A	ATP-dependent RNA helicase DDX19A	175960
Q9NUU7;Q9UMR2	Q9UMR2;Q9UMR2-2;Q9UMR2-3;Q9UMR2-4;Q9NUU7;Q9NUU7-2	DD19A_HUMAN;DD19B_HUMAN	DDX19A;DDX19B	ATP-dependent RNA helicase DDX19A	3.97325e+06
Q9NUW8	Q9NUW8	TYDP1_HUMAN	TDP1	Tyrosyl-DNA phosphodiesterase 1	324572
Q9NUY8;Q9NUY8-2	Q9NUY8;Q9NUY8-2	TBC23_HUMAN	TBC1D23	TBC1 domain family member 23	522741
Q9NV06	Q9NV06	DCA13_HUMAN	DCAF13	DDB1- and CUL4-associated factor 13	1.15324e+06
Q9NV31	Q9NV31	IMP3_HUMAN	IMP3	U3 small nucleolar ribonucleoprotein protein IMP3	229769
Q9NV35	Q9NV35	NUD15_HUMAN	NUDT15	Nucleotide triphosphate diphosphatase NUDT15	120215
Q9NV56	Q9NV56	MRGBP_HUMAN	MRGBP	MRG/MORF4L-binding protein	222326
Q9NV70;Q9NV70-2	Q9NV70;Q9NV70-2	EXOC1_HUMAN	EXOC1	Exocyst complex component 1	633784
Q9NV88;Q9NV88-2;Q9NV88-3	Q9NV88;Q9NV88-2;Q9NV88-3	INT9_HUMAN	INTS9	Integrator complex subunit 9	1.27195e+06
Q9NV96	Q9NV96;Q9NV96-2;Q9NV96-3	CC50A_HUMAN	TMEM30A	Cell cycle control protein 50A	321321
Q9NVA1;Q9NVA1-2;Q9NVA1-5	Q9NVA1;Q9NVA1-2;Q9NVA1-5	UQCC1_HUMAN	UQCC1	Ubiquinol-cytochrome-c reductase complex assembly factor 1	130373
Q9NVA2;Q9NVA2-2	Q9NVA2;Q9NVA2-2	SEP11_HUMAN	SEPTIN11	Septin-11	810088
Q9NVA4	Q9NVA4	T184C_HUMAN	TMEM184C	Transmembrane protein 184C	45998
Q9NVC6	Q9NVC6	MED17_HUMAN	MED17	Mediator of RNA polymerase II transcription subunit 17	324624
Q9NVD7	Q9NVD7	PARVA_HUMAN	PARVA	Alpha-parvin	798805
Q9NVE7	Q9NVE7	PANK4_HUMAN	PANK4	4'-phosphopantetheine phosphatase	123245
Q9NVF7	Q9NVF7	FBX28_HUMAN	FBXO28	F-box only protein 28	34692
Q9NVG8	Q9NVG8;Q9NVG8-3	TBC13_HUMAN	TBC1D13	TBC1 domain family member 13	771195
Q9NVH0	Q9NVH0;Q9NVH0-2	EXD2_HUMAN	EXD2	Exonuclease 3'-5' domain-containing protein 2	1.1461e+06
Q9NVH1	Q9NVH1;Q9NVH1-3	DJC11_HUMAN	DNAJC11	DnaJ homolog subfamily C member 11	718829
Q9NVH2;Q9NVH2-2;Q9NVH2-3	Q9NVH2;Q9NVH2-2;Q9NVH2-3;Q9NVH2-4	INT7_HUMAN	INTS7	Integrator complex subunit 7	478706
Q9NVI1	Q9NVI1;Q9NVI1-2;Q9NVI1-1	FANCI_HUMAN	FANCI	Fanconi anemia group I protein	797680
Q9NVI7-2	Q9NVI7;Q9NVI7-2;Q9NVI7-3	ATD3A_HUMAN	ATAD3A	Isoform 2 of ATPase family AAA domain-containing protein 3A	585130
Q9NVJ2	Q9NVJ2	ARL8B_HUMAN	ARL8B	ADP-ribosylation factor-like protein 8B	758014
Q9NVK5;Q9NVK5-2	Q9NVK5;Q9NVK5-2;Q9NVK5-3	FGOP2_HUMAN	FGFR1OP2	FGFR1 oncogene partner 2	232835
Q9NVM4;Q9NVM4-3;Q9NVM4-4	Q9NVM4;Q9NVM4-2;Q9NVM4-3;Q9NVM4-4	ANM7_HUMAN	PRMT7	Protein arginine N-methyltransferase 7	63105
Q9NVM6	Q9NVM6	DJC17_HUMAN	DNAJC17	DnaJ homolog subfamily C member 17	174300
Q9NVM9	Q9NVM9	INT13_HUMAN	INTS13	Integrator complex subunit 13	769103
Q9NVN8	Q9NVN8	GNL3L_HUMAN	GNL3L	Guanine nucleotide-binding protein-like 3-like protein	1.177e+06
Q9NVP1	Q9NVP1	DDX18_HUMAN	DDX18	ATP-dependent RNA helicase DDX18	4.05878e+06
Q9NVP2	Q9NVP2	ASF1B_HUMAN	ASF1B	Histone chaperone ASF1B	186949
Q9NVQ4;Q9NVQ4-2;Q9NVQ4-3	Q9NVQ4;Q9NVQ4-2;Q9NVQ4-3	FAIM1_HUMAN	FAIM	Fas apoptotic inhibitory molecule 1	82925
Q9NVR0	Q9NVR0	KLH11_HUMAN	KLHL11	Kelch-like protein 11	74582
Q9NVR2	Q9NVR2	INT10_HUMAN	INTS10	Integrator complex subunit 10	271269
Q9NVR5	Q9NVR5;Q9NVR5-2	KTU_HUMAN	DNAAF2	Protein kintoun	79080
Q9NVS2	Q9NVS2;Q9NVS2-2;Q9NVS2-3	RT18A_HUMAN	MRPS18A	39S ribosomal protein S18a, mitochondrial	613806
Q9NVS9;Q9NVS9-3	Q9NVS9;Q9NVS9-3	PNPO_HUMAN	PNPO	Pyridoxine-5'-phosphate oxidase	1.20327e+06
Q9NVT9	Q9NVT9;Q9NVT9-2	ARMC1_HUMAN	ARMC1	Armadillo repeat-containing protein 1	177127
Q9NVU0;Q9NVU0-5	Q9NVU0;Q9NVU0-5	RPC5_HUMAN	POLR3E	DNA-directed RNA polymerase III subunit RPC5	686816
Q9NVU7	Q9NVU7;Q9NVU7-2	SDA1_HUMAN	SDAD1	Protein SDA1 homolog	1.38179e+06
Q9NVV0	Q9NVV0	TM38B_HUMAN	TMEM38B	Trimeric intracellular cation channel type B	18641
Q9NVV4-2	Q9NVV4;Q9NVV4-2	PAPD1_HUMAN	MTPAP	Isoform 2 of Poly(A) RNA polymerase, mitochondrial	174971
Q9NVW2	Q9NVW2;Q9NVW2-2	RNF12_HUMAN	RLIM	E3 ubiquitin-protein ligase RLIM	21368
Q9NVX0	Q9NVX0;Q9NVX0-2;Q9NVX0-3	HAUS2_HUMAN	HAUS2	HAUS augmin-like complex subunit 2	219367
Q9NVX2	Q9NVX2	NLE1_HUMAN	NLE1	Notchless protein homolog 1	804479
Q9NVX7;Q9NVX7-2	Q9NVX7;Q9NVX7-2	KBTB4_HUMAN	KBTBD4	Kelch repeat and BTB domain-containing protein 4	123719
Q9NVZ3	Q9NVZ3;Q9NVZ3-2;Q9NVZ3-3;Q9NVZ3-4	NECP2_HUMAN	NECAP2	Adaptin ear-binding coat-associated protein 2	155159
Q9NW08;Q9NW08-2	Q9NW08;Q9NW08-2	RPC2_HUMAN	POLR3B	DNA-directed RNA polymerase III subunit RPC2	449102
Q9NW13	Q9NW13;Q9NW13-2	RBM28_HUMAN	RBM28	RNA-binding protein 28	2.73748e+06
Q9NW15;Q9NW15-2	Q9NW15;Q9NW15-2;Q9NW15-5	ANO10_HUMAN	ANO10	Anoctamin-10	177907
Q9NW38;Q9NW38-2	Q9NW38;Q9NW38-2	FANCL_HUMAN	FANCL	E3 ubiquitin-protein ligase FANCL	40230
Q9NW64	Q9NW64;Q9NW64-2	RBM22_HUMAN	RBM22	Pre-mRNA-splicing factor RBM22	899680
Q9NW68;Q9NW68-3;Q9NW68-4;Q9NW68-7;Q9NW68-8;Q9NW68-9	Q9NW68;Q9NW68-2;Q9NW68-3;Q9NW68-4;Q9NW68-7;Q9NW68-8;Q9NW68-9	BSDC1_HUMAN	BSDC1	BSD domain-containing protein 1	28198
Q9NW75	Q9NW75	GPTC2_HUMAN	GPATCH2	G patch domain-containing protein 2	258569
Q9NW81;Q9NW81-4;Q9NW81-5	Q9NW81;Q9NW81-4;Q9NW81-5	DMAC2_HUMAN	DMAC2	Distal membrane-arm assembly complex protein 2	212303
Q9NW82	Q9NW82	WDR70_HUMAN	WDR70	WD repeat-containing protein 70	1.08173e+06
Q9NW97	Q9NW97	TMM51_HUMAN	TMEM51	Transmembrane protein 51	22495
Q9NWB1;Q9NWB1-2;Q9NWB1-3;Q9NWB1-4;Q9NWB1-5	Q9NWB1;Q9NWB1-2;Q9NWB1-3;Q9NWB1-4;Q9NWB1-5	RFOX1_HUMAN	RBFOX1	RNA binding protein fox-1 homolog 1	504469
Q9NWB6	Q9NWB6;Q9NWB6-2;Q9NWB6-3	ARGL1_HUMAN	ARGLU1	Arginine and glutamate-rich protein 1	348760
Q9NWD8	Q9NWD8	TM248_HUMAN	TMEM248	Transmembrane protein 248	30950
Q9NWH9	Q9NWH9;Q9NWH9-3	SLTM_HUMAN	SLTM	SAFB-like transcription modulator	1.71448e+06
Q9NWK9	Q9NWK9	BCD1_HUMAN	ZNHIT6	Box C/D snoRNA protein 1	110466
Q9NWL6	Q9NWL6	ASND1_HUMAN	ASNSD1	Asparagine synthetase domain-containing protein 1	126607
Q9NWM0;Q9NWM0-2;Q9NWM0-4;Q9NWM0-6	Q9NWM0;Q9NWM0-2;Q9NWM0-4;Q9NWM0-6	SMOX_HUMAN	SMOX	Spermine oxidase	25329
Q9NWS0	Q9NWS0	PIHD1_HUMAN	PIH1D1	PIH1 domain-containing protein 1	419279
Q9NWS8;Q9NWS8-2	Q9NWS8;Q9NWS8-2	RMND1_HUMAN	RMND1	Required for meiotic nuclear division protein 1 homolog	68048
Q9NWT1	Q9NWT1	PK1IP_HUMAN	PAK1IP1	p21-activated protein kinase-interacting protein 1	1.22972e+06
Q9NWT6	Q9NWT6	HIF1N_HUMAN	HIF1AN	Hypoxia-inducible factor 1-alpha inhibitor	105128
Q9NWU1	Q9NWU1;Q9NWU1-2	OXSM_HUMAN	OXSM	3-oxoacyl-[acyl-carrier-protein] synthase, mitochondrial	291915
Q9NWU2	Q9NWU2	GID8_HUMAN	GID8	Glucose-induced degradation protein 8 homolog	85849
Q9NWU5	Q9NWU5;Q9NWU5-2;Q9NWU5-3	RM22_HUMAN	MRPL22	39S ribosomal protein L22, mitochondrial	632691
Q9NWV4	Q9NWV4	CZIB_HUMAN	CZIB	CXXC motif containing zinc binding protein	901928
Q9NWV8	Q9NWV8	BABA1_HUMAN	BABAM1	BRISC and BRCA1-A complex member 1	662499
Q9NWW5	Q9NWW5	CLN6_HUMAN	CLN6	Ceroid-lipofuscinosis neuronal protein 6	93777
Q9NWW6	Q9NWW6	NRK1_HUMAN	NMRK1	Nicotinamide riboside kinase 1	39726
Q9NWX5;Q9NWX5-2	Q9NWX5;Q9NWX5-2	ASB6_HUMAN	ASB6	Ankyrin repeat and SOCS box protein 6	13276
Q9NWX6	Q9NWX6	THG1_HUMAN	THG1L	Probable tRNA(His) guanylyltransferase	233694
Q9NWY4	Q9NWY4	HPF1_HUMAN	HPF1	Histone PARylation factor 1	779997
Q9NWZ3	Q9NWZ3;Q9NWZ3-2	IRAK4_HUMAN	IRAK4	Interleukin-1 receptor-associated kinase 4	148600
Q9NWZ5	Q9NWZ5;Q9NWZ5-2;Q9NWZ5-3;Q9NWZ5-4	UCKL1_HUMAN	UCKL1	Uridine-cytidine kinase-like 1	225550
Q9NX00	Q9NX00	TM160_HUMAN	TMEM160	Transmembrane protein 160	130049
Q9NX01	Q9NX01	TXN4B_HUMAN	TXNL4B	Thioredoxin-like protein 4B	14709
Q9NX05	Q9NX05	F120C_HUMAN	FAM120C	Constitutive coactivator of PPAR-gamma-like protein 2	1.90871e+06
Q9NX05;Q9NZB2;Q9NZB2-6	Q9NZB2;Q9NZB2-2;Q9NZB2-4;Q9NZB2-5;Q9NZB2-6;Q9NX05	F120A_HUMAN;F120C_HUMAN	FAM120A;FAM120C	Constitutive coactivator of PPAR-gamma-like protein 2	202397
Q9NX07;Q9NX07-2	Q9NX07;Q9NX07-2	TSAP1_HUMAN	TRNAU1AP	tRNA selenocysteine 1-associated protein 1	20216
Q9NX08	Q9NX08	COMD8_HUMAN	COMMD8	COMM domain-containing protein 8	130055
Q9NX14;Q9NX14-2	Q9NX14;Q9NX14-2	NDUBB_HUMAN	NDUFB11	NADH dehydrogenase [ubiquinone] 1 beta subcomplex subunit 11, mitochondrial	916804
Q9NX18	Q9NX18	SDHF2_HUMAN	SDHAF2	Succinate dehydrogenase assembly factor 2, mitochondrial	84599
Q9NX20	Q9NX20	RM16_HUMAN	MRPL16	39S ribosomal protein L16, mitochondrial	795888
Q9NX24	Q9NX24	NHP2_HUMAN	NHP2	H/ACA ribonucleoprotein complex subunit 2	2.39232e+06
Q9NX31	Q9NX31	OSER1_HUMAN	OSER1	Oxidative stress-responsive serine-rich protein 1	126275
Q9NX40	Q9NX40;Q9NX40-2;Q9NX40-3;Q9NX40-4	OCAD1_HUMAN	OCIAD1	OCIA domain-containing protein 1	1.3459e+06
Q9NX46	Q9NX46	ARHL2_HUMAN	ADPRHL2	ADP-ribose glycohydrolase ARH3	487664
Q9NX47	Q9NX47	MARH5_HUMAN	MARCHF5	E3 ubiquitin-protein ligase MARCHF5	264928
Q9NX55	Q9NX55	HYPK_HUMAN	HYPK	Huntingtin-interacting protein K	458731
Q9NX58	Q9NX58	LYAR_HUMAN	LYAR	Cell growth-regulating nucleolar protein	1.21675e+06
Q9NX61;Q9NX61-2	Q9NX61;Q9NX61-2	T161A_HUMAN	TMEM161A	Transmembrane protein 161A	52300
Q9NX62	Q9NX62	IMPA3_HUMAN	IMPAD1	Golgi-resident adenosine 3',5'-bisphosphate 3'-phosphatase	280812
Q9NX63	Q9NX63	MIC19_HUMAN	CHCHD3	MICOS complex subunit MIC19	3.14485e+06
Q9NX70	Q9NX70;Q9NX70-2	MED29_HUMAN	MED29	Mediator of RNA polymerase II transcription subunit 29	124404
Q9NX74	Q9NX74	DUS2L_HUMAN	DUS2	tRNA-dihydrouridine(20) synthase [NAD(P)+]-like	5.55105e+06
Q9NXA8;Q9NXA8-2;Q9NXA8-4	Q9NXA8;Q9NXA8-2;Q9NXA8-3;Q9NXA8-4	SIR5_HUMAN	SIRT5	NAD-dependent protein deacylase sirtuin-5, mitochondrial	381018
Q9NXB9;Q9NYP7;Q9NYP7-2	Q9NXB9;Q9NYP7;Q9NYP7-2	ELOV2_HUMAN;ELOV5_HUMAN	ELOVL2;ELOVL5	Elongation of very long chain fatty acids protein 2	75632
Q9NXC2;Q9NXC2-2	Q9NXC2;Q9NXC2-2	GFOD1_HUMAN	GFOD1	Glucose-fructose oxidoreductase domain-containing protein 1	37584
Q9NXC5	Q9NXC5;Q9NXC5-2	MIO_HUMAN	MIOS	GATOR complex protein MIOS	235430
Q9NXE4;Q9NXE4-2;Q9NXE4-4	Q9NXE4;Q9NXE4-2;Q9NXE4-3;Q9NXE4-4;Q9NXE4-5;Q9NXE4-6;Q9NXE4-7;Q9NXE4-8;Q9NXE4-9;Q9NXE4-10	NSMA3_HUMAN	SMPD4	Sphingomyelin phosphodiesterase 4	1.32736e+06
Q9NXE8	Q9NXE8	CWC25_HUMAN	CWC25	Pre-mRNA-splicing factor CWC25 homolog	90682
Q9NXF1;Q9NXF1-2	Q9NXF1;Q9NXF1-2	TEX10_HUMAN	TEX10	Testis-expressed protein 10	1.84572e+06
Q9NXF7	Q9NXF7	DCA16_HUMAN	DCAF16	DDB1- and CUL4-associated factor 16	180789
Q9NXG0;Q9NXG0-2	Q9NXG0;Q9NXG0-2;Q9NXG0-3	CNTLN_HUMAN	CNTLN	Centlein	193550
Q9NXG2	Q9NXG2	THUM1_HUMAN	THUMPD1	THUMP domain-containing protein 1	849672
Q9NXG6;Q9NXG6-2;Q9NXG6-3	Q9NXG6;Q9NXG6-2;Q9NXG6-3	P4HTM_HUMAN	P4HTM	Transmembrane prolyl 4-hydroxylase	62602
Q9NXH8	Q9NXH8	TOR4A_HUMAN	TOR4A	Torsin-4A	503518
Q9NXH9;Q9NXH9-2	Q9NXH9;Q9NXH9-2	TRM1_HUMAN	TRMT1	tRNA (guanine(26)-N(2))-dimethyltransferase	1.28945e+06
Q9NXK8;Q9NXK8-2	Q9NXK8;Q9NXK8-2	FXL12_HUMAN	FBXL12	F-box/LRR-repeat protein 12	34447
Q9NXN4;Q9NXN4-2	Q9NXN4;Q9NXN4-2	GDAP2_HUMAN	GDAP2	Ganglioside-induced differentiation-associated protein 2	197774
Q9NXR1;Q9NXR1-1	Q9NXR1;Q9NXR1-1	NDE1_HUMAN	NDE1	Nuclear distribution protein nudE homolog 1	87556
Q9NXR7	Q9NXR7;Q9NXR7-1;Q9NXR7-3;Q9NXR7-4	BABA2_HUMAN	BABAM2	BRISC and BRCA1-A complex member 2	971771
Q9NXS2;Q9NXS2-3	Q9NXS2;Q9NXS2-3	QPCTL_HUMAN	QPCTL	Glutaminyl-peptide cyclotransferase-like protein	296266
Q9NXU5	Q9NXU5	ARL15_HUMAN	ARL15	ADP-ribosylation factor-like protein 15	8278
Q9NXV6	Q9NXV6	CARF_HUMAN	CDKN2AIP	CDKN2A-interacting protein	1.26046e+06
Q9NXW2	Q9NXW2;Q9NXW2-2	DJB12_HUMAN	DNAJB12	DnaJ homolog subfamily B member 12	1.0874e+06
Q9NXW9	Q9NXW9	ALKB4_HUMAN	ALKBH4	Alpha-ketoglutarate-dependent dioxygenase alkB homolog 4	95426
Q9NXX6	Q9NXX6	NSE4A_HUMAN	NSMCE4A	Non-structural maintenance of chromosomes element 4 homolog A	2.58615e+06
Q9NY12;Q9NY12-2	Q9NY12;Q9NY12-2	GAR1_HUMAN	GAR1	H/ACA ribonucleoprotein complex subunit 1	1.77755e+06
Q9NY15	Q9NY15;Q9NY15-2	STAB1_HUMAN	STAB1	Stabilin-1	892046
Q9NY26;Q9NY26-2	Q9NY26;Q9NY26-2	S39A1_HUMAN	SLC39A1	Zinc transporter ZIP1	219958
Q9NY27	Q9NY27;Q9NY27-2;Q9NY27-3	PP4R2_HUMAN	PPP4R2	Serine/threonine-protein phosphatase 4 regulatory subunit 2	662877
Q9NY33;Q9NY33-4	Q9NY33;Q9NY33-2;Q9NY33-4	DPP3_HUMAN	DPP3	Dipeptidyl peptidase 3	3.53225e+06
Q9NY35;Q9NY35-2	Q9NY35;Q9NY35-2	CLDN1_HUMAN	CLDND1	Claudin domain-containing protein 1	85521
Q9NY61	Q9NY61	AATF_HUMAN	AATF	Protein AATF	1.36489e+06
Q9NY65;Q9NY65-2	Q9NY65;Q9NY65-2	TBA8_HUMAN	TUBA8	Tubulin alpha-8 chain	11015
Q9NY93;Q9NY93-2	Q9NY93;Q9NY93-2	DDX56_HUMAN	DDX56	Probable ATP-dependent RNA helicase DDX56	1.17746e+06
Q9NYB0	Q9NYB0	TE2IP_HUMAN	TERF2IP	Telomeric repeat-binding factor 2-interacting protein 1	489309
Q9NYB9;Q9NYB9-2;Q9NYB9-4	Q9NYB9;Q9NYB9-2;Q9NYB9-4	ABI2_HUMAN	ABI2	Abl interactor 2	158843
Q9NYF8;Q9NYF8-2	Q9NYF8;Q9NYF8-2;Q9NYF8-3;Q9NYF8-4	BCLF1_HUMAN	BCLAF1	Bcl-2-associated transcription factor 1	3.71747e+06
Q9NYF8;Q9NYF8-2;Q9Y2W1	Q9Y2W1;Q9NYF8;Q9NYF8-2;Q9NYF8-4	BCLF1_HUMAN;TR150_HUMAN	BCLAF1;THRAP3	Bcl-2-associated transcription factor 1	148936
Q9NYH9	Q9NYH9	UTP6_HUMAN	UTP6	U3 small nucleolar RNA-associated protein 6 homolog	1.56853e+06
Q9NYJ1;Q9NYJ1-2	Q9NYJ1;Q9NYJ1-2	COA4_HUMAN	COA4	Cytochrome c oxidase assembly factor 4 homolog, mitochondrial	91875
Q9NYJ8	Q9NYJ8;Q9NYJ8-2	TAB2_HUMAN	TAB2	TGF-beta-activated kinase 1 and MAP3K7-binding protein 2	34953
Q9NYK5;Q9NYK5-2	Q9NYK5;Q9NYK5-2	RM39_HUMAN	MRPL39	39S ribosomal protein L39, mitochondrial	976116
Q9NYL2	Q9NYL2	M3K20_HUMAN	MAP3K20	Mitogen-activated protein kinase kinase kinase 20	389116
Q9NYL4;Q9NYL4-2	Q9NYL4;Q9NYL4-2	FKB11_HUMAN	FKBP11	Peptidyl-prolyl cis-trans isomerase FKBP11	1.32916e+06
Q9NYL9	Q9NYL9	TMOD3_HUMAN	TMOD3	Tropomodulin-3	2.53541e+06
Q9NYL9;Q9NZR1	Q9NYL9;Q9NZR1	TMOD2_HUMAN;TMOD3_HUMAN	TMOD2;TMOD3	Tropomodulin-3	35078
Q9NYM9	Q9NYM9	BET1L_HUMAN	BET1L	BET1-like protein	52195
Q9NYP3	Q9NYP3;Q9NYP3-2;Q9NYP3-3	DONS_HUMAN	DONSON	Protein downstream neighbor of Son	1.00014e+06
Q9NYR9;Q9NYR9-2;Q9NYR9-3	Q9NYR9;Q9NYR9-2;Q9NYR9-3	KBRS2_HUMAN	NKIRAS2	NF-kappa-B inhibitor-interacting Ras-like protein 2	17971
Q9NYT0	Q9NYT0	PLEK2_HUMAN	PLEK2	Pleckstrin-2	396873
Q9NYU1	Q9NYU1	UGGG2_HUMAN	UGGT2	UDP-glucose:glycoprotein glucosyltransferase 2	670682
Q9NYU1;Q9NYU2;Q9NYU2-2	Q9NYU1;Q9NYU2;Q9NYU2-2	UGGG1_HUMAN;UGGG2_HUMAN	UGGT1;UGGT2	UDP-glucose:glycoprotein glucosyltransferase 2	129422
Q9NYU2;Q9NYU2-2	Q9NYU2;Q9NYU2-2	UGGG1_HUMAN	UGGT1	UDP-glucose:glycoprotein glucosyltransferase 1	5.27398e+06
Q9NYV4;Q9NYV4-2	Q9NYV4;Q9NYV4-2	CDK12_HUMAN	CDK12	Cyclin-dependent kinase 12	518852
Q9NYV6;Q9NYV6-3	A6NIE6;Q9NYV6;Q9NYV6-3;Q9NYV6-4	RRN3_HUMAN	RRN3	RNA polymerase I-specific transcription initiation factor RRN3	64235
Q9NYX4	Q9NYX4	CALY_HUMAN	CALY	Neuron-specific vesicular protein calcyon	289748
Q9NYY8;Q9NYY8-2	Q9NYY8;Q9NYY8-2	FAKD2_HUMAN	FASTKD2	FAST kinase domain-containing protein 2, mitochondrial	1.9502e+06
Q9NYZ3	Q9NYZ3	GTSE1_HUMAN	GTSE1	G2 and S phase-expressed protein 1	501108
Q9NZ01	Q9NZ01	TECR_HUMAN	TECR	Very-long-chain enoyl-CoA reductase	1.71224e+06
Q9NZ08;Q9NZ08-2	Q9NZ08;Q9NZ08-2	ERAP1_HUMAN	ERAP1	Endoplasmic reticulum aminopeptidase 1	1.69659e+06
Q9NZ09;Q9NZ09-2;Q9NZ09-3;Q9NZ09-4	Q9NZ09;Q9NZ09-2;Q9NZ09-3;Q9NZ09-4	UBAP1_HUMAN	UBAP1	Ubiquitin-associated protein 1	255871
Q9NZ32	Q9NZ32	ARP10_HUMAN	ACTR10	Actin-related protein 10	316722
Q9NZ42	Q9NZ42	PEN2_HUMAN	PSENEN	Gamma-secretase subunit PEN-2	64861
Q9NZ43	Q9NZ43;Q9NZ43-2;Q9NZ43-3	USE1_HUMAN	USE1	Vesicle transport protein USE1	372210
Q9NZ45	Q9NZ45	CISD1_HUMAN	CISD1	CDGSH iron-sulfur domain-containing protein 1	2.3267e+06
Q9NZ52	Q9NZ52;Q9NZ52-2;Q9NZ52-3;Q9NZ52-4	GGA3_HUMAN	GGA3	ADP-ribosylation factor-binding protein GGA3	200047
Q9NZ52;Q9UJY4;Q9UJY5;Q9UJY5-3;Q9UJY5-4;Q9UJY5-6	Q9UJY5;Q9UJY5-3;Q9UJY5-4;Q9UJY5-6;Q9UJY4;Q9NZ52;Q9NZ52-4	GGA1_HUMAN;GGA2_HUMAN;GGA3_HUMAN	GGA1;GGA2;GGA3	ADP-ribosylation factor-binding protein GGA3	86976
Q9NZ63	Q9NZ63	TLS1_HUMAN	C9orf78	Telomere length and silencing protein 1 homolog	482044
Q9NZB2;Q9NZB2-6	Q9NZB2;Q9NZB2-2;Q9NZB2-4;Q9NZB2-5;Q9NZB2-6	F120A_HUMAN	FAM120A	Constitutive coactivator of PPAR-gamma-like protein 1	4.00781e+06
Q9NZC3	Q9NZC3	GDE1_HUMAN	GDE1	Glycerophosphodiester phosphodiesterase 1	77773
Q9NZC7;Q9NZC7-2	Q9NZC7;Q9NZC7-2	WWOX_HUMAN	WWOX	WW domain-containing oxidoreductase	178692
Q9NZC9	Q9NZC9	SMAL1_HUMAN	SMARCAL1	SWI/SNF-related matrix-associated actin-dependent regulator of chromatin subfamily A-like protein 1	167731
Q9NZD2	Q9NZD2	GLTP_HUMAN	GLTP	Glycolipid transfer protein	152691
Q9NZD8	Q9NZD8;Q9NZD8-2	SPG21_HUMAN	SPG21	Maspardin	513899
Q9NZE8	Q9NZE8	RM35_HUMAN	MRPL35	39S ribosomal protein L35, mitochondrial	252946
Q9NZI6	Q9NZI6	TF2L1_HUMAN	TFCP2L1	Transcription factor CP2-like protein 1	49503
Q9NZI7	Q9NZI7	UBIP1_HUMAN	UBP1	Upstream-binding protein 1	147919
Q9NZI8	Q9NZI8	IF2B1_HUMAN	IGF2BP1	Insulin-like growth factor 2 mRNA-binding protein 1	2.29114e+06
Q9NZJ0	Q9NZJ0;Q9NZJ0-2	DTL_HUMAN	DTL	Denticleless protein homolog	94924
Q9NZJ4;Q9NZJ4-2	Q9NZJ4;Q9NZJ4-2	SACS_HUMAN	SACS	Sacsin	1.12216e+06
Q9NZJ5	Q9NZJ5	E2AK3_HUMAN	EIF2AK3	Eukaryotic translation initiation factor 2-alpha kinase 3	252261
Q9NZJ6	Q9NZJ6	COQ3_HUMAN	COQ3	Ubiquinone biosynthesis O-methyltransferase, mitochondrial	180863
Q9NZJ7;Q9NZJ7-2	Q9NZJ7;Q9NZJ7-2;Q9NZJ7-3	MTCH1_HUMAN	MTCH1	Mitochondrial carrier homolog 1	531153
Q9NZJ9	Q9NZJ9;Q9NZJ9-2;A0A024RBG1	NUDT4_HUMAN	NUDT4	Diphosphoinositol polyphosphate phosphohydrolase 2	437120
Q9NZK5;Q9NZK5-2	Q9NZK5;Q9NZK5-2	ADA2_HUMAN	ADA2	Adenosine deaminase 2	31667
Q9NZL4;Q9NZL4-3	Q9NZL4;Q9NZL4-2;Q9NZL4-3	HPBP1_HUMAN	HSPBP1	Hsp70-binding protein 1	1.43343e+06
Q9NZL9	Q9NZL9;Q9NZL9-2;Q9NZL9-4	MAT2B_HUMAN	MAT2B	Methionine adenosyltransferase 2 subunit beta	3.22544e+06
Q9NZM1;Q9NZM1-6	Q9NZM1;Q9NZM1-2;Q9NZM1-3;Q9NZM1-5;Q9NZM1-6	MYOF_HUMAN	MYOF	Myoferlin	8.62232e+06
Q9NZM3;Q9NZM3-2	Q9NZM3;Q9NZM3-2;Q9NZM3-3;Q9NZM3-4	ITSN2_HUMAN	ITSN2	Intersectin-2	1.55922e+06
Q9NZM5	Q9NZM5	NOP53_HUMAN	NOP53	Ribosome biogenesis protein NOP53	569060
Q9NZN3	Q9NZN3	EHD3_HUMAN	EHD3	EH domain-containing protein 3	706986
Q9NZN4	Q9NZN4;Q9NZN4-2	EHD2_HUMAN	EHD2	EH domain-containing protein 2	1.04836e+06
Q9NZN5;Q9NZN5-2	Q9NZN5;Q9NZN5-2	ARHGC_HUMAN	ARHGEF12	Rho guanine nucleotide exchange factor 12	1.38218e+06
Q9NZN8;Q9NZN8-4	Q9NZN8;Q9NZN8-4;Q9NZN8-5	CNOT2_HUMAN	CNOT2	CCR4-NOT transcription complex subunit 2	338528
Q9NZQ3;Q9NZQ3-3	Q9NZQ3;Q9NZQ3-2;Q9NZQ3-3;Q9NZQ3-4;Q9NZQ3-5	SPN90_HUMAN	NCKIPSD	NCK-interacting protein with SH3 domain	348608
Q9NZT2;Q9NZT2-2	Q9NZT2;Q9NZT2-2	OGFR_HUMAN	OGFR	Opioid growth factor receptor	1.46053e+06
Q9NZW5	Q9NZW5	MPP6_HUMAN	MPP6	MAGUK p55 subfamily member 6	490007
Q9NZZ3	Q9NZZ3;Q9NZZ3-2	CHMP5_HUMAN	CHMP5	Charged multivesicular body protein 5	456724
Q9P000	Q9P000;Q9P000-2	COMD9_HUMAN	COMMD9	COMM domain-containing protein 9	575720
Q9P003	Q9P003	CNIH4_HUMAN	CNIH4	Protein cornichon homolog 4	44956
Q9P013	Q9P013	CWC15_HUMAN	CWC15	Spliceosome-associated protein CWC15 homolog	252056
Q9P015	Q9P015	RM15_HUMAN	MRPL15	39S ribosomal protein L15, mitochondrial	1.42647e+06
Q9P016	Q9P016	THYN1_HUMAN	THYN1	Thymocyte nuclear protein 1	1.04058e+06
Q9P031	Q9P031	TAP26_HUMAN	CCDC59	Thyroid transcription factor 1-associated protein 26	355708
Q9P032	Q9P032	NDUF4_HUMAN	NDUFAF4	NADH dehydrogenase [ubiquinone] 1 alpha subcomplex assembly factor 4	598103
Q9P035	Q9P035	HACD3_HUMAN	HACD3	Very-long-chain (3R)-3-hydroxyacyl-CoA dehydratase 3	2.27258e+06
Q9P0I2	Q9P0I2;Q9P0I2-2	EMC3_HUMAN	EMC3	ER membrane protein complex subunit 3	1.06454e+06
Q9P0J0	Q9P0J0;Q9P0J0-2	NDUAD_HUMAN	NDUFA13	NADH dehydrogenase [ubiquinone] 1 alpha subcomplex subunit 13	1.16675e+06
Q9P0J1;Q9P0J1-2	Q9P0J1;Q9P0J1-2	PDP1_HUMAN	PDP1	[Pyruvate dehydrogenase [acetyl-transferring]]-phosphatase 1, mitochondrial	127295
Q9P0J7	Q9P0J7	KCMF1_HUMAN	KCMF1	E3 ubiquitin-protein ligase KCMF1	34740
Q9P0K7;Q9P0K7-2;Q9P0K7-3;Q9P0K7-4	Q9P0K7;Q9P0K7-2;Q9P0K7-3;Q9P0K7-4	RAI14_HUMAN	RAI14	Ankycorbin	958532
Q9P0L0	Q9P0L0;Q9P0L0-2	VAPA_HUMAN	VAPA	Vesicle-associated membrane protein-associated protein A	7.83759e+06
Q9P0M9	Q9P0M9	RM27_HUMAN	MRPL27	39S ribosomal protein L27, mitochondrial	383270
Q9P0R6	Q9P0R6	GSKIP_HUMAN	GSKIP	GSK3B-interacting protein	98248
Q9P0S2	Q9P0S2	COX16_HUMAN	COX16	Cytochrome c oxidase assembly protein COX16 homolog, mitochondrial	49229
Q9P0S9	Q9P0S9	TM14C_HUMAN	TMEM14C	Transmembrane protein 14C	13211
Q9P0T7	Q9P0T7	TMEM9_HUMAN	TMEM9	Transmembrane protein 9	37912
Q9P0U1	Q9P0U1	TOM7_HUMAN	TOMM7	Mitochondrial import receptor subunit TOM7 homolog	17189
Q9P0U3;Q9P0U3-2	Q9P0U3;Q9P0U3-2	SENP1_HUMAN	SENP1	Sentrin-specific protease 1	276534
Q9P0U4;Q9P0U4-2	Q9P0U4;Q9P0U4-2	CXXC1_HUMAN	CXXC1	CXXC-type zinc finger protein 1	844837
Q9P0V3	Q9P0V3	SH3B4_HUMAN	SH3BP4	SH3 domain-binding protein 4	858319
Q9P0V9;Q9P0V9-2	Q9P0V9;Q9P0V9-2	SEP10_HUMAN	SEPTIN10	Septin-10	1.09874e+06
Q9P0W2	Q9P0W2	HM20B_HUMAN	HMG20B	SWI/SNF-related matrix-associated actin-dependent regulator of chromatin subfamily E member 1-related	278575
Q9P107;Q9P107-2	Q9P107;Q9P107-2	GMIP_HUMAN	GMIP	GEM-interacting protein	15598
Q9P1F3	Q9P1F3	ABRAL_HUMAN	ABRACL	Costars family protein ABRACL	66922
Q9P1T7;Q9P1T7-1	Q9P1T7;Q9P1T7-1	MDFIC_HUMAN	MDFIC	MyoD family inhibitor domain-containing protein	7858
Q9P1U1;Q9P1U1-2	Q9P1U1;Q9P1U1-2	ARP3B_HUMAN	ACTR3B	Actin-related protein 3B	73380
Q9P1Y5	Q9P1Y5;Q9P1Y5-2	CAMP3_HUMAN	CAMSAP3	Calmodulin-regulated spectrin-associated protein 3	480192
Q9P1Y6;Q9P1Y6-2;Q9P1Y6-3	Q9P1Y6;Q9P1Y6-2;Q9P1Y6-3	PHRF1_HUMAN	PHRF1	PHD and RING finger domain-containing protein 1	73088
Q9P1Z2;Q9P1Z2-2;Q9P1Z2-3	Q9P1Z2;Q9P1Z2-2;Q9P1Z2-3	CACO1_HUMAN	CALCOCO1	Calcium-binding and coiled-coil domain-containing protein 1	45740
Q9P206;Q9P206-2;Q9P206-3	Q9P206;Q9P206-2;Q9P206-3	K1522_HUMAN	KIAA1522	Uncharacterized protein KIAA1522	157216
Q9P212	Q9P212	PLCE1_HUMAN	PLCE1	1-phosphatidylinositol 4,5-bisphosphate phosphodiesterase epsilon-1	112637
Q9P215	Q9P215	POGK_HUMAN	POGK	Pogo transposable element with KRAB domain	32831
Q9P219	Q9P219	DAPLE_HUMAN	CCDC88C	Protein Daple	866384
Q9P227	Q9P227;Q9P227-2	RHG23_HUMAN	ARHGAP23	Rho GTPase-activating protein 23	58022
Q9P253	Q9P253	VPS18_HUMAN	VPS18	Vacuolar protein sorting-associated protein 18 homolog	641966
Q9P258	Q9P258	RCC2_HUMAN	RCC2	Protein RCC2	9.61767e+06
Q9P260	Q9P260;Q9P260-2	RELCH_HUMAN	RELCH	RAB11-binding protein RELCH	555350
Q9P265	Q9P265	DIP2B_HUMAN	DIP2B	Disco-interacting protein 2 homolog B	907874
Q9P270	Q9P270	SLAI2_HUMAN	SLAIN2	SLAIN motif-containing protein 2	227507
Q9P273	Q9P273	TEN3_HUMAN	TENM3	Teneurin-3	41820
Q9P275	Q9P275	UBP36_HUMAN	USP36	Ubiquitin carboxyl-terminal hydrolase 36	948213
Q9P278;Q9P278-2	Q9P278;Q9P278-2	FNIP2_HUMAN	FNIP2	Folliculin-interacting protein 2	639318
Q9P287	Q9P287	BCCIP_HUMAN	BCCIP	BRCA2 and CDKN1A-interacting protein	1.91078e+06
Q9P289	Q9P289;Q9P289-2;Q9P289-3	STK26_HUMAN	STK26	Serine/threonine-protein kinase 26	750367
Q9P289;Q9Y6E0	Q9Y6E0;Q9Y6E0-2;Q9P289;Q9P289-3	STK24_HUMAN;STK26_HUMAN	STK24;STK26	Serine/threonine-protein kinase 26	485514
Q9P291	Q9P291	ARMX1_HUMAN	ARMCX1	Armadillo repeat-containing X-linked protein 1	118317
Q9P2B2	Q9P2B2	FPRP_HUMAN	PTGFRN	Prostaglandin F2 receptor negative regulator	846240
Q9P2B4	Q9P2B4	CT2NL_HUMAN	CTTNBP2NL	CTTNBP2 N-terminal-like protein	139608
Q9P2B7;Q9P2B7-2	Q9P2B7;Q9P2B7-2	CFA97_HUMAN	CFAP97	Cilia- and flagella-associated protein 97	23130
Q9P2C4	Q9P2C4	TM181_HUMAN	TMEM181	Transmembrane protein 181	66519
Q9P2D0	Q9P2D0;Q9P2D0-3	IBTK_HUMAN	IBTK	Inhibitor of Bruton tyrosine kinase	539016
Q9P2D1	Q9P2D1;Q9P2D1-2;Q9P2D1-3	CHD7_HUMAN	CHD7	Chromodomain-helicase-DNA-binding protein 7	103823
Q9P2D3	Q9P2D3;Q9P2D3-3	HTR5B_HUMAN	HEATR5B	HEAT repeat-containing protein 5B	425275
Q9P2D8;Q9P2D8-3	Q9P2D8;Q9P2D8-2;Q9P2D8-3	UNC79_HUMAN	UNC79	Protein unc-79 homolog	2.65092e+06
Q9P2E3	Q9P2E3;Q9P2E3-2	ZNFX1_HUMAN	ZNFX1	NFX1-type zinc finger-containing protein 1	429765
Q9P2E9	Q9P2E9;Q9P2E9-3	RRBP1_HUMAN	RRBP1	Ribosome-binding protein 1	5.25982e+06
Q9P2F6;Q9P2F6-2;Q9P2F6-3;Q9P2F6-4	Q9P2F6;Q9P2F6-2;Q9P2F6-3;Q9P2F6-4	RHG20_HUMAN	ARHGAP20	Rho GTPase-activating protein 20	282689
Q9P2F8	Q9P2F8;Q9P2F8-2	SI1L2_HUMAN	SIPA1L2	Signal-induced proliferation-associated 1-like protein 2	2.1433e+06
Q9P2I0	Q9P2I0	CPSF2_HUMAN	CPSF2	Cleavage and polyadenylation specificity factor subunit 2	1.38498e+06
Q9P2J5	Q9P2J5;Q9P2J5-2	SYLC_HUMAN	LARS1	Leucine--tRNA ligase, cytoplasmic	7.59623e+06
Q9P2K2	Q9P2K2	TXD16_HUMAN	TXNDC16	Thioredoxin domain-containing protein 16	12796
Q9P2K3;Q9P2K3-3	Q9P2K3;Q9P2K3-3;Q9P2K3-4	RCOR3_HUMAN	RCOR3	REST corepressor 3	184922
Q9P2K3;Q9P2K3-3;Q9UKL0	Q9P2K3;Q9P2K3-2;Q9P2K3-3;Q9P2K3-4;Q9UKL0	RCOR1_HUMAN;RCOR3_HUMAN	RCOR1;RCOR3	REST corepressor 3	59924
Q9P2K5;Q9P2K5-2	Q9P2K5;Q9P2K5-2;Q9P2K5-4	MYEF2_HUMAN	MYEF2	Myelin expression factor 2	458849
Q9P2K8;Q9P2K8-2	Q9P2K8;Q9P2K8-2;Q9P2K8-3	E2AK4_HUMAN	EIF2AK4	eIF-2-alpha kinase GCN2	256962
Q9P2L0;Q9P2L0-2	Q9P2L0;Q9P2L0-2	WDR35_HUMAN	WDR35	WD repeat-containing protein 35	8870
Q9P2M7	Q9P2M7;Q9P2M7-2	CING_HUMAN	CGN	Cingulin	892422
Q9P2N5	Q9P2N5	RBM27_HUMAN	RBM27	RNA-binding protein 27	751977
Q9P2N6;Q9P2N6-3;Q9P2N6-4;Q9P2N6-5;Q9P2N6-6	Q9P2N6;Q9P2N6-3;Q9P2N6-4;Q9P2N6-5;Q9P2N6-6	KANL3_HUMAN	KANSL3	KAT8 regulatory NSL complex subunit 3	55529
Q9P2P1	Q9P2P1	NYNRI_HUMAN	NYNRIN	Protein NYNRIN	249251
Q9P2P6	Q9P2P6	STAR9_HUMAN	STARD9	StAR-related lipid transfer protein 9	829745
Q9P2Q2	Q9P2Q2	FRM4A_HUMAN	FRMD4A	FERM domain-containing protein 4A	107950
Q9P2R3;Q9P2R3-4	Q9P2R3;Q9P2R3-2;Q9P2R3-4	ANFY1_HUMAN	ANKFY1	Rabankyrin-5	1.67716e+06
Q9P2R7;Q9P2R7-2	Q9P2R7;Q9P2R7-2	SUCB1_HUMAN	SUCLA2	Succinate--CoA ligase [ADP-forming] subunit beta, mitochondrial	1.42677e+06
Q9P2S2	P58401;Q9P2S2;Q9ULB1-2;Q9ULB1-3;P58400	NRX2A_HUMAN	NRXN2	Neurexin-2	313173
Q9P2S5	Q9P2S5	WRP73_HUMAN	WRAP73	WD repeat-containing protein WRAP73	9184
Q9P2T1;Q9P2T1-2;Q9P2T1-3	Q9P2T1;Q9P2T1-2;Q9P2T1-3	GMPR2_HUMAN	GMPR2	GMP reductase 2	187031
Q9P2W1	Q9P2W1	HOP2_HUMAN	PSMC3IP	Homologous-pairing protein 2 homolog	45597
Q9P2W9	Q9P2W9	STX18_HUMAN	STX18	Syntaxin-18	154030
Q9P2X0;Q9P2X0-2	Q9P2X0;Q9P2X0-2	DPM3_HUMAN	DPM3	Dolichol-phosphate mannosyltransferase subunit 3	685982
Q9P2X3	Q9P2X3;Q9P2X3-2	IMPCT_HUMAN	IMPACT	Protein IMPACT	145329
Q9P2Y4	Q9P2Y4	ZN219_HUMAN	ZNF219	Zinc finger protein 219	41237
Q9P2Y5	Q9P2Y5	UVRAG_HUMAN	UVRAG	UV radiation resistance-associated gene protein	70729
Q9UBB4	Q9UBB4;Q9UBB4-2	ATX10_HUMAN	ATXN10	Ataxin-10	1.57123e+06
Q9UBB5	Q9UBB5;Q9UBB5-3	MBD2_HUMAN	MBD2	Methyl-CpG-binding domain protein 2	414389
Q9UBB6;Q9UBB6-3	Q9UBB6;Q9UBB6-2;Q9UBB6-3	NCDN_HUMAN	NCDN	Neurochondrin	378291
Q9UBB9	Q9UBB9	TFP11_HUMAN	TFIP11	Tuftelin-interacting protein 11	1.02514e+06
Q9UBC2;Q9UBC2-2;Q9UBC2-3	Q9UBC2;Q9UBC2-2;Q9UBC2-3;Q9UBC2-4	EP15R_HUMAN	EPS15L1	Epidermal growth factor receptor substrate 15-like 1	2.28331e+06
Q9UBD5;Q9UBD5-2	Q9UBD5;Q9UBD5-2;Q9UBD5-3	ORC3_HUMAN	ORC3	Origin recognition complex subunit 3	625539
Q9UBE0	Q9UBE0	SAE1_HUMAN	SAE1	SUMO-activating enzyme subunit 1	2.42962e+06
Q9UBF2	Q9UBF2;Q9UBF2-2	COPG2_HUMAN	COPG2	Coatomer subunit gamma-2	1.23454e+06
Q9UBF2;Q9Y678	Q9Y678;Q9UBF2;Q9UBF2-2	COPG1_HUMAN;COPG2_HUMAN	COPG1;COPG2	Coatomer subunit gamma-2	238095
Q9UBF8;Q9UBF8-2	Q9UBF8;Q9UBF8-2;Q9UBF8-3	PI4KB_HUMAN	PI4KB	Phosphatidylinositol 4-kinase beta	160065
Q9UBG0	Q9UBG0	MRC2_HUMAN	MRC2	C-type mannose receptor 2	9654
Q9UBH6	Q9UBH6;Q9UBH6-2	XPR1_HUMAN	XPR1	Xenotropic and polytropic retrovirus receptor 1	243704
Q9UBI1	Q9UBI1	COMD3_HUMAN	COMMD3	COMM domain-containing protein 3	368694
Q9UBI6	Q9UBI6	GBG12_HUMAN	GNG12	Guanine nucleotide-binding protein G(I)/G(S)/G(O) subunit gamma-12	1.06312e+06
Q9UBK7;Q9UBK7-2;Q9UBK7-3;Q9UNT1;Q9UNT1-2;Q9UNT1-3	Q9UBK7;Q9UBK7-2;Q9UBK7-3;Q9UNT1;Q9UNT1-2;Q9UNT1-3	RBL2A_HUMAN;RBL2B_HUMAN	RABL2A;RABL2B	Rab-like protein 2A	23967
Q9UBK8;Q9UBK8-1	Q9UBK8;Q9UBK8-1	MTRR_HUMAN	MTRR	Methionine synthase reductase	710630
Q9UBL3;Q9UBL3-3	Q9UBL3;Q9UBL3-2;Q9UBL3-3	ASH2L_HUMAN	ASH2L	Set1/Ash2 histone methyltransferase complex subunit ASH2	595478
Q9UBM1;Q9UBM1-2;Q9UBM1-3	Q9UBM1;Q9UBM1-2;Q9UBM1-3	PEMT_HUMAN	PEMT	Phosphatidylethanolamine N-methyltransferase	19118
Q9UBM7	Q9UBM7	DHCR7_HUMAN	DHCR7	7-dehydrocholesterol reductase	1.59468e+06
Q9UBN6	Q9UBN6	TR10D_HUMAN	TNFRSF10D	Tumor necrosis factor receptor superfamily member 10D	11581
Q9UBN7	Q9UBN7	HDAC6_HUMAN	HDAC6	Histone deacetylase 6	353009
Q9UBP0	Q9UBP0;Q9UBP0-2;Q9UBP0-3;Q9UBP0-4	SPAST_HUMAN	SPAST	Spastin	479917
Q9UBP6	Q9UBP6;Q9UBP6-2	TRMB_HUMAN	METTL1	tRNA (guanine-N(7)-)-methyltransferase	468703
Q9UBP9;Q9UBP9-3;Q9UBP9-4	Q9UBP9;Q9UBP9-3;Q9UBP9-4	GULP1_HUMAN	GULP1	PTB domain-containing engulfment adapter protein 1	228853
Q9UBQ0;Q9UBQ0-2	Q9UBQ0;Q9UBQ0-2	VPS29_HUMAN	VPS29	Vacuolar protein sorting-associated protein 29	1.09357e+06
Q9UBQ5	Q9UBQ5;Q9UBQ5-2	EIF3K_HUMAN	EIF3K	Eukaryotic translation initiation factor 3 subunit K	1.7353e+06
Q9UBQ6	Q9UBQ6	EXTL2_HUMAN	EXTL2	Exostosin-like 2	130706
Q9UBQ7	Q9UBQ7	GRHPR_HUMAN	GRHPR	Glyoxylate reductase/hydroxypyruvate reductase	2.90785e+06
Q9UBR2	Q9UBR2	CATZ_HUMAN	CTSZ	Cathepsin Z	262250
Q9UBS0	Q9UBS0	KS6B2_HUMAN	RPS6KB2	Ribosomal protein S6 kinase beta-2	690691
Q9UBS3	Q9UBS3	DNJB9_HUMAN	DNAJB9	DnaJ homolog subfamily B member 9	36468
Q9UBS4	Q9UBS4	DJB11_HUMAN	DNAJB11	DnaJ homolog subfamily B member 11	2.9055e+06
Q9UBS8	Q9UBS8	RNF14_HUMAN	RNF14	E3 ubiquitin-protein ligase RNF14	152504
Q9UBT2	Q9UBT2;Q9UBT2-2	SAE2_HUMAN	UBA2	SUMO-activating enzyme subunit 2	4.36169e+06
Q9UBT6;Q9UBT6-2;Q9UBT6-3;Q9UBT6-5;Q9UBT6-6	Q9UBT6;Q9UBT6-2;Q9UBT6-3;Q9UBT6-5;Q9UBT6-6	POLK_HUMAN	POLK	DNA polymerase kappa	890617
Q9UBT7;Q9UBT7-2	Q9UBT7;Q9UBT7-2;Q9UBT7-3	CTNL1_HUMAN	CTNNAL1	Alpha-catulin	2.18797e+06
Q9UBU6	Q9UBU6	FA8A1_HUMAN	FAM8A1	Protein FAM8A1	121057
Q9UBU8;Q9UBU8-2	Q9UBU8;Q9UBU8-2	MO4L1_HUMAN	MORF4L1	Mortality factor 4-like protein 1	457448
Q9UBU9	Q9UBU9;Q9UBU9-2	NXF1_HUMAN	NXF1	Nuclear RNA export factor 1	1.45428e+06
Q9UBV2	Q9UBV2;Q9UBV2-2	SE1L1_HUMAN	SEL1L	Protein sel-1 homolog 1	513055
Q9UBV7	Q9UBV7	B4GT7_HUMAN	B4GALT7	Beta-1,4-galactosyltransferase 7	93309
Q9UBV8	Q9UBV8	PEF1_HUMAN	PEF1	Peflin	335499
Q9UBW7	Q9UBW7	ZMYM2_HUMAN	ZMYM2	Zinc finger MYM-type protein 2	264990
Q9UBW8	Q9UBW8	CSN7A_HUMAN	COPS7A	COP9 signalosome complex subunit 7a	706510
Q9UBX3;Q9UBX3-2	Q9UBX3;Q9UBX3-2	DIC_HUMAN	SLC25A10	Mitochondrial dicarboxylate carrier	1.30727e+06
Q9UBX8;Q9UBX8-2	Q9UBX8;Q9UBX8-2	B4GT6_HUMAN	B4GALT6	Beta-1,4-galactosyltransferase 6	1.22419e+06
Q9UBZ4	Q9UBZ4	APEX2_HUMAN	APEX2	DNA-(apurinic or apyrimidinic site) lyase 2	80376
Q9UBZ9;Q9UBZ9-2	Q9UBZ9;Q9UBZ9-2	REV1_HUMAN	REV1	DNA repair protein REV1	92886
Q9UDT6;Q9UDT6-2	Q9UDT6;Q9UDT6-2	CLIP2_HUMAN	CLIP2	CAP-Gly domain-containing linker protein 2	1599
Q9UDV6	Q9UDV6	ZN212_HUMAN	ZNF212	Zinc finger protein 212	91303
Q9UDW1	Q9UDW1;Q9UDW1-2	QCR9_HUMAN	UQCR10	Cytochrome b-c1 complex subunit 9	886559
Q9UDX3;Q9UDX3-2	Q9UDX3;Q9UDX3-2	S14L4_HUMAN	SEC14L4	SEC14-like protein 4	16060
Q9UDX5	Q9UDX5;Q9UDX5-2	MTFP1_HUMAN	MTFP1	Mitochondrial fission process protein 1	111318
Q9UDY2;Q9UDY2-3;Q9UDY2-7	Q9UDY2;Q9UDY2-2;Q9UDY2-5;Q9UDY2-3;Q9UDY2-4;Q9UDY2-6;Q9UDY2-7	ZO2_HUMAN	TJP2	Tight junction protein ZO-2	1.39155e+06
Q9UDY4	Q9UDY4	DNJB4_HUMAN	DNAJB4	DnaJ homolog subfamily B member 4	231509
Q9UDY8;Q9UDY8-2	Q9UDY8;Q9UDY8-2	MALT1_HUMAN	MALT1	Mucosa-associated lymphoid tissue lymphoma translocation protein 1	82158
Q9UEE9	Q9UEE9;Q9UEE9-2	CFDP1_HUMAN	CFDP1	Craniofacial development protein 1	476440
Q9UEG4	Q9UEG4	ZN629_HUMAN	ZNF629	Zinc finger protein 629	222681
Q9UER7;Q9UER7-2;Q9UER7-3;Q9UER7-4	Q9UER7;Q9UER7-2;Q9UER7-3;Q9UER7-4;Q9UER7-5	DAXX_HUMAN	DAXX	Death domain-associated protein 6	352040
Q9UET6;Q9UET6-2	Q9UET6;Q9UET6-2	TRM7_HUMAN	FTSJ1	Putative tRNA (cytidine(32)/guanosine(34)-2'-O)-methyltransferase	237598
Q9UEU0;Q9UEU0-2	Q9UEU0;Q9UEU0-2	VTI1B_HUMAN	VTI1B	Vesicle transport through interaction with t-SNAREs homolog 1B	157281
Q9UEW8;Q9UEW8-2	Q9UEW8;Q9UEW8-2	STK39_HUMAN	STK39	STE20/SPS1-related proline-alanine-rich protein kinase	362188
Q9UEY8	Q9UEY8;Q9UEY8-2	ADDG_HUMAN	ADD3	Gamma-adducin	227086
Q9UF33	Q9UF33	EPHA6_HUMAN	EPHA6	Ephrin type-A receptor 6	79507
Q9UFC0	Q9UFC0	LRWD1_HUMAN	LRWD1	Leucine-rich repeat and WD repeat-containing protein 1	402788
Q9UFG5;Q9UFG5-2	Q9UFG5;Q9UFG5-2	CS025_HUMAN	C19orf25	UPF0449 protein C19orf25	865805
Q9UFH2	Q9UFH2;Q9UFH2-4	DYH17_HUMAN	DNAH17	Dynein heavy chain 17, axonemal	128027
Q9UFN0	Q9BS92;Q9UFN0	NPS3A_HUMAN	NIPSNAP3A	Protein NipSnap homolog 3A	665850
Q9UFW8	Q9UFW8	CGBP1_HUMAN	CGGBP1	CGG triplet repeat-binding protein 1	638583
Q9UG01;Q9UG01-2	Q9UG01;Q9UG01-2	IF172_HUMAN	IFT172	Intraflagellar transport protein 172 homolog	154204
Q9UG56;Q9UG56-2	Q9UG56;Q9UG56-2	PISD_HUMAN	PISD	Phosphatidylserine decarboxylase proenzyme, mitochondrial	26321
Q9UG63;Q9UG63-2	Q9UG63;Q9UG63-2	ABCF2_HUMAN	ABCF2	ATP-binding cassette sub-family F member 2	3.13948e+06
Q9UGH3;Q9UGH3-2	Q9UGH3;Q9UGH3-2	S23A2_HUMAN	SLC23A2	Solute carrier family 23 member 2	25598
Q9UGI8;Q9UGI8-2	Q9UGI8;Q9UGI8-2	TES_HUMAN	TES	Testin	3.00402e+06
Q9UGJ1;Q9UGJ1-2	Q9UGJ1;Q9UGJ1-2	GCP4_HUMAN	TUBGCP4	Gamma-tubulin complex component 4	353117
Q9UGK8	Q9UGK8	SRGEF_HUMAN	SERGEF	Secretion-regulating guanine nucleotide exchange factor	33670
Q9UGL1	Q9UGL1	KDM5B_HUMAN	KDM5B	Lysine-specific demethylase 5B	23525
Q9UGM6	Q9UGM6	SYWM_HUMAN	WARS2	Tryptophan--tRNA ligase, mitochondrial	201373
Q9UGN5;Q9UGN5-2	Q9UGN5;Q9UGN5-2	PARP2_HUMAN	PARP2	Poly [ADP-ribose] polymerase 2	385914
Q9UGP4	Q9UGP4	LIMD1_HUMAN	LIMD1	LIM domain-containing protein 1	86819
Q9UGP5;Q9UGP5-2	Q9UGP5;Q9UGP5-2	DPOLL_HUMAN	POLL	DNA polymerase lambda	55002
Q9UGP8	Q9UGP8	SEC63_HUMAN	SEC63	Translocation protein SEC63 homolog	3.0284e+06
Q9UGQ3;Q9UGQ3-2	Q9UGQ3;Q9UGQ3-2	GTR6_HUMAN	SLC2A6	Solute carrier family 2, facilitated glucose transporter member 6	30015
Q9UGR2	Q9UGR2	Z3H7B_HUMAN	ZC3H7B	Zinc finger CCCH domain-containing protein 7B	194537
Q9UGU0;Q9UGU0-2	Q9UGU0;Q9UGU0-2	TCF20_HUMAN	TCF20	Transcription factor 20	444115
Q9UGU5	Q9UGU5	HMGX4_HUMAN	HMGXB4	HMG domain-containing protein 4	25896
Q9UGV2;Q9UGV2-2	Q9UGV2;Q9UGV2-2;Q9UGV2-3	NDRG3_HUMAN	NDRG3	Protein NDRG3	983452
Q9UGY1	Q9UGY1	NOL12_HUMAN	NOL12	Nucleolar protein 12	284032
Q9UH03;Q9UH03-2	Q9UH03;Q9UH03-2	SEPT3_HUMAN	SEPTIN3	Neuronal-specific septin-3	74960
Q9UH17;Q9UH17-2;Q9UH17-3	Q9UH17;Q9UH17-2;Q9UH17-3	ABC3B_HUMAN	APOBEC3B	DNA dC->dU-editing enzyme APOBEC-3B	22963
Q9UH62	Q9UH62	ARMX3_HUMAN	ARMCX3	Armadillo repeat-containing X-linked protein 3	833173
Q9UH65	Q9UH65	SWP70_HUMAN	SWAP70	Switch-associated protein 70	1.87737e+06
Q9UH99;Q9UH99-2;Q9UH99-3	Q9UH99;Q9UH99-2;Q9UH99-3	SUN2_HUMAN	SUN2	SUN domain-containing protein 2	325503
Q9UHA2	Q9UHA2	S18L2_HUMAN	SS18L2	SS18-like protein 2	24573
Q9UHA3	Q9UHA3	RLP24_HUMAN	RSL24D1	Probable ribosome biogenesis protein RLP24	250577
Q9UHA4;Q9UHA4-2	Q9UHA4;Q9UHA4-2	LTOR3_HUMAN	LAMTOR3	Ragulator complex protein LAMTOR3	795534
Q9UHB4;Q9UHB4-2;Q9UHB4-3;Q9UHB4-4	Q9UHB4;Q9UHB4-2;Q9UHB4-3;Q9UHB4-4	NDOR1_HUMAN	NDOR1	NADPH-dependent diflavin oxidoreductase 1	340367
Q9UHB6;Q9UHB6-4	Q9UHB6;Q9UHB6-2;Q9UHB6-4;Q9UHB6-5	LIMA1_HUMAN	LIMA1	LIM domain and actin-binding protein 1	2.17695e+06
Q9UHB7	Q9UHB7;Q9UHB7-2;Q9UHB7-3	AFF4_HUMAN	AFF4	AF4/FMR2 family member 4	901654
Q9UHB9	Q9UHB9;Q9UHB9-4	SRP68_HUMAN	SRP68	Signal recognition particle subunit SRP68	3.01469e+06
Q9UHC7;Q9UHC7-2;Q9UHC7-3;Q9UHC7-4	Q9UHC7;Q9UHC7-2;Q9UHC7-3;Q9UHC7-4	MKRN1_HUMAN	MKRN1	E3 ubiquitin-protein ligase makorin-1	174529
Q9UHD1	Q9UHD1;Q9UHD1-2	CHRD1_HUMAN	CHORDC1	Cysteine and histidine-rich domain-containing protein 1	3.04051e+06
Q9UHD2	Q9UHD2	TBK1_HUMAN	TBK1	Serine/threonine-protein kinase TBK1	885259
Q9UHD8	Q9UHD8;Q9UHD8-2;Q9UHD8-3;Q9UHD8-4;Q9UHD8-5;Q9UHD8-7;Q9UHD8-8;Q9UHD8-9	SEPT9_HUMAN	SEPTIN9	Septin-9	5.88392e+06
Q9UHD9	Q9UHD9	UBQL2_HUMAN	UBQLN2	Ubiquilin-2	742690
Q9UHD9;Q9UMX0	Q9UHD9;Q9UMX0;Q9UMX0-2	UBQL1_HUMAN;UBQL2_HUMAN	UBQLN1;UBQLN2	Ubiquilin-2	1.60629e+06
Q9UHG3	Q9UHG3;Q9UHG3-2	PCYOX_HUMAN	PCYOX1	Prenylcysteine oxidase 1	3.77741e+06
Q9UHI6	Q9UHI6	DDX20_HUMAN	DDX20	Probable ATP-dependent RNA helicase DDX20	1.78748e+06
Q9UHJ6	Q9UHJ6	SHPK_HUMAN	SHPK	Sedoheptulokinase	18376
Q9UHK6;Q9UHK6-5	Q9UHK6;Q9UHK6-5	AMACR_HUMAN	AMACR	Alpha-methylacyl-CoA racemase	291468
Q9UHL4	Q9UHL4	DPP2_HUMAN	DPP7	Dipeptidyl peptidase 2	569211
Q9UHL9;Q9UHL9-2;Q9UHL9-3	Q9UHL9;Q9UHL9-2;Q9UHL9-3	GT2D1_HUMAN	GTF2IRD1	General transcription factor II-I repeat domain-containing protein 1	271740
Q9UHN1	Q9UHN1	DPOG2_HUMAN	POLG2	DNA polymerase subunit gamma-2, mitochondrial	138671
Q9UHN6;Q9UHN6-2	Q9UHN6;Q9UHN6-2	CEIP2_HUMAN	CEMIP2	Cell surface hyaluronidase	310067
Q9UHP3	Q9UHP3;Q9UHP3-1;Q9UHP3-3	UBP25_HUMAN	USP25	Ubiquitin carboxyl-terminal hydrolase 25	312627
Q9UHQ1;Q9UHQ1-2;Q9UHQ1-3;Q9UHQ1-4	Q9UHQ1;Q9UHQ1-2;Q9UHQ1-3;Q9UHQ1-4	NARF_HUMAN	NARF	Nuclear prelamin A recognition factor	59916
Q9UHQ4;Q9UHQ4-2	Q9UHQ4;Q9UHQ4-2	BAP29_HUMAN	BCAP29	B-cell receptor-associated protein 29	167033
Q9UHQ9	Q9UHQ9	NB5R1_HUMAN	CYB5R1	NADH-cytochrome b5 reductase 1	1.02785e+06
Q9UHR4	Q9UHR4	BI2L1_HUMAN	BAIAP2L1	Brain-specific angiogenesis inhibitor 1-associated protein 2-like protein 1	643977
Q9UHR5;Q9UHR5-2	Q9UHR5;Q9UHR5-2	S30BP_HUMAN	SAP30BP	SAP30-binding protein	312588
Q9UHR6	Q9UHR6	ZNHI2_HUMAN	ZNHIT2	Zinc finger HIT domain-containing protein 2	288901
Q9UHV7	Q9UHV7	MED13_HUMAN	MED13	Mediator of RNA polymerase II transcription subunit 13	96349
Q9UHV9	Q9UHV9	PFD2_HUMAN	PFDN2	Prefoldin subunit 2	1.14582e+06
Q9UHW9;Q9UHW9-2;Q9UHW9-3;Q9UHW9-4;Q9UHW9-5;Q9UHW9-6	Q9UHW9;Q9UHW9-2;Q9UHW9-3;Q9UHW9-4;Q9UHW9-5;Q9UHW9-6	S12A6_HUMAN	SLC12A6	Solute carrier family 12 member 6	379349
Q9UHW9;Q9UHW9-2;Q9UHW9-3;Q9UHW9-4;Q9UHW9-5;Q9UHW9-6;Q9UP95;Q9UP95-2;Q9UP95-5;Q9UP95-6	Q9UHW9;Q9UHW9-2;Q9UHW9-3;Q9UHW9-4;Q9UHW9-5;Q9UHW9-6;Q9UP95;Q9UP95-2;Q9UP95-5;Q9UP95-6;Q9UP95-7;Q9H2X9;Q9H2X9-2	S12A4_HUMAN;S12A6_HUMAN	SLC12A4;SLC12A6	Solute carrier family 12 member 6	225816
Q9UHX1;Q9UHX1-2	Q9UHX1;Q9UHX1-2;Q9UHX1-3;Q9UHX1-4;Q9UHX1-5;Q9UHX1-6	PUF60_HUMAN	PUF60	Poly(U)-binding-splicing factor PUF60	2.76445e+06
Q9UHX3;Q9UHX3-3;Q9UHX3-4;Q9UHX3-5;Q9UHX3-6	Q9UHX3;Q9UHX3-2;Q9UHX3-3;Q9UHX3-4;Q9UHX3-5;Q9UHX3-6	AGRE2_HUMAN	ADGRE2	Adhesion G protein-coupled receptor E2	60057
Q9UHY1	Q9UHY1	NRBP_HUMAN	NRBP1	Nuclear receptor-binding protein	504084
Q9UHY7	Q9UHY7;Q9UHY7-2	ENOPH_HUMAN	ENOPH1	Enolase-phosphatase E1	609395
Q9UHY8;Q9UHY8-2	Q9UHY8;Q9UHY8-2	FEZ2_HUMAN	FEZ2	Fasciculation and elongation protein zeta-2	21428
Q9UI09	Q9UI09	NDUAC_HUMAN	NDUFA12	NADH dehydrogenase [ubiquinone] 1 alpha subcomplex subunit 12	905668
Q9UI10	Q9UI10;Q9UI10-2;Q9UI10-3	EI2BD_HUMAN	EIF2B4	Translation initiation factor eIF-2B subunit delta	1.07648e+06
Q9UI12;Q9UI12-2	Q9UI12;Q9UI12-2	VATH_HUMAN	ATP6V1H	V-type proton ATPase subunit H	541120
Q9UI15	Q9UI15	TAGL3_HUMAN	TAGLN3	Transgelin-3	26230
Q9UI26;Q9UI26-2	Q9UI26;Q9UI26-2	IPO11_HUMAN	IPO11	Importin-11	1.22549e+06
Q9UI30	Q9UI30	TR112_HUMAN	TRMT112	Multifunctional methyltransferase subunit TRM112-like protein	1.13752e+06
Q9UI43	Q9UI43	MRM2_HUMAN	MRM2	rRNA methyltransferase 2, mitochondrial	69952
Q9UIA9	Q9UIA9	XPO7_HUMAN	XPO7	Exportin-7	2.41292e+06
Q9UIC8;Q9UIC8-2;Q9UIC8-3	Q9UIC8;Q9UIC8-2;Q9UIC8-3	LCMT1_HUMAN	LCMT1	Leucine carboxyl methyltransferase 1	226621
Q9UID3	Q9UID3;Q9UID3-2	VPS51_HUMAN	VPS51	Vacuolar protein sorting-associated protein 51 homolog	574268
Q9UIF9;Q9UIF9-2;Q9UIF9-3	Q9UIF9;Q9UIF9-2;Q9UIF9-3	BAZ2A_HUMAN	BAZ2A	Bromodomain adjacent to zinc finger domain protein 2A	254152
Q9UIG0;Q9UIG0-2	Q9UIG0;Q9UIG0-2	BAZ1B_HUMAN	BAZ1B	Tyrosine-protein kinase BAZ1B	4.40619e+06
Q9UII4	Q9UII4	HERC5_HUMAN	HERC5	E3 ISG15--protein ligase HERC5	139840
Q9UIJ7	Q9UIJ7;Q9UIJ7-2;Q9UIJ7-3	KAD3_HUMAN	AK3	GTP:AMP phosphotransferase AK3, mitochondrial	1.0446e+06
Q9UIL1;Q9UIL1-2;Q9UIL1-3	Q9UIL1;Q9UIL1-2;Q9UIL1-3	SCOC_HUMAN	SCOC	Short coiled-coil protein	8491
Q9UIM3	Q9UIM3	FKBPL_HUMAN	FKBPL	FK506-binding protein-like	109085
Q9UIQ6	Q9UIQ6;Q9UIQ6-2;Q9UIQ6-3	LCAP_HUMAN	LNPEP	Leucyl-cystinyl aminopeptidase	1.70765e+06
Q9UIS9;Q9UIS9-10;Q9UIS9-11;Q9UIS9-12;Q9UIS9-2;Q9UIS9-4;Q9UIS9-5;Q9UIS9-7;Q9UIS9-8;Q9UIS9-9	Q9UIS9;Q9UIS9-2;Q9UIS9-4;Q9UIS9-5;Q9UIS9-6;Q9UIS9-7;Q9UIS9-8;Q9UIS9-9;Q9UIS9-10;Q9UIS9-11;Q9UIS9-12	MBD1_HUMAN	MBD1	Methyl-CpG-binding domain protein 1	168176
Q9UIU6	Q9UIU6	SIX4_HUMAN	SIX4	Homeobox protein SIX4	284748
Q9UIV1	Q9UIV1;Q9UIV1-2	CNOT7_HUMAN	CNOT7	CCR4-NOT transcription complex subunit 7	292836
Q9UJ41;Q9UJ41-3;Q9UJ41-4	Q9UJ41;Q9UJ41-3;Q9UJ41-4	RABX5_HUMAN	RABGEF1	Rab5 GDP/GTP exchange factor	377491
Q9UJ68;Q9UJ68-2;Q9UJ68-3;Q9UJ68-5	Q9UJ68;Q9UJ68-2;Q9UJ68-3;Q9UJ68-4;Q9UJ68-5	MSRA_HUMAN	MSRA	Mitochondrial peptide methionine sulfoxide reductase	244279
Q9UJ70;Q9UJ70-2	Q9UJ70;Q9UJ70-2	NAGK_HUMAN	NAGK	N-acetyl-D-glucosamine kinase	1.25553e+06
Q9UJ83;Q9UJ83-2	Q9UJ83;Q9UJ83-2	HACL1_HUMAN	HACL1	2-hydroxyacyl-CoA lyase 1	776787
Q9UJA5	Q9UJA5;Q9UJA5-2;Q9UJA5-3;Q9UJA5-4	TRM6_HUMAN	TRMT6	tRNA (adenine(58)-N(1))-methyltransferase non-catalytic subunit TRM6	463167
Q9UJC3;Q9UJC3-2	Q9UJC3;Q9UJC3-2	HOOK1_HUMAN	HOOK1	Protein Hook homolog 1	189930
Q9UJF2;Q9UJF2-2	Q9UJF2;Q9UJF2-2	NGAP_HUMAN	RASAL2	Ras GTPase-activating protein nGAP	36812
Q9UJK0	Q9UJK0	TSR3_HUMAN	TSR3	Ribosome biogenesis protein TSR3 homolog	49361
Q9UJM3	Q9UJM3	ERRFI_HUMAN	ERRFI1	ERBB receptor feedback inhibitor 1	35201
Q9UJQ4	Q9UJQ4	SALL4_HUMAN	SALL4	Sal-like protein 4	503487
Q9UJS0;Q9UJS0-2	Q9UJS0;Q9UJS0-2	CMC2_HUMAN	SLC25A13	Calcium-binding mitochondrial carrier protein Aralar2	2.44739e+06
Q9UJT0	Q9UJT0	TBE_HUMAN	TUBE1	Tubulin epsilon chain	59816
Q9UJU6	Q9UJU6;Q9UJU6-5	DBNL_HUMAN	DBNL	Drebrin-like protein	2.81597e+06
Q9UJV9	Q9UJV9	DDX41_HUMAN	DDX41	Probable ATP-dependent RNA helicase DDX41	1.09052e+06
Q9UJW0;Q9UJW0-2	Q9UJW0;Q9UJW0-2;Q9UJW0-3	DCTN4_HUMAN	DCTN4	Dynactin subunit 4	408946
Q9UJX2	Q9UJX2;Q9UJX2-3	CDC23_HUMAN	CDC23	Cell division cycle protein 23 homolog	552100
Q9UJX3;Q9UJX3-2	Q9UJX3;Q9UJX3-2	APC7_HUMAN	ANAPC7	Anaphase-promoting complex subunit 7	1.04606e+06
Q9UJX4	Q9UJX4;Q9UJX4-2;Q9UJX4-3	APC5_HUMAN	ANAPC5	Anaphase-promoting complex subunit 5	685333
Q9UJX5;Q9UJX5-3	Q9UJX5;Q9UJX5-3	APC4_HUMAN	ANAPC4	Anaphase-promoting complex subunit 4	416553
Q9UJX6;Q9UJX6-2	Q9UJX6;Q9UJX6-2	ANC2_HUMAN	ANAPC2	Anaphase-promoting complex subunit 2	377679
Q9UJY4	Q9UJY4	GGA2_HUMAN	GGA2	ADP-ribosylation factor-binding protein GGA2	106116
Q9UJY5;Q9UJY5-3;Q9UJY5-4;Q9UJY5-6	Q9UJY5;Q9UJY5-2;Q9UJY5-3;Q9UJY5-4;Q9UJY5-6	GGA1_HUMAN	GGA1	ADP-ribosylation factor-binding protein GGA1	339740
Q9UJZ1	Q9UJZ1;Q9UJZ1-2	STML2_HUMAN	STOML2	Stomatin-like protein 2, mitochondrial	4.61847e+06
Q9UK22	Q9UK22	FBX2_HUMAN	FBXO2	F-box only protein 2	83348
Q9UK23;Q9UK23-2;Q9UK23-3	Q9UK23;Q9UK23-2;Q9UK23-3	NAGPA_HUMAN	NAGPA	N-acetylglucosamine-1-phosphodiester alpha-N-acetylglucosaminidase	29343
Q9UK32;Q9UK32-2	Q9UK32;Q9UK32-2	KS6A6_HUMAN	RPS6KA6	Ribosomal protein S6 kinase alpha-6	74193
Q9UK41	Q9UK41;Q9UK41-2	VPS28_HUMAN	VPS28	Vacuolar protein sorting-associated protein 28 homolog	173868
Q9UK45	Q9UK45	LSM7_HUMAN	LSM7	U6 snRNA-associated Sm-like protein LSm7	838685
Q9UK58;Q9UK58-6	Q9UK58;Q9UK58-4;Q9UK58-6	CCNL1_HUMAN	CCNL1	Cyclin-L1	153740
Q9UK59	Q9UK59;Q9UK59-2	DBR1_HUMAN	DBR1	Lariat debranching enzyme	1.18754e+06
Q9UK61;Q9UK61-3;Q9UK61-4	Q9UK61;Q9UK61-2;Q9UK61-3;Q9UK61-4	TASOR_HUMAN	TASOR	Protein TASOR	789458
Q9UK73	Q9UK73	FEM1B_HUMAN	FEM1B	Protein fem-1 homolog B	54750
Q9UK76	Q9UK76;Q9UK76-2	JUPI1_HUMAN	JPT1	Jupiter microtubule associated homolog 1	1.78495e+06
Q9UK97;Q9UK97-2;Q9UK97-3	Q9UK97;Q9UK97-2;Q9UK97-3	FBX9_HUMAN	FBXO9	F-box only protein 9	112155
Q9UK99;Q9UK99-2;Q9UK99-3	Q9UK99;Q9UK99-2;Q9UK99-3	FBX3_HUMAN	FBXO3	F-box only protein 3	179836
Q9UKA4	Q9UKA4	AKA11_HUMAN	AKAP11	A-kinase anchor protein 11	50170
Q9UKA9;Q9UKA9-2;Q9UKA9-3;Q9UKA9-4	Q9UKA9;Q9UKA9-2;Q9UKA9-3;Q9UKA9-4;Q9UKA9-5;Q9UKA9-6	PTBP2_HUMAN	PTBP2	Polypyrimidine tract-binding protein 2	581730
Q9UKB1;Q9UKB1-2;Q9UKB1-3	Q9UKB1;Q9UKB1-2;Q9UKB1-3	FBW1B_HUMAN	FBXW11	F-box/WD repeat-containing protein 11	476424
Q9UKB3	Q9UKB3	DJC12_HUMAN	DNAJC12	DnaJ homolog subfamily C member 12	31385
Q9UKD1	Q9UKD1	GMEB2_HUMAN	GMEB2	Glucocorticoid modulatory element-binding protein 2	210621
Q9UKD2	Q9UKD2	MRT4_HUMAN	MRTO4	mRNA turnover protein 4 homolog	1.23109e+06
Q9UKE5-2;Q9UKE5-5	Q9UKE5;Q9UKE5-2;Q9UKE5-3;Q9UKE5-5	TNIK_HUMAN	TNIK	Isoform 2 of TRAF2 and NCK-interacting protein kinase	5149
Q9UKF6	Q9UKF6	CPSF3_HUMAN	CPSF3	Cleavage and polyadenylation specificity factor subunit 3	1.44031e+06
Q9UKG1	Q9UKG1	DP13A_HUMAN	APPL1	DCC-interacting protein 13-alpha	1.2461e+06
Q9UKI8;Q9UKI8-2;Q9UKI8-5	Q9UKI8;Q9UKI8-2;Q9UKI8-3;Q9UKI8-4;Q9UKI8-5	TLK1_HUMAN	TLK1	Serine/threonine-protein kinase tousled-like 1	405202
Q9UKI9;Q9UKI9-2;Q9UKI9-3	Q9UKI9;Q9UKI9-2;Q9UKI9-3	PO2F3_HUMAN	POU2F3	POU domain, class 2, transcription factor 3	78384
Q9UKJ3	Q9UKJ3	GPTC8_HUMAN	GPATCH8	G patch domain-containing protein 8	369055
Q9UKK3	Q9UKK3	PARP4_HUMAN	PARP4	Protein mono-ADP-ribosyltransferase PARP4	265819
Q9UKK6	Q9NPJ8;Q9NPJ8-2;Q9NPJ8-3;Q9NPJ8-4;Q9UKK6	NXT1_HUMAN	NXT1	NTF2-related export protein 1	107747
Q9UKK9	Q9UKK9	NUDT5_HUMAN	NUDT5	ADP-sugar pyrophosphatase	3.29582e+06
Q9UKL0	Q9UKL0	RCOR1_HUMAN	RCOR1	REST corepressor 1	422408
Q9UKL3	Q9UKL3	C8AP2_HUMAN	CASP8AP2	CASP8-associated protein 2	1.17499e+06
Q9UKM7	Q9UKM7	MA1B1_HUMAN	MAN1B1	Endoplasmic reticulum mannosyl-oligosaccharide 1,2-alpha-mannosidase	825690
Q9UKM9	Q9UKM9;Q9UKM9-2	RALY_HUMAN	RALY	RNA-binding protein Raly	3.89632e+06
Q9UKN8	Q9UKN8	TF3C4_HUMAN	GTF3C4	General transcription factor 3C polypeptide 4	2.03226e+06
Q9UKP4	Q9UKP4	ATS7_HUMAN	ADAMTS7	A disintegrin and metalloproteinase with thrombospondin motifs 7	12581
Q9UKS6	Q9UKS6	PACN3_HUMAN	PACSIN3	Protein kinase C and casein kinase substrate in neurons protein 3	2.26271e+06
Q9UKT4;Q9UKT4-2	Q9UKT4;Q9UKT4-2	FBX5_HUMAN	FBXO5	F-box only protein 5	533999
Q9UKT5;Q9UKT5-2	Q9UKT5;Q9UKT5-2	FBX4_HUMAN	FBXO4	F-box only protein 4	84797
Q9UKT7	Q9UKT7	FBXL3_HUMAN	FBXL3	F-box/LRR-repeat protein 3	157049
Q9UKT8	Q9UKT8	FBXW2_HUMAN	FBXW2	F-box/WD repeat-containing protein 2	31008
Q9UKU7;Q9UKU7-3	Q9UKU7;Q9UKU7-2;Q9UKU7-3	ACAD8_HUMAN	ACAD8	Isobutyryl-CoA dehydrogenase, mitochondrial	177816
Q9UKV3	Q9UKV3;Q9UKV3-2;Q9UKV3-3;Q9UKV3-5	ACINU_HUMAN	ACIN1	Apoptotic chromatin condensation inducer in the nucleus	5.00291e+06
Q9UKV8	Q9UKV8;Q9UKV8-2	AGO2_HUMAN	AGO2	Protein argonaute-2	2.94145e+06
Q9UKV8;Q9UL18	Q9UKV8;Q9UKV8-2;Q9UL18	AGO1_HUMAN;AGO2_HUMAN	AGO1;AGO2	Protein argonaute-2	53522
Q9UKW4;Q9UKW4-2;Q9UKW4-4	Q9UKW4;Q9UKW4-2;Q9UKW4-4	VAV3_HUMAN	VAV3	Guanine nucleotide exchange factor VAV3	305253
Q9UKX2	P11055;Q9UKX2	MYH2_HUMAN	MYH2	Myosin-2	137754
Q9UKX7	Q9UKX7;Q9UKX7-2	NUP50_HUMAN	NUP50	Nuclear pore complex protein Nup50	2.59509e+06
Q9UKY1	Q9UKY1	ZHX1_HUMAN	ZHX1	Zinc fingers and homeoboxes protein 1	192150
Q9UKY7	Q9UKY7;Q9UKY7-2	CDV3_HUMAN	CDV3	Protein CDV3 homolog	1.09083e+06
Q9UKZ1	Q9UKZ1	CNO11_HUMAN	CNOT11	CCR4-NOT transcription complex subunit 11	101277
Q9UKZ9	Q9UKZ9	PCOC2_HUMAN	PCOLCE2	Procollagen C-endopeptidase enhancer 2	561580
Q9UL03;Q9UL03-3	Q9UL03;Q9UL03-3	INT6_HUMAN	INTS6	Integrator complex subunit 6	666115
Q9UL15;Q9UL15-2	Q9UL15;Q9UL15-2	BAG5_HUMAN	BAG5	BAG family molecular chaperone regulator 5	781776
Q9UL18	Q9UL18	AGO1_HUMAN	AGO1	Protein argonaute-1	182323
Q9UL25	Q9UL25	RAB21_HUMAN	RAB21	Ras-related protein Rab-21	712667
Q9UL26	Q9UL26	RB22A_HUMAN	RAB22A	Ras-related protein Rab-22A	159763
Q9UL33;Q9UL33-2	Q9UL33;Q9UL33-2	TPC2L_HUMAN	TRAPPC2L	Trafficking protein particle complex subunit 2-like protein	38022
Q9UL40;Q9UL40-3	Q9UL40;Q9UL40-2;Q9UL40-3	ZN346_HUMAN	ZNF346	Zinc finger protein 346	291202
Q9UL45	Q9UL45	BL1S6_HUMAN	BLOC1S6	Biogenesis of lysosome-related organelles complex 1 subunit 6	16108
Q9UL46	Q9UL46	PSME2_HUMAN	PSME2	Proteasome activator complex subunit 2	2.48314e+06
Q9UL49;Q9UL49-1	Q9UL49;Q9UL49-1	TCFL5_HUMAN	TCFL5	Transcription factor-like 5 protein	47611
Q9UL54;Q9UL54-4	Q9UL54;Q9UL54-3;Q9UL54-4	TAOK2_HUMAN	TAOK2	Serine/threonine-protein kinase TAO2	387324
Q9UL63	Q9UL63	MKLN1_HUMAN	MKLN1	Muskelin	183924
Q9ULA0	Q9ULA0	DNPEP_HUMAN	DNPEP	Aspartyl aminopeptidase	887304
Q9ULC3	Q9ULC3	RAB23_HUMAN	RAB23	Ras-related protein Rab-23	528493
Q9ULC4;Q9ULC4-3	Q9ULC4;Q9ULC4-2;Q9ULC4-3	MCTS1_HUMAN	MCTS1	Malignant T-cell-amplified sequence 1	1.53349e+06
Q9ULC5;Q9ULC5-3	Q9ULC5;Q9ULC5-3;Q9ULC5-4	ACSL5_HUMAN	ACSL5	Long-chain-fatty-acid--CoA ligase 5	240425
Q9ULD2;Q9ULD2-2;Q9ULD2-5	Q9ULD2;Q9ULD2-2;Q9ULD2-5	MTUS1_HUMAN	MTUS1	Microtubule-associated tumor suppressor 1	150580
Q9ULD4	Q9ULD4	BRPF3_HUMAN	BRPF3	Bromodomain and PHD finger-containing protein 3	969892
Q9ULD5	Q9ULD5	ZN777_HUMAN	ZNF777	Zinc finger protein 777	1.18007e+06
Q9ULD9;Q9ULD9-2	Q9ULD9;Q9ULD9-2	ZN608_HUMAN	ZNF608	Zinc finger protein 608	135915
Q9ULE0	Q9ULE0	WWC3_HUMAN	WWC3	Protein WWC3	42817
Q9ULF5	Q9ULF5;Q9ULF5-2	S39AA_HUMAN	SLC39A10	Zinc transporter ZIP10	660608
Q9ULG1	Q9ULG1	INO80_HUMAN	INO80	Chromatin-remodeling ATPase INO80	989258
Q9ULG6;Q9ULG6-2;Q9ULG6-5	Q9ULG6;Q9ULG6-2;Q9ULG6-3;Q9ULG6-5	CCPG1_HUMAN	CCPG1	Cell cycle progression protein 1	121284
Q9ULH0	Q9ULH0;Q9ULH0-2;Q9ULH0-4;Q9ULH0-5	KDIS_HUMAN	KIDINS220	Kinase D-interacting substrate of 220 kDa	681712
Q9ULH1;Q9ULH1-2	Q9ULH1;Q9ULH1-2	ASAP1_HUMAN	ASAP1	Arf-GAP with SH3 domain, ANK repeat and PH domain-containing protein 1	28736
Q9ULH7;Q9ULH7-4;Q9ULH7-5	Q9ULH7;Q9ULH7-4;Q9ULH7-5	MRTFB_HUMAN	MRTFB	Myocardin-related transcription factor B	2.89801e+06
Q9ULI0;Q9ULI0-2	Q9ULI0;Q9ULI0-2	ATD2B_HUMAN	ATAD2B	ATPase family AAA domain-containing protein 2B	205247
Q9ULI2;Q9ULI2-2	Q9ULI2;Q9ULI2-2	RIMKB_HUMAN	RIMKLB	Beta-citrylglutamate synthase B	93321
Q9ULJ3	Q9ULJ3;Q9ULJ3-2	ZBT21_HUMAN	ZBTB21	Zinc finger and BTB domain-containing protein 21	408251
Q9ULJ7	Q9ULJ7;Q9ULJ7-2	ANR50_HUMAN	ANKRD50	Ankyrin repeat domain-containing protein 50	238177
Q9ULJ8;Q9ULJ8-3;Q9ULJ8-4;Q9ULJ8-5	Q9ULJ8;Q9ULJ8-3;Q9ULJ8-4;Q9ULJ8-5	NEB1_HUMAN	PPP1R9A	Neurabin-1	744423
Q9ULK4;Q9ULK4-3;Q9ULK4-4;Q9ULK4-5	Q9ULK4;Q9ULK4-2;Q9ULK4-3;Q9ULK4-4;Q9ULK4-5;Q9ULK4-6	MED23_HUMAN	MED23	Mediator of RNA polymerase II transcription subunit 23	772507
Q9ULL1	Q9ULL1	PKHG1_HUMAN	PLEKHG1	Pleckstrin homology domain-containing family G member 1	2.43316e+06
Q9ULL5;Q9ULL5-2	Q9ULL5;Q9ULL5-2	PRR12_HUMAN	PRR12	Proline-rich protein 12	135313
Q9ULM3	Q9ULM3	YETS2_HUMAN	YEATS2	YEATS domain-containing protein 2	1.58054e+06
Q9ULM6	Q9ULM6	CNOT6_HUMAN	CNOT6	CCR4-NOT transcription complex subunit 6	47286
Q9ULP9;Q9ULP9-2	Q9ULP9;Q9ULP9-2	TBC24_HUMAN	TBC1D24	TBC1 domain family member 24	179619
Q9ULQ1;Q9ULQ1-3	Q9ULQ1;Q9ULQ1-3	TPC1_HUMAN	TPCN1	Two pore calcium channel protein 1	61616
Q9ULR0;Q9ULR0-1;Q9ULR0-2	Q9ULR0;Q9ULR0-1;Q9ULR0-2	ISY1_HUMAN	ISY1	Pre-mRNA-splicing factor ISY1 homolog	233841
Q9ULT0;Q9ULT0-4	Q9ULT0;Q9ULT0-3;Q9ULT0-4	TTC7A_HUMAN	TTC7A	Tetratricopeptide repeat protein 7A	348146
Q9ULT6;Q9ULT6-2	Q9ULT6;Q9ULT6-2	ZNRF3_HUMAN	ZNRF3	E3 ubiquitin-protein ligase ZNRF3	242934
Q9ULT8	Q9ULT8	HECD1_HUMAN	HECTD1	E3 ubiquitin-protein ligase HECTD1	720187
Q9ULU4;Q9ULU4-10;Q9ULU4-11;Q9ULU4-12;Q9ULU4-13;Q9ULU4-14;Q9ULU4-16;Q9ULU4-17;Q9ULU4-19;Q9ULU4-20;Q9ULU4-21;Q9ULU4-23;Q9ULU4-3;Q9ULU4-5;Q9ULU4-6;Q9ULU4-7;Q9ULU4-8;Q9ULU4-9	Q9ULU4;Q9ULU4-3;Q9ULU4-5;Q9ULU4-6;Q9ULU4-7;Q9ULU4-8;Q9ULU4-9;Q9ULU4-10;Q9ULU4-11;Q9ULU4-12;Q9ULU4-13;Q9ULU4-14;Q9ULU4-15;Q9ULU4-16;Q9ULU4-17;Q9ULU4-18;Q9ULU4-19;Q9ULU4-20;Q9ULU4-21;Q9ULU4-22;Q9ULU4-23	PKCB1_HUMAN	ZMYND8	Protein kinase C-binding protein 1	890844
Q9ULV0	Q9ULV0;Q9ULV0-2;Q9ULV0-3	MYO5B_HUMAN	MYO5B	Unconventional myosin-Vb	251763
Q9ULV3;Q9ULV3-2;Q9ULV3-5	Q9ULV3;Q9ULV3-2;Q9ULV3-3;Q9ULV3-4;Q9ULV3-5	CIZ1_HUMAN	CIZ1	Cip1-interacting zinc finger protein	106076
Q9ULV4;Q9ULV4-2;Q9ULV4-3	Q9ULV4;Q9ULV4-2;Q9ULV4-3	COR1C_HUMAN	CORO1C	Coronin-1C	3.47751e+06
Q9ULW0	Q9ULW0;Q9ULW0-2	TPX2_HUMAN	TPX2	Targeting protein for Xklp2	1.58045e+06
Q9ULW3	Q9ULW3	ABT1_HUMAN	ABT1	Activator of basal transcription 1	284932
Q9ULX3	Q9ULX3	NOB1_HUMAN	NOB1	RNA-binding protein NOB1	321953
Q9ULX6	Q9ULX6	AKP8L_HUMAN	AKAP8L	A-kinase anchor protein 8-like	1.40388e+06
Q9ULX9	Q9ULX9;Q9ULX9-2	MAFF_HUMAN	MAFF	Transcription factor MafF	102726
Q9UM00;Q9UM00-1;Q9UM00-2	Q9UM00;Q9UM00-2;Q9UM00-1	TMCO1_HUMAN	TMCO1	Calcium load-activated calcium channel	472775
Q9UM13	Q9UM13	APC10_HUMAN	ANAPC10	Anaphase-promoting complex subunit 10	259832
Q9UM19	Q9UM19	HPCL4_HUMAN	HPCAL4	Hippocalcin-like protein 4	137246
Q9UM22	Q9UM22;Q9UM22-3	EPDR1_HUMAN	EPDR1	Mammalian ependymin-related protein 1	387576
Q9UM54;Q9UM54-1;Q9UM54-4;Q9UM54-6	Q9UM54;Q9UM54-1;Q9UM54-2;Q9UM54-4;Q9UM54-5;Q9UM54-6	MYO6_HUMAN	MYO6	Unconventional myosin-VI	1.48896e+06
Q9UM73	Q9UM73	ALK_HUMAN	ALK	ALK tyrosine kinase receptor	176559
Q9UMF0	Q9UMF0	ICAM5_HUMAN	ICAM5	Intercellular adhesion molecule 5	3277
Q9UMN6	Q9UMN6	KMT2B_HUMAN	KMT2B	Histone-lysine N-methyltransferase 2B	481229
Q9UMR2	Q9UMR2;Q9UMR2-3	DD19B_HUMAN	DDX19B	ATP-dependent RNA helicase DDX19B	222726
Q9UMR5;Q9UMR5-3	Q9UMR5;Q9UMR5-2;Q9UMR5-3	PPT2_HUMAN	PPT2	Lysosomal thioesterase PPT2	338252
Q9UMS0;Q9UMS0-3	Q9UMS0;Q9UMS0-3	NFU1_HUMAN	NFU1	NFU1 iron-sulfur cluster scaffold homolog, mitochondrial	184920
Q9UMS4	Q9UMS4	PRP19_HUMAN	PRPF19	Pre-mRNA-processing factor 19	4.73547e+06
Q9UMX0	Q9UMX0;Q9UMX0-2;Q9UMX0-4	UBQL1_HUMAN	UBQLN1	Ubiquilin-1	671502
Q9UMX3	Q9UMX3	BOK_HUMAN	BOK	Bcl-2-related ovarian killer protein	13321
Q9UMX5	Q9UMX5	NENF_HUMAN	NENF	Neudesin	323584
Q9UMY1	Q9UMY1;Q9UMY1-2	NOL7_HUMAN	NOL7	Nucleolar protein 7	609853
Q9UMY4;Q9UMY4-1	Q9UMY4;Q9UMY4-1;Q9UMY4-3	SNX12_HUMAN	SNX12	Sorting nexin-12	1.16692e+06
Q9UMZ2;Q9UMZ2-5	Q9UMZ2;Q9UMZ2-3;Q9UMZ2-4;Q9UMZ2-5;Q9UMZ2-6;Q9UMZ2-7;Q9UMZ2-8;Q9UMZ2-9	SYNRG_HUMAN	SYNRG	Synergin gamma	184421
Q9UN36;Q9UN36-2;Q9UN36-3;Q9UN36-4;Q9UN36-6	Q9UN36;Q9UN36-2;Q9UN36-3;Q9UN36-4;Q9UN36-6	NDRG2_HUMAN	NDRG2	Protein NDRG2	66953
Q9UN37	Q9UN37	VPS4A_HUMAN	VPS4A	Vacuolar protein sorting-associated protein 4A	1.20132e+06
Q9UN79	Q9UN79	SOX13_HUMAN	SOX13	Transcription factor SOX-13	40002
Q9UN81	Q9UN81	LORF1_HUMAN	L1RE1	LINE-1 retrotransposable element ORF1 protein	152898
Q9UN86	Q9UN86;Q9UN86-2	G3BP2_HUMAN	G3BP2	Ras GTPase-activating protein-binding protein 2	2.24083e+06
Q9UNE7	Q9UNE7	CHIP_HUMAN	STUB1	E3 ubiquitin-protein ligase CHIP	658068
Q9UNF0	Q9UNF0;Q9UNF0-2	PACN2_HUMAN	PACSIN2	Protein kinase C and casein kinase substrate in neurons protein 2	1.52771e+06
Q9UNF1;Q9UNF1-2	Q9UNF1;Q9UNF1-2	MAGD2_HUMAN	MAGED2	Melanoma-associated antigen D2	872642
Q9UNH6;Q9UNH6-2;Q9UNH6-3	Q9UNH6;Q9UNH6-2;Q9UNH6-3	SNX7_HUMAN	SNX7	Sorting nexin-7	28656
Q9UNH7	Q9UNH7;Q9UNH7-2	SNX6_HUMAN	SNX6	Sorting nexin-6	2.59371e+06
Q9UNH7;Q9Y5X3	Q9Y5X3;Q9UNH7	SNX5_HUMAN;SNX6_HUMAN	SNX5;SNX6	Sorting nexin-6	418819
Q9UNI6	Q9UNI6	DUS12_HUMAN	DUSP12	Dual specificity protein phosphatase 12	616074
Q9UNK0	Q9UNK0	STX8_HUMAN	STX8	Syntaxin-8	363227
Q9UNL2;Q9UNL2-2	Q9UNL2;Q9UNL2-2	SSRG_HUMAN	SSR3	Translocon-associated protein subunit gamma	375235
Q9UNM6	Q9UNM6;Q9UNM6-2	PSD13_HUMAN	PSMD13	26S proteasome non-ATPase regulatory subunit 13	5.07496e+06
Q9UNN5	Q9UNN5;Q9UNN5-2	FAF1_HUMAN	FAF1	FAS-associated factor 1	945481
Q9UNN8	Q9UNN8	EPCR_HUMAN	PROCR	Endothelial protein C receptor	526461
Q9UNP9;Q9UNP9-2;Q9UNP9-3	Q9UNP9;Q9UNP9-2;Q9UNP9-3	PPIE_HUMAN	PPIE	Peptidyl-prolyl cis-trans isomerase E	737393
Q9UNQ2	Q9UNQ2	DIM1_HUMAN	DIMT1	Probable dimethyladenosine transferase	905644
Q9UNS1;Q9UNS1-2	Q9UNS1;Q9UNS1-2	TIM_HUMAN	TIMELESS	Protein timeless homolog	59599
Q9UNS2	Q9UNS2;Q9UNS2-2	CSN3_HUMAN	COPS3	COP9 signalosome complex subunit 3	2.19513e+06
Q9UNW1;Q9UNW1-4	Q9UNW1;Q9UNW1-4	MINP1_HUMAN	MINPP1	Multiple inositol polyphosphate phosphatase 1	268379
Q9UNX3	Q9UNX3	RL26L_HUMAN	RPL26L1	60S ribosomal protein L26-like 1	259811
Q9UNX4	Q9UNX4	WDR3_HUMAN	WDR3	WD repeat-containing protein 3	2.70098e+06
Q9UNY4	Q9UNY4;Q9UNY4-2	TTF2_HUMAN	TTF2	Transcription termination factor 2	1.25047e+06
Q9UNZ2;Q9UNZ2-5	Q9UNZ2;Q9UNZ2-4;Q9UNZ2-5;Q9UNZ2-6	NSF1C_HUMAN	NSFL1C	NSFL1 cofactor p47	2.13138e+06
Q9UNZ5	Q9UNZ5	L10K_HUMAN	C19orf53	Leydig cell tumor 10 kDa protein homolog	50854
Q9UP83;Q9UP83-2	Q9UP83;Q9UP83-2;Q9UP83-3	COG5_HUMAN	COG5	Conserved oligomeric Golgi complex subunit 5	646946
Q9UP95;Q9UP95-2;Q9UP95-5;Q9UP95-6	Q9UP95;Q9UP95-2;Q9UP95-3;Q9UP95-4;Q9UP95-5;Q9UP95-6	S12A4_HUMAN	SLC12A4	Solute carrier family 12 member 4	286276
Q9UPA5	Q9UPA5	BSN_HUMAN	BSN	Protein bassoon	471313
Q9UPM8	Q9UPM8;Q9UPM8-2	AP4E1_HUMAN	AP4E1	AP-4 complex subunit epsilon-1	382088
Q9UPN3	Q9UPN3;Q9UPN3-2;Q9UPN3-3;Q9UPN3-4;Q9UPN3-5	MACF1_HUMAN	MACF1	Microtubule-actin cross-linking factor 1, isoforms 1/2/3/5	5.48671e+06
Q9UPN4;Q9UPN4-2;Q9UPN4-3	Q9UPN4;Q9UPN4-2;Q9UPN4-3	CP131_HUMAN	CEP131	Centrosomal protein of 131 kDa	365439
Q9UPN6	Q9UPN6	SCAF8_HUMAN	SCAF8	SR-related and CTD-associated factor 8	1.0471e+06
Q9UPN7	Q9UPN7	PP6R1_HUMAN	PPP6R1	Serine/threonine-protein phosphatase 6 regulatory subunit 1	482742
Q9UPN9	Q9UPN9;Q9UPN9-2	TRI33_HUMAN	TRIM33	E3 ubiquitin-protein ligase TRIM33	1.04958e+06
Q9UPP1;Q9UPP1-2	Q9UPP1;Q9UPP1-2;Q9UPP1-3;Q9UPP1-4;Q9UPP1-5	PHF8_HUMAN	PHF8	Histone lysine demethylase PHF8	225597
Q9UPQ0;Q9UPQ0-10;Q9UPQ0-2	Q9UPQ0;Q9UPQ0-2;Q9UPQ0-4;Q9UPQ0-10	LIMC1_HUMAN	LIMCH1	LIM and calponin homology domains-containing protein 1	2.6064e+06
Q9UPQ9;Q9UPQ9-1	Q9UPQ9;Q9UPQ9-1	TNR6B_HUMAN	TNRC6B	Trinucleotide repeat-containing gene 6B protein	249409
Q9UPR0;Q9UPR0-2;Q9UPR0-3	Q9UPR0;Q9UPR0-2;Q9UPR0-3	PLCL2_HUMAN	PLCL2	Inactive phospholipase C-like protein 2	312298
Q9UPR3	Q9UPR3	SMG5_HUMAN	SMG5	Protein SMG5	161622
Q9UPS8	Q9UPS8;Q9UPS8-2	ANR26_HUMAN	ANKRD26	Ankyrin repeat domain-containing protein 26	1.34337e+06
Q9UPT5;Q9UPT5-5;Q9UPT5-6	Q9UPT5;Q9UPT5-1;Q9UPT5-2;Q9UPT5-5;Q9UPT5-6	EXOC7_HUMAN	EXOC7	Exocyst complex component 7	789760
Q9UPT6	Q9UPT6	JIP3_HUMAN	MAPK8IP3	C-Jun-amino-terminal kinase-interacting protein 3	66434
Q9UPT8	Q9UPT8	ZC3H4_HUMAN	ZC3H4	Zinc finger CCCH domain-containing protein 4	889514
Q9UPT9;Q9UPT9-2	Q9UPT9;Q9UPT9-2	UBP22_HUMAN	USP22	Ubiquitin carboxyl-terminal hydrolase 22	16842
Q9UPU5	Q9UPU5	UBP24_HUMAN	USP24	Ubiquitin carboxyl-terminal hydrolase 24	2.2776e+06
Q9UPU7;Q9UPU7-2	Q9UPU7;Q9UPU7-2;Q9UPU7-3	TBD2B_HUMAN	TBC1D2B	TBC1 domain family member 2B	55635
Q9UPW0;Q9UPW0-2	Q9UPW0;Q9UPW0-2	FOXJ3_HUMAN	FOXJ3	Forkhead box protein J3	58899
Q9UPW5	Q9UPW5;Q9UPW5-2;Q9UPW5-3	CBPC1_HUMAN	AGTPBP1	Cytosolic carboxypeptidase 1	1.73563e+06
Q9UPY3;Q9UPY3-2	Q9UPY3;Q9UPY3-2	DICER_HUMAN	DICER1	Endoribonuclease Dicer	450229
Q9UPY5	Q9UPY5	XCT_HUMAN	SLC7A11	Cystine/glutamate transporter	300105
Q9UPY8;Q9UPY8-2	Q9UPY8;Q9UPY8-2	MARE3_HUMAN	MAPRE3	Microtubule-associated protein RP/EB family member 3	52399
Q9UPZ3;Q9UPZ3-2	Q9UPZ3;Q9UPZ3-2	HPS5_HUMAN	HPS5	Hermansky-Pudlak syndrome 5 protein	62391
Q9UPZ9;Q9UPZ9-2	Q9UPZ9;Q9UPZ9-2	CILK1_HUMAN	CILK1	Serine/threonine-protein kinase ICK	14435
Q9UQ13;Q9UQ13-2	Q9UQ13;Q9UQ13-2	SHOC2_HUMAN	SHOC2	Leucine-rich repeat protein SHOC-2	257757
Q9UQ16;Q9UQ16-2;Q9UQ16-3;Q9UQ16-4;Q9UQ16-5	P50570-3;P50570-4;Q9UQ16;Q9UQ16-2;Q9UQ16-3;Q9UQ16-4;Q9UQ16-5	DYN3_HUMAN	DNM3	Dynamin-3	569305
Q9UQ35	Q9UQ35	SRRM2_HUMAN	SRRM2	Serine/arginine repetitive matrix protein 2	5.98877e+06
Q9UQ49;Q9UQ49-2	Q9UQ49;Q9UQ49-2	NEUR3_HUMAN	NEU3	Sialidase-3	20954
Q9UQ80	Q9UQ80;Q9UQ80-2	PA2G4_HUMAN	PA2G4	Proliferation-associated protein 2G4	1.75228e+07
Q9UQ84;Q9UQ84-4	Q9UQ84;Q9UQ84-4	EXO1_HUMAN	EXO1	Exonuclease 1	1.11792e+06
Q9UQ90	Q9UQ90	SPG7_HUMAN	SPG7	Paraplegin	351952
Q9UQB8	Q9UQB8;Q9UQB8-2;Q9UQB8-3;Q9UQB8-4;Q9UQB8-5;Q9UQB8-6	BAIP2_HUMAN	BAIAP2	Brain-specific angiogenesis inhibitor 1-associated protein 2	193260
Q9UQE7	Q9UQE7	SMC3_HUMAN	SMC3	Structural maintenance of chromosomes protein 3	7.28248e+06
Q9UQN3;Q9UQN3-2	Q9UQN3;Q9UQN3-2	CHM2B_HUMAN	CHMP2B	Charged multivesicular body protein 2b	78752
Q9UQR0	Q9UQR0	SCML2_HUMAN	SCML2	Sex comb on midleg-like protein 2	515105
Q9UQR1	Q9UQR1	ZN148_HUMAN	ZNF148	Zinc finger protein 148	256190
Q9Y217	Q9Y217	MTMR6_HUMAN	MTMR6	Myotubularin-related protein 6	205218
Q9Y221	Q9Y221;Q9Y221-2	NIP7_HUMAN	NIP7	60S ribosome subunit biogenesis protein NIP7 homolog	909400
Q9Y223;Q9Y223-2	Q9Y223;Q9Y223-2;Q9Y223-3;Q9Y223-4	GLCNE_HUMAN	GNE	Bifunctional UDP-N-acetylglucosamine 2-epimerase/N-acetylmannosamine kinase	1.19213e+06
Q9Y224	Q9Y224	RTRAF_HUMAN	RTRAF	RNA transcription, translation and transport factor protein	3.0629e+06
Q9Y228;Q9Y228-2	Q9Y228;Q9Y228-2;Q9Y228-3	T3JAM_HUMAN	TRAF3IP3	TRAF3-interacting JNK-activating modulator	373192
Q9Y230	Q9Y230;Q9Y230-2	RUVB2_HUMAN	RUVBL2	RuvB-like 2	7.46472e+06
Q9Y232;Q9Y232-2;Q9Y232-4	Q9Y232;Q9Y232-2;Q9Y232-3;Q9Y232-4	CDYL_HUMAN	CDYL	Chromodomain Y-like protein	371297
Q9Y237;Q9Y237-2	Q9Y237;Q9Y237-2	PIN4_HUMAN	PIN4	Peptidyl-prolyl cis-trans isomerase NIMA-interacting 4	2.21247e+06
Q9Y240	Q9Y240	CLC11_HUMAN	CLEC11A	C-type lectin domain family 11 member A	117769
Q9Y244	Q9Y244	POMP_HUMAN	POMP	Proteasome maturation protein	131434
Q9Y248	Q9Y248	PSF2_HUMAN	GINS2	DNA replication complex GINS protein PSF2	52969
Q9Y256	Q9Y256	FACE2_HUMAN	RCE1	CAAX prenyl protease 2	53340
Q9Y259	Q9Y259	CHKB_HUMAN	CHKB	Choline/ethanolamine kinase	444841
Q9Y262	Q9Y262;Q9Y262-2	EIF3L_HUMAN	EIF3L	Eukaryotic translation initiation factor 3 subunit L	7.05008e+06
Q9Y263	Q9Y263	PLAP_HUMAN	PLAA	Phospholipase A-2-activating protein	3.39129e+06
Q9Y265	Q9Y265	RUVB1_HUMAN	RUVBL1	RuvB-like 1	4.5622e+06
Q9Y266	Q9Y266	NUDC_HUMAN	NUDC	Nuclear migration protein nudC	1.21304e+07
Q9Y274;Q9Y274-2	Q9Y274;Q9Y274-2	SIA10_HUMAN	ST3GAL6	Type 2 lactosamine alpha-2,3-sialyltransferase	33491
Q9Y276	Q9Y276	BCS1_HUMAN	BCS1L	Mitochondrial chaperone BCS1	356141
Q9Y277	Q9Y277;Q9Y277-2	VDAC3_HUMAN	VDAC3	Voltage-dependent anion-selective channel protein 3	3.28198e+06
Q9Y281-3	Q9Y281;Q9Y281-3	COF2_HUMAN	CFL2	Isoform 3 of Cofilin-2	732250
Q9Y282;Q9Y282-3	Q9Y282;Q9Y282-2;Q9Y282-3	ERGI3_HUMAN	ERGIC3	Endoplasmic reticulum-Golgi intermediate compartment protein 3	842207
Q9Y285	Q9Y285;Q9Y285-2	SYFA_HUMAN	FARSA	Phenylalanine--tRNA ligase alpha subunit	3.36854e+06
Q9Y287;Q9Y287-2	Q9Y287;Q9Y287-2	ITM2B_HUMAN	ITM2B	Integral membrane protein 2B	96399
Q9Y289	Q9Y289	SC5A6_HUMAN	SLC5A6	Sodium-dependent multivitamin transporter	119373
Q9Y291	Q9Y291	RT33_HUMAN	MRPS33	28S ribosomal protein S33, mitochondrial	76194
Q9Y294	Q9Y294	ASF1A_HUMAN	ASF1A	Histone chaperone ASF1A	219574
Q9Y295	Q9Y295	DRG1_HUMAN	DRG1	Developmentally-regulated GTP-binding protein 1	1.88178e+06
Q9Y296	Q9Y296;Q9Y296-2	TPPC4_HUMAN	TRAPPC4	Trafficking protein particle complex subunit 4	222363
Q9Y2A7;Q9Y2A7-2	Q9Y2A7;Q9Y2A7-2	NCKP1_HUMAN	NCKAP1	Nck-associated protein 1	1.88326e+06
Q9Y2B0	Q9Y2B0;Q9Y2B0-2	CNPY2_HUMAN	CNPY2	Protein canopy homolog 2	7.65392e+06
Q9Y2C2	Q9Y2C2	UST_HUMAN	UST	Uronyl 2-sulfotransferase	9352
Q9Y2C4;Q9Y2C4-3;Q9Y2C4-4	Q9Y2C4;Q9Y2C4-3;Q9Y2C4-4	EXOG_HUMAN	EXOG	Nuclease EXOG, mitochondrial	122433
Q9Y2D4	Q9Y2D4	EXC6B_HUMAN	EXOC6B	Exocyst complex component 6B	117792
Q9Y2D5;Q9Y2D5-4;Q9Y2D5-5;Q9Y2D5-6;Q9Y2D5-7	Q9Y2D5;Q9Y2D5-4;Q9Y2D5-5;Q9Y2D5-6;Q9Y2D5-7	AKAP2_HUMAN	AKAP2	A-kinase anchor protein 2	354058
Q9Y2E4	Q9Y2E4	DIP2C_HUMAN	DIP2C	Disco-interacting protein 2 homolog C	354289
Q9Y2F5	Q9Y2F5	ICE1_HUMAN	ICE1	Little elongation complex subunit 1	219749
Q9Y2G0	Q9Y2G0;Q9Y2G0-3	EFR3B_HUMAN	EFR3B	Protein EFR3 homolog B	39773
Q9Y2G5;Q9Y2G5-1;Q9Y2G5-2	Q9Y2G5;Q9Y2G5-1;Q9Y2G5-2	OFUT2_HUMAN	POFUT2	GDP-fucose protein O-fucosyltransferase 2	145120
Q9Y2G8	Q9Y2G8	DJC16_HUMAN	DNAJC16	DnaJ homolog subfamily C member 16	241960
Q9Y2G9;Q9Y2G9-3	Q9Y2G9;Q9Y2G9-3	SBNO2_HUMAN	SBNO2	Protein strawberry notch homolog 2	1.08721e+06
Q9Y2H0;Q9Y2H0-1;Q9Y2H0-3	Q9Y2H0;Q9Y2H0-1;Q9Y2H0-3	DLGP4_HUMAN	DLGAP4	Disks large-associated protein 4	253289
Q9Y2H2	Q9Y2H2;Q9Y2H2-2	SAC2_HUMAN	INPP5F	Phosphatidylinositide phosphatase SAC2	326102
Q9Y2H5	Q9Y2H5	PKHA6_HUMAN	PLEKHA6	Pleckstrin homology domain-containing family A member 6	67957
Q9Y2H6;Q9Y2H6-2	Q9Y2H6;Q9Y2H6-2	FND3A_HUMAN	FNDC3A	Fibronectin type-III domain-containing protein 3A	1.2788e+06
Q9Y2I1;Q9Y2I1-3;Q9Y2I1-4	Q9Y2I1;Q9Y2I1-3;Q9Y2I1-4	NISCH_HUMAN	NISCH	Nischarin	55177
Q9Y2I7	Q9Y2I7	FYV1_HUMAN	PIKFYVE	1-phosphatidylinositol 3-phosphate 5-kinase	403631
Q9Y2I8;Q9Y2I8-2;Q9Y2I8-3	Q9Y2I8;Q9Y2I8-2;Q9Y2I8-3	WDR37_HUMAN	WDR37	WD repeat-containing protein 37	10855
Q9Y2I9	Q9Y2I9	TBC30_HUMAN	TBC1D30	TBC1 domain family member 30	8367
Q9Y2J4;Q9Y2J4-2;Q9Y2J4-4	Q9Y2J4;Q9Y2J4-2;Q9Y2J4-3;Q9Y2J4-4	AMOL2_HUMAN	AMOTL2	Angiomotin-like protein 2	25934
Q9Y2K5	Q9Y2K5;Q9Y2K5-2;Q9Y2K5-3	R3HD2_HUMAN	R3HDM2	R3H domain-containing protein 2	59867
Q9Y2K6	Q9Y2K6	UBP20_HUMAN	USP20	Ubiquitin carboxyl-terminal hydrolase 20	160651
Q9Y2K7	Q9Y2K7;Q9Y2K7-2;Q9Y2K7-4;Q9Y2K7-5	KDM2A_HUMAN	KDM2A	Lysine-specific demethylase 2A	1.46276e+06
Q9Y2L1	Q9Y2L1;Q9Y2L1-2	RRP44_HUMAN	DIS3	Exosome complex exonuclease RRP44	3.56586e+06
Q9Y2L5;Q9Y2L5-2	Q9Y2L5;Q9Y2L5-2	TPPC8_HUMAN	TRAPPC8	Trafficking protein particle complex subunit 8	391289
Q9Y2L9;Q9Y2L9-2;Q9Y2L9-3	Q9Y2L9;Q9Y2L9-2;Q9Y2L9-3	LRCH1_HUMAN	LRCH1	Leucine-rich repeat and calponin homology domain-containing protein 1	164710
Q9Y2P8	Q9Y2P8;Q9Y2P8-2	RCL1_HUMAN	RCL1	RNA 3'-terminal phosphate cyclase-like protein	835920
Q9Y2Q3	Q9Y2Q3;Q9Y2Q3-2;Q9Y2Q3-3;Q9Y2Q3-4	GSTK1_HUMAN	GSTK1	Glutathione S-transferase kappa 1	2.153e+06
Q9Y2Q5	Q9Y2Q5;Q9Y2Q5-2;Q9Y2Q5-3	LTOR2_HUMAN	LAMTOR2	Ragulator complex protein LAMTOR2	352603
Q9Y2Q9	Q9Y2Q9	RT28_HUMAN	MRPS28	28S ribosomal protein S28, mitochondrial	476265
Q9Y2R0	Q9Y2R0	COA3_HUMAN	COA3	Cytochrome c oxidase assembly factor 3 homolog, mitochondrial	550942
Q9Y2R4	Q9Y2R4	DDX52_HUMAN	DDX52	Probable ATP-dependent RNA helicase DDX52	905261
Q9Y2R5	Q9Y2R5	RT17_HUMAN	MRPS17	28S ribosomal protein S17, mitochondrial	82145
Q9Y2R9	Q9Y2R9	RT07_HUMAN	MRPS7	28S ribosomal protein S7, mitochondrial	1.13685e+06
Q9Y2S6	Q9Y2S6	TMA7_HUMAN	TMA7	Translation machinery-associated protein 7	452435
Q9Y2S7	Q9Y2S7	PDIP2_HUMAN	POLDIP2	Polymerase delta-interacting protein 2	636630
Q9Y2T2	Q9Y2T2	AP3M1_HUMAN	AP3M1	AP-3 complex subunit mu-1	600911
Q9Y2U5	Q9Y2U5	M3K2_HUMAN	MAP3K2	Mitogen-activated protein kinase kinase kinase 2	16520
Q9Y2U8	Q9Y2U8	MAN1_HUMAN	LEMD3	Inner nuclear membrane protein Man1	1.4339e+06
Q9Y2V2	Q9Y2V2	CHSP1_HUMAN	CARHSP1	Calcium-regulated heat-stable protein 1	626832
Q9Y2V7	Q9Y2V7;Q9Y2V7-2	COG6_HUMAN	COG6	Conserved oligomeric Golgi complex subunit 6	248374
Q9Y2W1	Q9Y2W1	TR150_HUMAN	THRAP3	Thyroid hormone receptor-associated protein 3	7.66226e+06
Q9Y2W2	Q9Y2W2	WBP11_HUMAN	WBP11	WW domain-binding protein 11	2.21419e+06
Q9Y2X0;Q9Y2X0-2;Q9Y2X0-3;Q9Y2X0-4;Q9Y2X0-5	Q9Y2X0;Q9Y2X0-2;Q9Y2X0-3;Q9Y2X0-4;Q9Y2X0-5	MED16_HUMAN	MED16	Mediator of RNA polymerase II transcription subunit 16	1.1499e+06
Q9Y2X3	Q9Y2X3	NOP58_HUMAN	NOP58	Nucleolar protein 58	5.61467e+06
Q9Y2X7;Q9Y2X7-3	Q9Y2X7;Q9Y2X7-2;Q9Y2X7-3	GIT1_HUMAN	GIT1	ARF GTPase-activating protein GIT1	607856
Q9Y2X9;Q9Y2X9-2	Q9Y2X9;Q9Y2X9-2	ZN281_HUMAN	ZNF281	Zinc finger protein 281	96129
Q9Y2Y0;Q9Y2Y0-2	Q9Y2Y0;Q9Y2Y0-2	AR2BP_HUMAN	ARL2BP	ADP-ribosylation factor-like protein 2-binding protein	373738
Q9Y2Y9	Q9Y2Y9	KLF13_HUMAN	KLF13	Krueppel-like factor 13	38672
Q9Y2Z0;Q9Y2Z0-2	Q9Y2Z0;Q9Y2Z0-2	SGT1_HUMAN	SUGT1	Protein SGT1 homolog	2.77506e+06
Q9Y2Z2;Q9Y2Z2-4;Q9Y2Z2-6	Q9Y2Z2;Q9Y2Z2-2;Q9Y2Z2-4;Q9Y2Z2-5;Q9Y2Z2-6	MTO1_HUMAN	MTO1	Protein MTO1 homolog, mitochondrial	380442
Q9Y2Z4	Q9Y2Z4	SYYM_HUMAN	YARS2	Tyrosine--tRNA ligase, mitochondrial	1.01057e+06
Q9Y2Z9;Q9Y2Z9-3	Q9Y2Z9;Q9Y2Z9-2;Q9Y2Z9-3	COQ6_HUMAN	COQ6	Ubiquinone biosynthesis monooxygenase COQ6, mitochondrial	113960
Q9Y303;Q9Y303-2;Q9Y303-3	Q9Y303;Q9Y303-2;Q9Y303-3	NAGA_HUMAN	AMDHD2	N-acetylglucosamine-6-phosphate deacetylase	179602
Q9Y305;Q9Y305-2;Q9Y305-4	Q9Y305;Q9Y305-2;Q9Y305-3;Q9Y305-4	ACOT9_HUMAN	ACOT9	Acyl-coenzyme A thioesterase 9, mitochondrial	2.72534e+06
Q9Y312	Q9Y312	AAR2_HUMAN	AAR2	Protein AAR2 homolog	257471
Q9Y314	Q9Y314	NOSIP_HUMAN	NOSIP	Nitric oxide synthase-interacting protein	798749
Q9Y315	Q9Y315	DEOC_HUMAN	DERA	Deoxyribose-phosphate aldolase	897473
Q9Y316;Q9Y316-3	Q9Y316;Q9Y316-2;Q9Y316-3	MEMO1_HUMAN	MEMO1	Protein MEMO1	371204
Q9Y320;Q9Y320-2	Q9Y320;Q9Y320-2	TMX2_HUMAN	TMX2	Thioredoxin-related transmembrane protein 2	409328
Q9Y324	Q9Y324	FCF1_HUMAN	FCF1	rRNA-processing protein FCF1 homolog	332428
Q9Y333	Q9Y333	LSM2_HUMAN	LSM2	U6 snRNA-associated Sm-like protein LSm2	1.16822e+06
Q9Y342	Q9Y342	PLLP_HUMAN	PLLP	Plasmolipin	8830
Q9Y343;Q9Y343-2	Q9Y343;Q9Y343-2	SNX24_HUMAN	SNX24	Sorting nexin-24	16428
Q9Y371;Q9Y371-2	Q9Y371;Q9Y371-2	SHLB1_HUMAN	SH3GLB1	Endophilin-B1	465661
Q9Y375	Q9Y375	CIA30_HUMAN	NDUFAF1	Complex I intermediate-associated protein 30, mitochondrial	549813
Q9Y376	Q9Y376	CAB39_HUMAN	CAB39	Calcium-binding protein 39	940751
Q9Y383	Q96HJ9-2;Q9Y383;Q9Y383-2;Q9Y383-3	LC7L2_HUMAN	LUC7L2	Putative RNA-binding protein Luc7-like 2	3.03116e+06
Q9Y388	Q9Y388	RBMX2_HUMAN	RBMX2	RNA-binding motif protein, X-linked 2	79964
Q9Y394	Q9Y394;Q9Y394-2	DHRS7_HUMAN	DHRS7	Dehydrogenase/reductase SDR family member 7	1.9212e+06
Q9Y399	Q9Y399	RT02_HUMAN	MRPS2	28S ribosomal protein S2, mitochondrial	372395
Q9Y3A2	Q9Y3A2;Q9Y3A2-2	UTP11_HUMAN	UTP11	Probable U3 small nucleolar RNA-associated protein 11	281159
Q9Y3A3;Q9Y3A3-2;Q9Y3A3-3	Q9Y3A3;Q9Y3A3-2;Q9Y3A3-3	PHOCN_HUMAN	MOB4	MOB-like protein phocein	365648
Q9Y3A4	Q9Y3A4	RRP7A_HUMAN	RRP7A	Ribosomal RNA-processing protein 7 homolog A	1.98224e+06
Q9Y3A5	Q9Y3A5	SBDS_HUMAN	SBDS	Ribosome maturation protein SBDS	1.97929e+06
Q9Y3A6	Q9Y3A6;Q9Y3A6-2	TMED5_HUMAN	TMED5	Transmembrane emp24 domain-containing protein 5	622709
Q9Y3B2	Q9Y3B2	EXOS1_HUMAN	EXOSC1	Exosome complex component CSL4	1.30666e+06
Q9Y3B4	Q9Y3B4	SF3B6_HUMAN	SF3B6	Splicing factor 3B subunit 6	556170
Q9Y3B7	Q9Y3B7;Q9Y3B7-3	RM11_HUMAN	MRPL11	39S ribosomal protein L11, mitochondrial	848890
Q9Y3B8	Q9Y3B8;Q9Y3B8-2;Q9Y3B8-3	ORN_HUMAN	REXO2	Oligoribonuclease, mitochondrial	946213
Q9Y3B9	Q9Y3B9	RRP15_HUMAN	RRP15	RRP15-like protein	522468
Q9Y3C0	Q9Y3C0	WASC3_HUMAN	WASHC3	WASH complex subunit 3	148087
Q9Y3C1	Q9Y3C1;Q9Y3C1-2;Q9Y3C1-3	NOP16_HUMAN	NOP16	Nucleolar protein 16	1.54091e+06
Q9Y3C4;Q9Y3C4-3	Q9Y3C4;Q9Y3C4-3	TPRKB_HUMAN	TPRKB	EKC/KEOPS complex subunit TPRKB	232036
Q9Y3C6	Q9Y3C6	PPIL1_HUMAN	PPIL1	Peptidyl-prolyl cis-trans isomerase-like 1	2.41019e+06
Q9Y3C7	Q9Y3C7	MED31_HUMAN	MED31	Mediator of RNA polymerase II transcription subunit 31	42755
Q9Y3C8	Q9Y3C8	UFC1_HUMAN	UFC1	Ubiquitin-fold modifier-conjugating enzyme 1	608757
Q9Y3D0	Q9Y3D0	CIA2B_HUMAN	CIAO2B	Cytosolic iron-sulfur assembly component 2B	162512
Q9Y3D2	Q9Y3D2	MSRB2_HUMAN	MSRB2	Methionine-R-sulfoxide reductase B2, mitochondrial	73438
Q9Y3D3	Q9Y3D3	RT16_HUMAN	MRPS16	28S ribosomal protein S16, mitochondrial	444303
Q9Y3D5	Q9Y3D5	RT18C_HUMAN	MRPS18C	28S ribosomal protein S18c, mitochondrial	42039
Q9Y3D6	Q9Y3D6	FIS1_HUMAN	FIS1	Mitochondrial fission 1 protein	868811
Q9Y3D8	Q9Y3D8;Q9Y3D8-2	KAD6_HUMAN	AK6	Adenylate kinase isoenzyme 6	117127
Q9Y3D9	Q9Y3D9	RT23_HUMAN	MRPS23	28S ribosomal protein S23, mitochondrial	704318
Q9Y3E0	Q9Y3E0	GOT1B_HUMAN	GOLT1B	Vesicle transport protein GOT1B	88783
Q9Y3E1	Q9Y3E1	HDGR3_HUMAN	HDGFL3	Hepatoma-derived growth factor-related protein 3	70964
Q9Y3E2	Q9Y3E2	BOLA1_HUMAN	BOLA1	BolA-like protein 1	290081
Q9Y3E5	Q9Y3E5	PTH2_HUMAN	PTRH2	Peptidyl-tRNA hydrolase 2, mitochondrial	680375
Q9Y3E7	Q9Y3E7;Q9Y3E7-4	CHMP3_HUMAN	CHMP3	Charged multivesicular body protein 3	265199
Q9Y3F4;Q9Y3F4-2	Q9Y3F4;Q9Y3F4-2	STRAP_HUMAN	STRAP	Serine-threonine kinase receptor-associated protein	6.94338e+06
Q9Y3I0	Q9Y3I0	RTCB_HUMAN	RTCB	RNA-splicing ligase RtcB homolog	6.90781e+06
Q9Y3I1	Q9Y3I1	FBX7_HUMAN	FBXO7	F-box only protein 7	227874
Q9Y3L5	Q9Y3L5	RAP2C_HUMAN	RAP2C	Ras-related protein Rap-2c	338892
Q9Y3P4	Q9Y3P4	RHBD3_HUMAN	RHBDD3	Rhomboid domain-containing protein 3	62594
Q9Y3P9	Q9Y3P9;Q9Y3P9-2;Q9Y3P9-3	RBGP1_HUMAN	RABGAP1	Rab GTPase-activating protein 1	1.52881e+06
Q9Y3Q3	Q9Y3Q3	TMED3_HUMAN	TMED3	Transmembrane emp24 domain-containing protein 3	241618
Q9Y3Q8	Q9Y3Q8	T22D4_HUMAN	TSC22D4	TSC22 domain family protein 4	157682
Q9Y3R5;Q9Y3R5-2	Q9Y3R5;Q9Y3R5-2	DOP2_HUMAN	DOP1B	Protein dopey-2	654307
Q9Y3S2	Q9Y3S2	ZN330_HUMAN	ZNF330	Zinc finger protein 330	43308
Q9Y3T6;Q9Y3T6-3	Q9Y3T6;Q9Y3T6-3	R3HC1_HUMAN	R3HCC1	R3H and coiled-coil domain-containing protein 1	62826
Q9Y3T9	Q9Y3T9	NOC2L_HUMAN	NOC2L	Nucleolar complex protein 2 homolog	2.65641e+06
Q9Y3U8	Q9Y3U8	RL36_HUMAN	RPL36	60S ribosomal protein L36	8.02051e+06
Q9Y3X0	Q9Y3X0	CCDC9_HUMAN	CCDC9	Coiled-coil domain-containing protein 9	136237
Q9Y3Y2;Q9Y3Y2-3;Q9Y3Y2-4	Q9Y3Y2;Q9Y3Y2-3;Q9Y3Y2-4	CHTOP_HUMAN	CHTOP	Chromatin target of PRMT1 protein	2.79235e+06
Q9Y3Z3	Q9Y3Z3;Q9Y3Z3-3;Q9Y3Z3-4	SAMH1_HUMAN	SAMHD1	Deoxynucleoside triphosphate triphosphohydrolase SAMHD1	2.42588e+06
Q9Y421;Q9Y421-2;Q9Y421-3	Q9Y421;Q9Y421-2;Q9Y421-3	FA32A_HUMAN	FAM32A	Protein FAM32A	26831
Q9Y446;Q9Y446-2	Q9Y446;Q9Y446-2	PKP3_HUMAN	PKP3	Plakophilin-3	1.45342e+06
Q9Y448;Q9Y448-2	Q9Y448;Q9Y448-2	SKAP_HUMAN	KNSTRN	Small kinetochore-associated protein	44815
Q9Y450	Q9Y450;Q9Y450-4	HBS1L_HUMAN	HBS1L	HBS1-like protein	957781
Q9Y478	Q9Y478	AAKB1_HUMAN	PRKAB1	5'-AMP-activated protein kinase subunit beta-1	290522
Q9Y483;Q9Y483-4	Q9Y483;Q9Y483-3;Q9Y483-4	MTF2_HUMAN	MTF2	Metal-response element-binding transcription factor 2	186640
Q9Y484;Q9Y484-2;Q9Y484-3	Q9Y484;Q9Y484-2;Q9Y484-3	WIPI4_HUMAN	WDR45	WD repeat domain phosphoinositide-interacting protein 4	138737
Q9Y485	Q9Y485	DMXL1_HUMAN	DMXL1	DmX-like protein 1	317659
Q9Y487	Q9Y487	VPP2_HUMAN	ATP6V0A2	V-type proton ATPase 116 kDa subunit a isoform 2	721220
Q9Y490	Q9Y490	TLN1_HUMAN	TLN1	Talin-1	1.62681e+07
Q9Y490;Q9Y4G6	Q9Y4G6;Q9Y490	TLN1_HUMAN;TLN2_HUMAN	TLN1;TLN2	Talin-1	1.75392e+06
Q9Y496	Q9Y496	KIF3A_HUMAN	KIF3A	Kinesin-like protein KIF3A	194893
Q9Y4A5;Q9Y4A5-2	Q9Y4A5;Q9Y4A5-2	TRRAP_HUMAN	TRRAP	Transformation/transcription domain-associated protein	1.40024e+06
Q9Y4B4	Q9Y4B4	ARIP4_HUMAN	RAD54L2	Helicase ARIP4	358872
Q9Y4B5;Q9Y4B5-2;Q9Y4B5-3	Q9Y4B5;Q9Y4B5-2;Q9Y4B5-3	MTCL1_HUMAN	MTCL1	Microtubule cross-linking factor 1	292151
Q9Y4B6;Q9Y4B6-2	Q9Y4B6;Q9Y4B6-2;Q9Y4B6-3	DCAF1_HUMAN	DCAF1	DDB1- and CUL4-associated factor 1	989907
Q9Y4C1	Q9Y4C1	KDM3A_HUMAN	KDM3A	Lysine-specific demethylase 3A	204678
Q9Y4C2;Q9Y4C2-2	Q9Y4C2;Q9Y4C2-2	TCAF1_HUMAN	TCAF1	TRPM8 channel-associated factor 1	155611
Q9Y4C8	Q9Y4C8	RBM19_HUMAN	RBM19	Probable RNA-binding protein 19	508074
Q9Y4D1;Q9Y4D1-2	Q9Y4D1;Q9Y4D1-2;Q9Y4D1-3	DAAM1_HUMAN	DAAM1	Disheveled-associated activator of morphogenesis 1	111778
Q9Y4D8;Q9Y4D8-4	Q9Y4D8;Q9Y4D8-4	HECD4_HUMAN	HECTD4	Probable E3 ubiquitin-protein ligase HECTD4	84497
Q9Y4E1;Q9Y4E1-1;Q9Y4E1-2;Q9Y4E1-3;Q9Y4E1-6	Q9Y4E1;Q9Y4E1-1;Q9Y4E1-2;Q9Y4E1-3;Q9Y4E1-5;Q9Y4E1-6	WAC2C_HUMAN	WASHC2C	WASH complex subunit 2C	203689
Q9Y4E5;Q9Y4E5-2	Q9Y4E5;Q9Y4E5-2	ZN451_HUMAN	ZNF451	E3 SUMO-protein ligase ZNF451	1.74689e+06
Q9Y4E6;Q9Y4E6-2	Q9Y4E6;Q9Y4E6-2	WDR7_HUMAN	WDR7	WD repeat-containing protein 7	128064
Q9Y4E8	Q9Y4E8;Q9Y4E8-2;Q9Y4E8-3;Q9Y4E8-4	UBP15_HUMAN	USP15	Ubiquitin carboxyl-terminal hydrolase 15	1.30493e+06
Q9Y4F1;Q9Y4F1-2	Q9Y4F1;Q9Y4F1-2	FARP1_HUMAN	FARP1	FERM, ARHGEF and pleckstrin domain-containing protein 1	141569
Q9Y4F3;Q9Y4F3-3;Q9Y4F3-4;Q9Y4F3-5	Q9Y4F3;Q9Y4F3-3;Q9Y4F3-4;Q9Y4F3-5	MARF1_HUMAN	MARF1	Meiosis regulator and mRNA stability factor 1	398113
Q9Y4F5;Q9Y4F5-2;Q9Y4F5-3	Q9Y4F5;Q9Y4F5-2;Q9Y4F5-3	C170B_HUMAN	CEP170B	Centrosomal protein of 170 kDa protein B	75014
Q9Y4F9;Q9Y4F9-2	Q9Y4F9;Q9Y4F9-2	RIPR2_HUMAN	RIPOR2	Rho family-interacting cell polarization regulator 2	2.55202e+06
Q9Y4G2	Q9Y4G2	PKHM1_HUMAN	PLEKHM1	Pleckstrin homology domain-containing family M member 1	26706
Q9Y4G6	Q9Y4G6	TLN2_HUMAN	TLN2	Talin-2	990885
Q9Y4G8	Q9Y4G8	RPGF2_HUMAN	RAPGEF2	Rap guanine nucleotide exchange factor 2	101509
Q9Y4H2	Q9Y4H2	IRS2_HUMAN	IRS2	Insulin receptor substrate 2	559951
Q9Y4I1;Q9Y4I1-2;Q9Y4I1-3	Q9Y4I1;Q9Y4I1-2;Q9Y4I1-3	MYO5A_HUMAN	MYO5A	Unconventional myosin-Va	218963
Q9Y4K0	Q9Y4K0	LOXL2_HUMAN	LOXL2	Lysyl oxidase homolog 2	50634
Q9Y4K1	Q9Y4K1	CRBG1_HUMAN	CRYBG1	Beta/gamma crystallin domain-containing protein 1	154484
Q9Y4K3	Q9Y4K3	TRAF6_HUMAN	TRAF6	TNF receptor-associated factor 6	23484
Q9Y4K4	Q9Y4K4	M4K5_HUMAN	MAP4K5	Mitogen-activated protein kinase kinase kinase kinase 5	194648
Q9Y4L1	Q9Y4L1;Q9Y4L1-2	HYOU1_HUMAN	HYOU1	Hypoxia up-regulated protein 1	1.18586e+07
Q9Y4P1;Q9Y4P1-2;Q9Y4P1-6	Q9Y4P1;Q9Y4P1-2;Q9Y4P1-3;Q9Y4P1-4;Q9Y4P1-6	ATG4B_HUMAN	ATG4B	Cysteine protease ATG4B	196652
Q9Y4P3	Q9Y4P3	TBL2_HUMAN	TBL2	Transducin beta-like protein 2	1.08533e+06
Q9Y4P8;Q9Y4P8-2;Q9Y4P8-4;Q9Y4P8-6	Q9Y4P8;Q9Y4P8-2;Q9Y4P8-3;Q9Y4P8-4;Q9Y4P8-5;Q9Y4P8-6	WIPI2_HUMAN	WIPI2	WD repeat domain phosphoinositide-interacting protein 2	236547
Q9Y4R8	Q9Y4R8	TELO2_HUMAN	TELO2	Telomere length regulation protein TEL2 homolog	677709
Q9Y4W2;Q9Y4W2-2	Q9Y4W2;Q9Y4W2-2;Q9Y4W2-3	LAS1L_HUMAN	LAS1L	Ribosomal biogenesis protein LAS1L	1.70729e+06
Q9Y4W6	Q9Y4W6	AFG32_HUMAN	AFG3L2	AFG3-like protein 2	2.49519e+06
Q9Y4X0;Q9Y4X0-3;Q9Y4X0-4	Q9Y4X0;Q9Y4X0-3;Q9Y4X0-4	AMMR1_HUMAN	AMMECR1	AMME syndrome candidate gene 1 protein	41177
Q9Y4X5	Q9Y4X5	ARI1_HUMAN	ARIH1	E3 ubiquitin-protein ligase ARIH1	1.17634e+06
Q9Y4Y9	Q9Y4Y9;Q9Y4Y9-2	LSM5_HUMAN	LSM5	U6 snRNA-associated Sm-like protein LSm5	497320
Q9Y4Z0	Q9Y4Z0	LSM4_HUMAN	LSM4	U6 snRNA-associated Sm-like protein LSm4	1.22042e+06
Q9Y508	Q9Y508;Q9Y508-2	RN114_HUMAN	RNF114	E3 ubiquitin-protein ligase RNF114	368058
Q9Y512	Q9Y512	SAM50_HUMAN	SAMM50	Sorting and assembly machinery component 50 homolog	3.62684e+06
Q9Y520;Q9Y520-5;Q9Y520-7	Q9Y520;Q9Y520-2;Q9Y520-4;Q9Y520-5;Q9Y520-6;Q9Y520-7	PRC2C_HUMAN	PRRC2C	Protein PRRC2C	4.06174e+06
Q9Y530	Q9Y530	OARD1_HUMAN	OARD1	ADP-ribose glycohydrolase OARD1	178618
Q9Y535;Q9Y535-2	Q9Y535;Q9Y535-2	RPC8_HUMAN	POLR3H	DNA-directed RNA polymerase III subunit RPC8	140027
Q9Y543;Q9Y543-2	Q9Y543;Q9Y543-2	HES2_HUMAN	HES2	Transcription factor HES-2	425672
Q9Y547	Q9Y547	IFT25_HUMAN	HSPB11	Intraflagellar transport protein 25 homolog	226356
Q9Y570;Q9Y570-4	Q9Y570;Q9Y570-2;Q9Y570-3;Q9Y570-4	PPME1_HUMAN	PPME1	Protein phosphatase methylesterase 1	1.97259e+06
Q9Y575;Q9Y575-2;Q9Y575-3	Q9Y575;Q9Y575-2;Q9Y575-3	ASB3_HUMAN	ASB3	Ankyrin repeat and SOCS box protein 3	49111
Q9Y580	Q9Y580	RBM7_HUMAN	RBM7	RNA-binding protein 7	115241
Q9Y584	Q9Y584	TIM22_HUMAN	TIMM22	Mitochondrial import inner membrane translocase subunit Tim22	68167
Q9Y587	Q9Y587;Q9Y587-2;Q9Y587-3;Q9Y587-4	AP4S1_HUMAN	AP4S1	AP-4 complex subunit sigma-1	66917
Q9Y597;Q9Y597-2	Q9Y597;Q9Y597-2	KCTD3_HUMAN	KCTD3	BTB/POZ domain-containing protein KCTD3	95449
Q9Y5A7;Q9Y5A7-2	Q9Y5A7;Q9Y5A7-2	NUB1_HUMAN	NUB1	NEDD8 ultimate buster 1	445686
Q9Y5A9	Q9Y5A9;Q9Y5A9-2	YTHD2_HUMAN	YTHDF2	YTH domain-containing family protein 2	939925
Q9Y5B0;Q9Y5B0-4	Q9Y5B0;Q9Y5B0-4	CTDP1_HUMAN	CTDP1	RNA polymerase II subunit A C-terminal domain phosphatase	377312
Q9Y5B6	Q9Y5B6	PAXB1_HUMAN	PAXBP1	PAX3- and PAX7-binding protein 1	728440
Q9Y5B8	Q9Y5B8	NDK7_HUMAN	NME7	Nucleoside diphosphate kinase 7	231782
Q9Y5B9	Q9Y5B9	SP16H_HUMAN	SUPT16H	FACT complex subunit SPT16	1.19001e+07
Q9Y5J1	Q9Y5J1	UTP18_HUMAN	UTP18	U3 small nucleolar RNA-associated protein 18 homolog	1.22513e+06
Q9Y5J5	Q9Y5J5	PHLA3_HUMAN	PHLDA3	Pleckstrin homology-like domain family A member 3	19120
Q9Y5J6	Q9Y5J6	T10B_HUMAN	TIMM10B	Mitochondrial import inner membrane translocase subunit Tim10 B	222585
Q9Y5J7	Q9Y5J7	TIM9_HUMAN	TIMM9	Mitochondrial import inner membrane translocase subunit Tim9	83075
Q9Y5J9	Q9Y5J9	TIM8B_HUMAN	TIMM8B	Mitochondrial import inner membrane translocase subunit Tim8 B	62644
Q9Y5K5;Q9Y5K5-2;Q9Y5K5-3;Q9Y5K5-4	Q9Y5K5;Q9Y5K5-2;Q9Y5K5-3;Q9Y5K5-4	UCHL5_HUMAN	UCHL5	Ubiquitin carboxyl-terminal hydrolase isozyme L5	2.42903e+06
Q9Y5K6	Q9Y5K6	CD2AP_HUMAN	CD2AP	CD2-associated protein	957715
Q9Y5K8	Q9Y5K8	VATD_HUMAN	ATP6V1D	V-type proton ATPase subunit D	342467
Q9Y5L0;Q9Y5L0-3	Q9Y5L0;Q9Y5L0-1;Q9Y5L0-3;Q9Y5L0-5	TNPO3_HUMAN	TNPO3	Transportin-3	2.00578e+06
Q9Y5L4	Q9Y5L4	TIM13_HUMAN	TIMM13	Mitochondrial import inner membrane translocase subunit Tim13	1.64209e+06
Q9Y5M8	Q9Y5M8	SRPRB_HUMAN	SRPRB	Signal recognition particle receptor subunit beta	3.40318e+06
Q9Y5N5;Q9Y5N5-2	Q9Y5N5;Q9Y5N5-2	N6MT1_HUMAN	N6AMT1	Methyltransferase N6AMT1	19371
Q9Y5N6	Q9Y5N6	ORC6_HUMAN	ORC6	Origin recognition complex subunit 6	73956
Q9Y5P4;Q9Y5P4-2;Q9Y5P4-3	Q9Y5P4;Q9Y5P4-2;Q9Y5P4-3	CERT_HUMAN	CERT1	Ceramide transfer protein	852235
Q9Y5P6;Q9Y5P6-2	Q9Y5P6;Q9Y5P6-2	GMPPB_HUMAN	GMPPB	Mannose-1-phosphate guanyltransferase beta	476868
Q9Y5Q8;Q9Y5Q8-2;Q9Y5Q8-3	Q9Y5Q8;Q9Y5Q8-2;Q9Y5Q8-3	TF3C5_HUMAN	GTF3C5	General transcription factor 3C polypeptide 5	1.3209e+06
Q9Y5Q9	Q9Y5Q9	TF3C3_HUMAN	GTF3C3	General transcription factor 3C polypeptide 3	1.02529e+06
Q9Y5R8	Q9Y5R8	TPPC1_HUMAN	TRAPPC1	Trafficking protein particle complex subunit 1	284956
Q9Y5S2	Q9Y5S2	MRCKB_HUMAN	CDC42BPB	Serine/threonine-protein kinase MRCK beta	702622
Q9Y5S9	Q9Y5S9;Q9Y5S9-2	RBM8A_HUMAN	RBM8A	RNA-binding protein 8A	2.53914e+06
Q9Y5T5;Q9Y5T5-2;Q9Y5T5-3	Q9Y5T5;Q9Y5T5-2;Q9Y5T5-3;Q9Y5T5-4	UBP16_HUMAN	USP16	Ubiquitin carboxyl-terminal hydrolase 16	2.44279e+06
Q9Y5U2;Q9Y5U2-2	Q9Y5U2;Q9Y5U2-2	TSSC4_HUMAN	TSSC4	Protein TSSC4	140692
Q9Y5U9	Q9Y5U9	IR3IP_HUMAN	IER3IP1	Immediate early response 3-interacting protein 1	59469
Q9Y5X1	Q9Y5X1	SNX9_HUMAN	SNX9	Sorting nexin-9	532240
Q9Y5X2	Q9Y5X2	SNX8_HUMAN	SNX8	Sorting nexin-8	74287
Q9Y5X3	Q9Y5X3	SNX5_HUMAN	SNX5	Sorting nexin-5	1.68591e+06
Q9Y5Y0	Q9Y5Y0;Q9Y5Y0-2	FLVC1_HUMAN	FLVCR1	Feline leukemia virus subgroup C receptor-related protein 1	339444
Q9Y5Y2	Q9Y5Y2	NUBP2_HUMAN	NUBP2	Cytosolic Fe-S cluster assembly factor NUBP2	279576
Q9Y5Y5;Q9Y5Y5-2	Q9Y5Y5;Q9Y5Y5-2	PEX16_HUMAN	PEX16	Peroxisomal membrane protein PEX16	168653
Q9Y5Z4;Q9Y5Z4-2	Q9Y5Z4;Q9Y5Z4-2	HEBP2_HUMAN	HEBP2	Heme-binding protein 2	145043
Q9Y5Z7	Q9Y5Z7	HCFC2_HUMAN	HCFC2	Host cell factor 2	131846
Q9Y5Z9;Q9Y5Z9-2	Q9Y5Z9;Q9Y5Z9-2	UBIA1_HUMAN	UBIAD1	UbiA prenyltransferase domain-containing protein 1	24014
Q9Y605	Q9Y605	MOFA1_HUMAN	MRFAP1	MORF4 family-associated protein 1	23988
Q9Y606;Q9Y606-2	Q9Y606;Q9Y606-2	TRUA_HUMAN	PUS1	tRNA pseudouridine synthase A	1.08966e+06
Q9Y608;Q9Y608-2;Q9Y608-4;Q9Y608-5	Q9Y608;Q9Y608-2;Q9Y608-4;Q9Y608-5	LRRF2_HUMAN	LRRFIP2	Leucine-rich repeat flightless-interacting protein 2	371498
Q9Y613	Q9Y613	FHOD1_HUMAN	FHOD1	FH1/FH2 domain-containing protein 1	1.26391e+06
Q9Y616;Q9Y616-2	Q9Y616;Q9Y616-2	IRAK3_HUMAN	IRAK3	Interleukin-1 receptor-associated kinase 3	760450
Q9Y617	Q9Y617;Q9Y617-2	SERC_HUMAN	PSAT1	Phosphoserine aminotransferase	8.96089e+06
Q9Y618;Q9Y618-4;Q9Y618-5	Q9Y618;Q9Y618-2;Q9Y618-4;Q9Y618-5	NCOR2_HUMAN	NCOR2	Nuclear receptor corepressor 2	943698
Q9Y619	Q9Y619	ORNT1_HUMAN	SLC25A15	Mitochondrial ornithine transporter 1	213833
Q9Y620	Q9Y620	RA54B_HUMAN	RAD54B	DNA repair and recombination protein RAD54B	203290
Q9Y624	Q9Y624	JAM1_HUMAN	F11R	Junctional adhesion molecule A	254749
Q9Y639;Q9Y639-1;Q9Y639-3;Q9Y639-5	Q9Y639;Q9Y639-1;Q9Y639-3;Q9Y639-5	NPTN_HUMAN	NPTN	Neuroplastin	761822
Q9Y653;Q9Y653-2;Q9Y653-3;Q9Y653-4;Q9Y653-5	Q9Y653;Q9Y653-2;Q9Y653-3;Q9Y653-4;Q9Y653-5	AGRG1_HUMAN	ADGRG1	Adhesion G-protein coupled receptor G1	27752
Q9Y657	Q9Y657	SPIN1_HUMAN	SPIN1	Spindlin-1	445884
Q9Y664	Q9Y664	KPTN_HUMAN	KPTN	KICSTOR complex protein kaptin	46705
Q9Y666	Q9Y666	S12A7_HUMAN	SLC12A7	Solute carrier family 12 member 7	116142
Q9Y672	Q9Y672	ALG6_HUMAN	ALG6	Dolichyl pyrophosphate Man9GlcNAc2 alpha-1,3-glucosyltransferase	124676
Q9Y673;Q9Y673-2	Q9Y673;Q9Y673-2	ALG5_HUMAN	ALG5	Dolichyl-phosphate beta-glucosyltransferase	555619
Q9Y676	Q9Y676	RT18B_HUMAN	MRPS18B	28S ribosomal protein S18b, mitochondrial	861011
Q9Y678	Q9Y678	COPG1_HUMAN	COPG1	Coatomer subunit gamma-1	4.50606e+06
Q9Y679	Q9Y679;Q9Y679-3	AUP1_HUMAN	AUP1	Ancient ubiquitous protein 1	210245
Q9Y696	Q9Y696	CLIC4_HUMAN	CLIC4	Chloride intracellular channel protein 4	3.49684e+06
Q9Y697;Q9Y697-2	Q9Y697;Q9Y697-2;Q9Y697-3	NFS1_HUMAN	NFS1	Cysteine desulfurase, mitochondrial	651426
Q9Y6A1;Q9Y6A1-2;Q9Y6A1-3;Q9Y6A1-4	Q9Y6A1;Q9Y6A1-2;Q9Y6A1-3;Q9Y6A1-4	POMT1_HUMAN	POMT1	Protein O-mannosyl-transferase 1	26093
Q9Y6A4	Q9Y6A4	CFA20_HUMAN	CFAP20	Cilia- and flagella-associated protein 20	636373
Q9Y6A5	Q9Y6A5	TACC3_HUMAN	TACC3	Transforming acidic coiled-coil-containing protein 3	458967
Q9Y6A9	Q9Y6A9	SPCS1_HUMAN	SPCS1	Signal peptidase complex subunit 1	802487
Q9Y6B6	Q9Y6B6	SAR1B_HUMAN	SAR1B	GTP-binding protein SAR1b	483756
Q9Y6B7	Q9Y6B7	AP4B1_HUMAN	AP4B1	AP-4 complex subunit beta-1	117666
Q9Y6C9	Q9Y6C9	MTCH2_HUMAN	MTCH2	Mitochondrial carrier homolog 2	4.1211e+06
Q9Y6D5	Q9Y6D5	BIG2_HUMAN	ARFGEF2	Brefeldin A-inhibited guanine nucleotide-exchange protein 2	845958
Q9Y6D5;Q9Y6D6	Q9Y6D5;Q9Y6D6	BIG1_HUMAN;BIG2_HUMAN	ARFGEF1;ARFGEF2	Brefeldin A-inhibited guanine nucleotide-exchange protein 2	492087
Q9Y6D6	Q9Y6D6	BIG1_HUMAN	ARFGEF1	Brefeldin A-inhibited guanine nucleotide-exchange protein 1	1.06509e+06
Q9Y6D9	Q9Y6D9;Q9Y6D9-3	MD1L1_HUMAN	MAD1L1	Mitotic spindle assembly checkpoint protein MAD1	2.6966e+06
Q9Y6E0	Q9Y6E0;Q9Y6E0-2	STK24_HUMAN	STK24	Serine/threonine-protein kinase 24	1.39664e+06
Q9Y6E2	Q9Y6E2	BZW2_HUMAN	BZW2	Basic leucine zipper and W2 domain-containing protein 2	3.00202e+06
Q9Y6G3	Q9Y6G3	RM42_HUMAN	MRPL42	39S ribosomal protein L42, mitochondrial	123872
Q9Y6G5	Q9Y6G5	COMDA_HUMAN	COMMD10	COMM domain-containing protein 10	220346
Q9Y6G9	Q9Y6G9	DC1L1_HUMAN	DYNC1LI1	Cytoplasmic dynein 1 light intermediate chain 1	1.5594e+06
Q9Y6H1	Q9Y6H1;Q5T1J5	CHCH2_HUMAN	CHCHD2	Coiled-coil-helix-coiled-coil-helix domain-containing protein 2	970901
Q9Y6I3;Q9Y6I3-1;Q9Y6I3-3	Q9Y6I3;Q9Y6I3-1;Q9Y6I3-3	EPN1_HUMAN	EPN1	Epsin-1	469597
Q9Y6I4	Q9Y6I4;Q9Y6I4-2	UBP3_HUMAN	USP3	Ubiquitin carboxyl-terminal hydrolase 3	322908
Q9Y6I9	Q9Y6I9	TX264_HUMAN	TEX264	Testis-expressed protein 264	89216
Q9Y6J9	Q9Y6J9	TAF6L_HUMAN	TAF6L	TAF6-like RNA polymerase II p300/CBP-associated factor-associated factor 65 kDa subunit 6L	157739
Q9Y6K0	Q9Y6K0	CEPT1_HUMAN	CEPT1	Choline/ethanolaminephosphotransferase 1	53454
Q9Y6K1	Q9Y6K1;Q9Y6K1-2	DNM3A_HUMAN	DNMT3A	DNA (cytosine-5)-methyltransferase 3A	343280
Q9Y6K5	Q9Y6K5	OAS3_HUMAN	OAS3	2'-5'-oligoadenylate synthase 3	1.14767e+06
Q9Y6K9;Q9Y6K9-2	Q9Y6K9;Q9Y6K9-2	NEMO_HUMAN	IKBKG	NF-kappa-B essential modulator	263383
Q9Y6L7	Q9Y6L7	TLL2_HUMAN	TLL2	Tolloid-like protein 2	50340
Q9Y6M0;Q9Y6M0-2	Q9Y6M0;Q9Y6M0-2;Q9Y6M0-3	TEST_HUMAN	PRSS21	Testisin	290418
Q9Y6M1;Q9Y6M1-1;Q9Y6M1-3;Q9Y6M1-4;Q9Y6M1-5;Q9Y6M1-6	Q9Y6M1;Q9Y6M1-1;Q9Y6M1-3;Q9Y6M1-4;Q9Y6M1-5;Q9Y6M1-6	IF2B2_HUMAN	IGF2BP2	Insulin-like growth factor 2 mRNA-binding protein 2	104256
Q9Y6M4;Q9Y6M4-2;Q9Y6M4-3;Q9Y6M4-4	Q9Y6M4;Q9Y6M4-2;Q9Y6M4-3;Q9Y6M4-4;Q9Y6M4-5;Q9Y6M4-6	KC1G3_HUMAN	CSNK1G3	Casein kinase I isoform gamma-3	47391
Q9Y6M5	Q9Y6M5	ZNT1_HUMAN	SLC30A1	Zinc transporter 1	744987
Q9Y6M7;Q9Y6M7-12;Q9Y6M7-13;Q9Y6M7-2;Q9Y6M7-3;Q9Y6M7-4;Q9Y6M7-6;Q9Y6M7-7;Q9Y6M7-8;Q9Y6M7-9	Q9Y6M7;Q9Y6M7-2;Q9Y6M7-3;Q9Y6M7-4;Q9Y6M7-5;Q9Y6M7-6;Q9Y6M7-7;Q9Y6M7-8;Q9Y6M7-9;Q9Y6M7-10;Q9Y6M7-11;Q9Y6M7-12;Q9Y6M7-13;Q9Y6M7-14	S4A7_HUMAN	SLC4A7	Sodium bicarbonate cotransporter 3	270029
Q9Y6M9	Q9Y6M9	NDUB9_HUMAN	NDUFB9	NADH dehydrogenase [ubiquinone] 1 beta subcomplex subunit 9	870239
Q9Y6N1;Q9Y6N1-2	Q9Y6N1;Q9Y6N1-2	COX11_HUMAN	COX11	Cytochrome c oxidase assembly protein COX11, mitochondrial	39985
Q9Y6N5	Q9Y6N5	SQOR_HUMAN	SQOR	Sulfide:quinone oxidoreductase, mitochondrial	1.54328e+06
Q9Y6N7;Q9Y6N7-2;Q9Y6N7-3;Q9Y6N7-4;Q9Y6N7-5	Q9Y6N7;Q9Y6N7-2;Q9Y6N7-3;Q9Y6N7-4;Q9Y6N7-5;Q9Y6N7-6	ROBO1_HUMAN	ROBO1	Roundabout homolog 1	167302
Q9Y6P5;Q9Y6P5-2;Q9Y6P5-3	Q9Y6P5;Q9Y6P5-2;Q9Y6P5-3	SESN1_HUMAN	SESN1	Sestrin-1	9591
Q9Y6Q9;Q9Y6Q9-2;Q9Y6Q9-3;Q9Y6Q9-4;Q9Y6Q9-5	Q9Y6Q9;Q9Y6Q9-2;Q9Y6Q9-3;Q9Y6Q9-4;Q9Y6Q9-5	NCOA3_HUMAN	NCOA3	Nuclear receptor coactivator 3	87834
Q9Y6R0	Q9Y6R0	NUMBL_HUMAN	NUMBL	Numb-like protein	266523
Q9Y6V7	Q9Y6V7	DDX49_HUMAN	DDX49	Probable ATP-dependent RNA helicase DDX49	226598
Q9Y6W3	Q9Y6W3	CAN7_HUMAN	CAPN7	Calpain-7	254851
Q9Y6W5	Q9Y6W5	WASF2_HUMAN	WASF2	Wiskott-Aldrich syndrome protein family member 2	141865
Q9Y6X3	Q9Y6X3	SCC4_HUMAN	MAU2	MAU2 chromatid cohesion factor homolog	126119
Q9Y6X9;Q9Y6X9-2	Q9Y6X9;Q9Y6X9-2	MORC2_HUMAN	MORC2	ATPase MORC2	19697
Q9Y6Y0	Q9Y6Y0	NS1BP_HUMAN	IVNS1ABP	Influenza virus NS1A-binding protein	87516
Q9Y6Y8	Q9Y6Y8;Q9Y6Y8-2	S23IP_HUMAN	SEC23IP	SEC23-interacting protein	772483
contaminant_GR78_KLULA	P11021;contaminant_GR78_HUMAN;contaminant_GR78_KLULA;contaminant_GR78_MESAU;contaminant_GR78_MOUSE;contaminant_GR78_RAT;contaminant_GR78_YEAST	owl|P22010|	owl|P22010|		4.80269e+06
contaminant_GR78_KLULA;contaminant_GR78_SCHPO	contaminant_GR78_KLULA;contaminant_GR78_SCHPO;contaminant_GR78_YEAST	owl|P22010|;owl|P36604|	owl|P22010|;owl|P36604|		1.14206e+06
contaminant_GR78_LYCES	contaminant_GR78_LYCES	owl|P49118|	owl|P49118|		502677
contaminant_GR78_PLAFO	contaminant_GR78_PLAFO	owl|Q05866|	owl|Q05866|		4.51851e+06
contaminant_GR78_SCHPO	contaminant_GR78_SCHPO	owl|P36604|	owl|P36604|		5.03267e+06
contaminant_INT-STD1	P02768;contaminant_INT-STD1	BSA	BSA		2.50036e+07
